{
  "type": "FeatureCollection",
  "name": "경주 테마별 도보 코스",
  "generator": "OpenStreetMap FOSSGIS OSRM foot, all eight theme paths checked and saved 2026-10-07",
  "checkedAt": "2026-10-07",
  "features": [
    {
      "type": "Feature",
      "id": "gyeongju-royal",
      "geometry": {
        "type": "MultiLineString",
        "coordinates": [
          [
            [
              129.21,
              35.837412
            ],
            [
              129.210013,
              35.837311
            ],
            [
              129.209701,
              35.837433
            ],
            [
              129.209694,
              35.837349
            ],
            [
              129.209641,
              35.836671
            ],
            [
              129.209622,
              35.836422
            ],
            [
              129.209519,
              35.835515
            ],
            [
              129.209502,
              35.835276
            ],
            [
              129.209462,
              35.834711
            ],
            [
              129.209466,
              35.834362
            ],
            [
              129.209467,
              35.834285
            ],
            [
              129.209466,
              35.834362
            ],
            [
              129.209462,
              35.834711
            ],
            [
              129.209962,
              35.834668
            ],
            [
              129.210177,
              35.834649
            ],
            [
              129.210169,
              35.835445
            ],
            [
              129.210015,
              35.835462
            ],
            [
              129.209519,
              35.835515
            ],
            [
              129.209622,
              35.836422
            ],
            [
              129.209336,
              35.836473
            ],
            [
              129.209332,
              35.836912
            ],
            [
              129.20933,
              35.837205
            ],
            [
              129.209313,
              35.837471
            ],
            [
              129.209312,
              35.837588
            ],
            [
              129.209309,
              35.837848
            ],
            [
              129.209308,
              35.837922
            ],
            [
              129.209305,
              35.838129
            ],
            [
              129.209304,
              35.838241
            ],
            [
              129.209243,
              35.838366
            ],
            [
              129.209105,
              35.83865
            ],
            [
              129.209282,
              35.838724
            ],
            [
              129.209373,
              35.838763
            ],
            [
              129.209786,
              35.838936
            ],
            [
              129.209866,
              35.83897
            ],
            [
              129.209918,
              35.839525
            ],
            [
              129.2108,
              35.83975
            ],
            [
              129.210867,
              35.839573
            ],
            [
              129.211031,
              35.839117
            ],
            [
              129.211374,
              35.839272
            ],
            [
              129.211599,
              35.839418
            ],
            [
              129.211805,
              35.83949
            ],
            [
              129.212016,
              35.839486
            ],
            [
              129.212245,
              35.839408
            ],
            [
              129.212566,
              35.839276
            ],
            [
              129.212707,
              35.839201
            ],
            [
              129.212672,
              35.839073
            ],
            [
              129.212715,
              35.838961
            ],
            [
              129.212733,
              35.838913
            ],
            [
              129.212727,
              35.838861
            ],
            [
              129.212693,
              35.838814
            ],
            [
              129.212625,
              35.838755
            ],
            [
              129.212602,
              35.838691
            ],
            [
              129.212575,
              35.838638
            ],
            [
              129.212529,
              35.83861
            ],
            [
              129.212447,
              35.838566
            ],
            [
              129.212396,
              35.838526
            ],
            [
              129.212374,
              35.83848
            ],
            [
              129.212376,
              35.83843
            ],
            [
              129.212402,
              35.838385
            ],
            [
              129.212449,
              35.838353
            ],
            [
              129.212507,
              35.838337
            ],
            [
              129.212568,
              35.838342
            ],
            [
              129.212622,
              35.838366
            ],
            [
              129.21269,
              35.838382
            ],
            [
              129.212769,
              35.838381
            ],
            [
              129.212835,
              35.838374
            ],
            [
              129.212896,
              35.838352
            ],
            [
              129.212946,
              35.838315
            ],
            [
              129.21298,
              35.838268
            ],
            [
              129.213224,
              35.838296
            ],
            [
              129.213311,
              35.838307
            ],
            [
              129.213474,
              35.838329
            ],
            [
              129.213465,
              35.838294
            ],
            [
              129.213502,
              35.838167
            ],
            [
              129.213628,
              35.837918
            ],
            [
              129.213628,
              35.837835
            ],
            [
              129.2137,
              35.837658
            ],
            [
              129.213722,
              35.837566
            ],
            [
              129.213872,
              35.837414
            ],
            [
              129.213969,
              35.837147
            ],
            [
              129.213921,
              35.836791
            ],
            [
              129.214004,
              35.836669
            ],
            [
              129.214194,
              35.836565
            ],
            [
              129.214721,
              35.835947
            ],
            [
              129.214783,
              35.83576
            ],
            [
              129.214828,
              35.835673
            ],
            [
              129.214936,
              35.835684
            ],
            [
              129.215167,
              35.835552
            ],
            [
              129.215243,
              35.835467
            ],
            [
              129.215578,
              35.835665
            ],
            [
              129.215646,
              35.835763
            ],
            [
              129.215696,
              35.835741
            ],
            [
              129.215768,
              35.835708
            ],
            [
              129.21591,
              35.835561
            ],
            [
              129.216007,
              35.835475
            ],
            [
              129.216318,
              35.835125
            ],
            [
              129.216592,
              35.834873
            ],
            [
              129.216692,
              35.834778
            ],
            [
              129.216801,
              35.83467
            ],
            [
              129.216925,
              35.83454
            ],
            [
              129.217034,
              35.83444
            ],
            [
              129.217152,
              35.834355
            ],
            [
              129.217302,
              35.834297
            ],
            [
              129.217467,
              35.834265
            ],
            [
              129.217691,
              35.834248
            ],
            [
              129.217957,
              35.834244
            ],
            [
              129.218362,
              35.834273
            ],
            [
              129.218538,
              35.834291
            ],
            [
              129.218589,
              35.834305
            ],
            [
              129.218637,
              35.834397
            ],
            [
              129.218749,
              35.834474
            ],
            [
              129.218744,
              35.834564
            ],
            [
              129.218708,
              35.83464
            ],
            [
              129.218734,
              35.834743
            ],
            [
              129.218783,
              35.834842
            ],
            [
              129.21891,
              35.834896
            ],
            [
              129.218995,
              35.834897
            ],
            [
              129.21891,
              35.834896
            ],
            [
              129.218783,
              35.834842
            ],
            [
              129.218734,
              35.834743
            ],
            [
              129.218708,
              35.83464
            ],
            [
              129.218744,
              35.834564
            ],
            [
              129.218749,
              35.834474
            ],
            [
              129.218637,
              35.834397
            ],
            [
              129.218589,
              35.834305
            ],
            [
              129.218889,
              35.834336
            ],
            [
              129.219551,
              35.834383
            ],
            [
              129.219921,
              35.834421
            ],
            [
              129.220342,
              35.834015
            ],
            [
              129.220569,
              35.833914
            ],
            [
              129.220772,
              35.833853
            ],
            [
              129.22082,
              35.833788
            ],
            [
              129.220955,
              35.833595
            ],
            [
              129.221072,
              35.833369
            ],
            [
              129.221164,
              35.833208
            ],
            [
              129.221546,
              35.833334
            ],
            [
              129.221706,
              35.833374
            ],
            [
              129.221899,
              35.833417
            ],
            [
              129.221977,
              35.833427
            ],
            [
              129.222043,
              35.833426
            ],
            [
              129.222082,
              35.83341
            ],
            [
              129.222094,
              35.833357
            ],
            [
              129.222385,
              35.833431
            ],
            [
              129.222675,
              35.833497
            ],
            [
              129.222791,
              35.833537
            ],
            [
              129.223081,
              35.833652
            ],
            [
              129.22323,
              35.833675
            ],
            [
              129.223459,
              35.833706
            ],
            [
              129.223677,
              35.83377
            ],
            [
              129.22377,
              35.833779
            ],
            [
              129.223982,
              35.833768
            ],
            [
              129.224136,
              35.833809
            ],
            [
              129.224205,
              35.833849
            ],
            [
              129.224263,
              35.83391
            ],
            [
              129.224746,
              35.833874
            ],
            [
              129.224936,
              35.833864
            ],
            [
              129.225047,
              35.833926
            ],
            [
              129.225248,
              35.833804
            ],
            [
              129.225359,
              35.83374
            ],
            [
              129.225377,
              35.83376
            ],
            [
              129.225406,
              35.833795
            ],
            [
              129.225458,
              35.833857
            ],
            [
              129.225735,
              35.833702
            ],
            [
              129.226397,
              35.833328
            ],
            [
              129.226501,
              35.833273
            ],
            [
              129.226651,
              35.833295
            ],
            [
              129.226761,
              35.833305
            ],
            [
              129.226765,
              35.833382
            ],
            [
              129.226753,
              35.833478
            ],
            [
              129.226718,
              35.833515
            ],
            [
              129.226696,
              35.833742
            ],
            [
              129.226668,
              35.833842
            ],
            [
              129.226589,
              35.834039
            ],
            [
              129.22653,
              35.83443
            ],
            [
              129.226494,
              35.834431
            ],
            [
              129.226467,
              35.834696
            ]
          ]
        ]
      },
      "properties": {
        "id": "gyeongju-royal",
        "region": "gyeongju",
        "themeId": "royal",
        "title": "왕경·황리단길",
        "stops": [
          {
            "sequence": 1,
            "placeId": "j3",
            "name": "황리단길",
            "category": "market",
            "lat": 35.8374081139238,
            "lon": 129.209953809161,
            "routeSnapMeters": 4,
            "locationText": "경주시 포석로 1080 일대 · 거리 대표점",
            "scheduleText": "거리 산책에 공통 운영시간은 없습니다. 개별 먹거리·기념품 점포의 시간·휴무·가격은 각각 확인해야 합니다.",
            "priceInfo": {
              "label": "황리단길 거리 산책",
              "price": "무료",
              "checked": "2026-10-06",
              "source": "https://www.gyeongju.go.kr/hwangridan/index.nm",
              "note": "개별 점포의 음식·상품 구매는 별도 비용."
            }
          },
          {
            "sequence": 2,
            "placeId": "j103",
            "name": "미피스토어 경주",
            "category": "books",
            "lat": 35.8342864664,
            "lon": 129.2095850345,
            "routeSnapMeters": 11,
            "locationText": "경주시 포석로 1046 1층",
            "scheduleText": "카카오맵 10:00~20:00 표시. 방문일 재확인.",
            "priceInfo": {
              "label": "캐릭터 소품",
              "price": "품목별 가격 미확인",
              "checked": "2026-10-06",
              "source": "https://place.map.kakao.com/210891597",
              "note": "입장료와 상품값은 매장 확인."
            }
          },
          {
            "sequence": 3,
            "placeId": "j38",
            "name": "스컹크웍스",
            "category": "cafe",
            "lat": 35.8355972750305,
            "lon": 129.210037456348,
            "routeSnapMeters": 15,
            "locationText": "경주시 포석로 1058-3",
            "scheduleText": "경주시 관광 안내 매일 10:00~22:00. 방문일 재확인.",
            "priceInfo": {
              "label": "아메리카노",
              "price": "5,500원",
              "checked": "2026-10-06",
              "source": "https://www.diningcode.com/profile.php?rid=qEmeVMYzMxCc",
              "note": "다이닝코드 조회 가격. 동동라떼 6,500원, 자몽티 6,000원 등록. 방문 전 현행 메뉴와 가격 확인."
            }
          },
          {
            "sequence": 4,
            "placeId": "j142",
            "name": "소향몽",
            "category": "food",
            "lat": 35.83784822,
            "lon": 129.20933685,
            "routeSnapMeters": 3,
            "locationText": "경주시 사정로57번길 16 1층",
            "scheduleText": "매일 11:00–15:00 / 17:00–21:00 · 브레이크: 15:00–17:00",
            "priceInfo": {
              "label": "육회비빔밥",
              "price": "17,000원",
              "source": "https://www.diningcode.com/profile.php?rid=jWukVMJerlqJ",
              "checked": "2026-10-06",
              "note": "육회비빔밥 17,000원 · 감태육회주먹밥 12,000원 · 궁중소갈비찜 28,000원 · 통새우햇미나리전 16,000원 · 육회물회 14,000원. 과거 후기의 육전·차돌삼합 현재 판매 여부 미확인. 현재 DC 가격과 메뉴 구분."
            },
            "mealRole": "lunch"
          },
          {
            "sequence": 5,
            "placeId": "j84",
            "name": "최영화빵 황리단점",
            "category": "market",
            "lat": 35.838964936,
            "lon": 129.2097679454,
            "routeSnapMeters": 4,
            "locationText": "경주시 포석로1095번길 2",
            "scheduleText": "방문 기록 09:00~18:00. 본점의 운영시간과 가격을 이 지점에 적용하지 않습니다.",
            "priceInfo": {
              "label": "팥빵 1개",
              "price": "1,200원",
              "checked": "2026-10-06",
              "source": "https://www.gajagoapp.kr/%EA%B2%BD%EC%A3%BC-%ED%99%A9%EB%82%A8%EB%B9%B5",
              "note": "카카오 연동 메뉴판에 10개 12,000원·20개 24,000원. 본점 1,400원과 달라 현장 재확인."
            }
          },
          {
            "sequence": 6,
            "placeId": "j4",
            "name": "대릉원",
            "category": "culture",
            "lat": 35.838191058762,
            "lon": 129.213333992314,
            "routeSnapMeters": 13,
            "locationText": "경주시 황남동 · 유적 전체의 대표점",
            "scheduleText": "경주시 관광 09:00~22:00, 매표 마감 21:30. 천마총 내부 관람은 별도 유료.",
            "priceInfo": {
              "label": "대릉원 공원 산책",
              "price": "무료",
              "checked": "2026-10-06",
              "source": "https://www.gyeongju.go.kr/tour/page.do?area_uid=203&cmd=2&code_uid=1012&mnu_uid=4716",
              "note": "천마총 내부는 별도 유료. 현행 세부요금 미확인."
            }
          },
          {
            "sequence": 7,
            "placeId": "j1",
            "name": "첨성대",
            "category": "culture",
            "lat": 35.834714812336,
            "lon": 129.219000182596,
            "routeSnapMeters": 20,
            "locationText": "경주시 인왕동 839-1 · 시내 유적권",
            "scheduleText": "경주시 관광 안내 09:00~22:00, 동절기 21:00까지. 앱은 21:00로 보수적으로 계산",
            "priceInfo": {
              "label": "첨성대 외부 관람",
              "price": "무료",
              "checked": "2026-10-06",
              "source": "https://www.gyeongju.go.kr/tour/page.do?area_uid=47&cmd=2&code_uid=1012&mnu_uid=4716"
            }
          },
          {
            "sequence": 8,
            "placeId": "j2",
            "name": "동궁과 월지",
            "category": "culture",
            "lat": 35.8347762643542,
            "lon": 129.226975518857,
            "routeSnapMeters": 47,
            "locationText": "경주시 원화로 102 · 시내 유적권",
            "scheduleText": "경주시 관광 안내 09:00~22:00, 입장 마감 21:30. 방문일 재확인",
            "priceInfo": {
              "label": "일반 입장료",
              "price": "성인 3,000원",
              "checked": "2026-10-06",
              "source": "https://www.gyeongju.go.kr/tour/page.do?area_uid=50&cmd=2&code_uid=1012&mnu_uid=4716",
              "note": "청소년 2,000원·어린이 1,000원. 발권·입장 마감 21:30."
            }
          }
        ],
        "stopCount": 8,
        "distanceMeters": 3675,
        "walkingMinutes": 49,
        "checkedAt": "2026-10-07",
        "profile": "foot",
        "source": "OpenStreetMap FOSSGIS OSRM foot, saved walking network route checked 2026-10-07",
        "mapData": "© OpenStreetMap contributors",
        "maxPlaceSnapMeters": 47,
        "accessNotes": [
          "도심 숙소권에서 도보로 테마 구간에 합류하는 일정입니다.",
          "출발·도착 기본 권역: 시내 숙소권. 개별 숙소는 선택하지 않았고 숙소 핀은 지도에 표시하지 않습니다.",
          "길선은 보행 구간만 저장했습니다. 버스 구간을 직선이나 도보선으로 그리지 않았습니다."
        ],
        "returnTransitChecked": false,
        "hoursAreDaySpecific": false,
        "placePool": [
          {
            "sequence": 1,
            "placeId": "j3",
            "name": "황리단길",
            "category": "market",
            "lat": 35.8374081139238,
            "lon": 129.209953809161,
            "routeSnapMeters": 13,
            "locationText": "경주시 포석로 1080 일대 · 거리 대표점"
          },
          {
            "sequence": 2,
            "placeId": "j142",
            "name": "소향몽",
            "category": "food",
            "lat": 35.83784822,
            "lon": 129.20933685,
            "routeSnapMeters": 3,
            "locationText": "경주시 사정로57번길 16 1층"
          },
          {
            "sequence": 3,
            "placeId": "j139",
            "name": "향화정",
            "category": "food",
            "lat": 35.83800982,
            "lon": 129.20919354,
            "routeSnapMeters": 10,
            "locationText": "경주시 사정로57번길 17"
          },
          {
            "sequence": 4,
            "placeId": "j84",
            "name": "최영화빵 황리단점",
            "category": "market",
            "lat": 35.838964936,
            "lon": 129.2097679454,
            "routeSnapMeters": 4,
            "locationText": "경주시 포석로1095번길 2"
          },
          {
            "sequence": 5,
            "placeId": "j40",
            "name": "황남빵",
            "category": "market",
            "lat": 35.8408398161359,
            "lon": 129.21364442351,
            "routeSnapMeters": 14,
            "locationText": "경주시 태종로 783 · 본점 대표점"
          },
          {
            "sequence": 6,
            "placeId": "j4",
            "name": "대릉원",
            "category": "culture",
            "lat": 35.838191058762,
            "lon": 129.213333992314,
            "routeSnapMeters": 13,
            "locationText": "경주시 황남동 · 유적 전체의 대표점"
          },
          {
            "sequence": 7,
            "placeId": "j38",
            "name": "스컹크웍스",
            "category": "cafe",
            "lat": 35.8355972750305,
            "lon": 129.210037456348,
            "routeSnapMeters": 15,
            "locationText": "경주시 포석로 1058-3"
          },
          {
            "sequence": 8,
            "placeId": "j103",
            "name": "미피스토어 경주",
            "category": "books",
            "lat": 35.8342864664,
            "lon": 129.2095850345,
            "routeSnapMeters": 11,
            "locationText": "경주시 포석로 1046 1층"
          },
          {
            "sequence": 9,
            "placeId": "j1",
            "name": "첨성대",
            "category": "culture",
            "lat": 35.834714812336,
            "lon": 129.219000182596,
            "routeSnapMeters": 20,
            "locationText": "경주시 인왕동 839-1 · 시내 유적권"
          },
          {
            "sequence": 10,
            "placeId": "j2",
            "name": "동궁과 월지",
            "category": "culture",
            "lat": 35.8347762643542,
            "lon": 129.226975518857,
            "routeSnapMeters": 47,
            "locationText": "경주시 원화로 102 · 시내 유적권"
          }
        ],
        "placePoolCount": 10,
        "themePlaceCount": 10,
        "walkingDistanceMeters": 3675,
        "geometryMode": "walking-segments-only",
        "originArea": "경주 시내 숙소권 (숙소 미선택)",
        "destinationArea": "경주 시내 숙소권",
        "busLegs": [],
        "busRides": 0,
        "transitStatus": "버스 없는 시내 도보안",
        "meals": [
          {
            "slot": "아침",
            "placeId": "j129",
            "name": "고유한우국밥",
            "price": "12,000원",
            "menu": "한우국밥",
            "hours": "2026-10-06 조회 주간 월~수 07:30~16:00, 목~일 07:30~22:00. 고정 규칙 여부 미확인.",
            "source": "https://place.map.kakao.com/2012283904",
            "checkedAt": "2026-10-06",
            "placement": "시내 숙소권에서 출발 전",
            "withinWalkingLine": false
          },
          {
            "slot": "점심",
            "placeId": "j142",
            "name": "소향몽",
            "price": "17,000원",
            "menu": "육회비빔밥",
            "hours": "매일 11:00–15:00 / 17:00–21:00 · 브레이크: 15:00–17:00",
            "source": "https://yeddorii.tistory.com/96",
            "checkedAt": "2026-10-06",
            "placement": "테마 방문 중",
            "withinWalkingLine": true
          },
          {
            "slot": "저녁",
            "placeId": "j41",
            "name": "영양숯불갈비",
            "price": "27,000원",
            "menu": "한우 갈비살 110g",
            "hours": "월~금 10:30~21:00, 토·일·공휴일 10:30~21:30. 평일 15:00~17:00 브레이크, 주말·공휴일 브레이크 없음.",
            "source": "https://visitgyeongju.or.kr/kr/cuisine/view/535f40400605094c0a40054747514b464d",
            "checkedAt": "2026-10-06",
            "placement": "시내 숙소권으로 돌아온 뒤",
            "withinWalkingLine": false
          }
        ],
        "mealCount": 3,
        "cafeCount": 1,
        "cafeLimit": 3,
        "placePoolNote": "테마 장소 후보 수와 오늘 실제 방문 수를 구분합니다. 보존한 후보 전체는 placePool에 있습니다.",
        "hoursNote": "저장된 운영시간은 조사 시점 표기입니다. 요일·휴무·입장 마감·재료 소진을 방문일에 다시 확인하세요.",
        "walkingProvider": "fossgis-osrm-foot",
        "walkingRouteUrl": "https://www.openstreetmap.org/directions?engine=fossgis_osrm_foot&route=35.8374081139238,129.209953809161;35.8342864664,129.2095850345;35.8355972750305,129.210037456348;35.83784822,129.20933685;35.838964936,129.2097679454;35.838191058762,129.213333992314;35.834714812336,129.219000182596;35.8347762643542,129.226975518857",
        "geometryProvider": "FOSSGIS OSRM foot",
        "unverifiedAccess": [],
        "note": "황리단길에서 남쪽 책방·카페와 점심을 지나 북동쪽 먹거리·대릉원·첨성대·동궁과 월지 방향으로 이어집니다. 저장 보행망 합계 약 3.68km. 아침과 저녁은 시내 숙소권에 두고, 방문 순서 안에 점심과 카페를 배치했습니다."
      }
    },
    {
      "type": "Feature",
      "id": "gyeongju-wolseong",
      "geometry": {
        "type": "MultiLineString",
        "coordinates": [
          [
            [
              129.214661,
              35.82976
            ],
            [
              129.214933,
              35.829808
            ],
            [
              129.215019,
              35.829839
            ],
            [
              129.215072,
              35.82989
            ],
            [
              129.215552,
              35.830048
            ],
            [
              129.215871,
              35.830158
            ],
            [
              129.216023,
              35.830208
            ],
            [
              129.216088,
              35.830103
            ],
            [
              129.216248,
              35.829754
            ],
            [
              129.216401,
              35.829785
            ],
            [
              129.216394,
              35.829586
            ],
            [
              129.216386,
              35.829091
            ],
            [
              129.216386,
              35.829041
            ],
            [
              129.21639,
              35.828961
            ],
            [
              129.216778,
              35.828973
            ],
            [
              129.217038,
              35.828956
            ],
            [
              129.217204,
              35.82894
            ],
            [
              129.217395,
              35.82891
            ],
            [
              129.217561,
              35.828884
            ],
            [
              129.217698,
              35.828856
            ],
            [
              129.217792,
              35.828821
            ],
            [
              129.217859,
              35.82878
            ],
            [
              129.217891,
              35.828758
            ],
            [
              129.21792,
              35.828738
            ],
            [
              129.217985,
              35.828714
            ],
            [
              129.218068,
              35.828708
            ],
            [
              129.21813,
              35.82871
            ],
            [
              129.218131,
              35.828789
            ],
            [
              129.218132,
              35.82893
            ],
            [
              129.218132,
              35.828944
            ],
            [
              129.218132,
              35.82895
            ],
            [
              129.218138,
              35.8293
            ],
            [
              129.218142,
              35.829563
            ],
            [
              129.218144,
              35.829751
            ],
            [
              129.218145,
              35.829811
            ],
            [
              129.217964,
              35.829813
            ],
            [
              129.217964,
              35.830257
            ],
            [
              129.217827,
              35.830277
            ],
            [
              129.217841,
              35.830386
            ],
            [
              129.217671,
              35.830341
            ],
            [
              129.217439,
              35.830305
            ],
            [
              129.217426,
              35.83036
            ],
            [
              129.217365,
              35.830519
            ],
            [
              129.217233,
              35.830767
            ],
            [
              129.217184,
              35.830742
            ],
            [
              129.217165,
              35.830783
            ],
            [
              129.217148,
              35.830822
            ],
            [
              129.217145,
              35.83083
            ],
            [
              129.217103,
              35.830931
            ],
            [
              129.217088,
              35.830966
            ],
            [
              129.217077,
              35.830994
            ],
            [
              129.216991,
              35.831197
            ],
            [
              129.217077,
              35.830994
            ],
            [
              129.217088,
              35.830966
            ],
            [
              129.217103,
              35.830931
            ],
            [
              129.217145,
              35.83083
            ],
            [
              129.217148,
              35.830822
            ],
            [
              129.217165,
              35.830783
            ],
            [
              129.217184,
              35.830742
            ],
            [
              129.216425,
              35.830354
            ],
            [
              129.216261,
              35.830683
            ],
            [
              129.215879,
              35.830588
            ],
            [
              129.215225,
              35.830457
            ],
            [
              129.215114,
              35.830457
            ],
            [
              129.215049,
              35.830479
            ],
            [
              129.215037,
              35.830531
            ],
            [
              129.214743,
              35.830482
            ],
            [
              129.214346,
              35.830408
            ],
            [
              129.214197,
              35.831047
            ],
            [
              129.214148,
              35.831256
            ],
            [
              129.214072,
              35.831626
            ],
            [
              129.21406,
              35.831837
            ],
            [
              129.214082,
              35.832222
            ],
            [
              129.214086,
              35.832256
            ],
            [
              129.214097,
              35.832336
            ],
            [
              129.214161,
              35.832815
            ],
            [
              129.214166,
              35.832852
            ],
            [
              129.214183,
              35.832989
            ],
            [
              129.214415,
              35.833199
            ],
            [
              129.214525,
              35.833205
            ],
            [
              129.21461,
              35.833437
            ],
            [
              129.214626,
              35.833479
            ],
            [
              129.214683,
              35.833633
            ],
            [
              129.21473,
              35.833814
            ],
            [
              129.214834,
              35.834205
            ],
            [
              129.214985,
              35.834197
            ],
            [
              129.215177,
              35.834186
            ],
            [
              129.215482,
              35.834171
            ],
            [
              129.215738,
              35.834669
            ],
            [
              129.215747,
              35.834687
            ],
            [
              129.215856,
              35.834794
            ],
            [
              129.215903,
              35.834831
            ],
            [
              129.216029,
              35.834931
            ],
            [
              129.216318,
              35.835125
            ],
            [
              129.216592,
              35.834873
            ],
            [
              129.216692,
              35.834778
            ],
            [
              129.216801,
              35.83467
            ],
            [
              129.216925,
              35.83454
            ],
            [
              129.217034,
              35.83444
            ],
            [
              129.217152,
              35.834355
            ],
            [
              129.217302,
              35.834297
            ],
            [
              129.217467,
              35.834265
            ],
            [
              129.217691,
              35.834248
            ],
            [
              129.217957,
              35.834244
            ],
            [
              129.218362,
              35.834273
            ],
            [
              129.218538,
              35.834291
            ],
            [
              129.218589,
              35.834305
            ],
            [
              129.218637,
              35.834397
            ],
            [
              129.218749,
              35.834474
            ],
            [
              129.218744,
              35.834564
            ],
            [
              129.218708,
              35.83464
            ],
            [
              129.218734,
              35.834743
            ],
            [
              129.218783,
              35.834842
            ],
            [
              129.21891,
              35.834896
            ],
            [
              129.218995,
              35.834897
            ],
            [
              129.21891,
              35.834896
            ],
            [
              129.218783,
              35.834842
            ],
            [
              129.218734,
              35.834743
            ],
            [
              129.218708,
              35.83464
            ],
            [
              129.218744,
              35.834564
            ],
            [
              129.218749,
              35.834474
            ],
            [
              129.218637,
              35.834397
            ],
            [
              129.218589,
              35.834305
            ],
            [
              129.218889,
              35.834336
            ],
            [
              129.219551,
              35.834383
            ],
            [
              129.219921,
              35.834421
            ],
            [
              129.220342,
              35.834015
            ],
            [
              129.220569,
              35.833914
            ],
            [
              129.220772,
              35.833853
            ],
            [
              129.22082,
              35.833788
            ],
            [
              129.220955,
              35.833595
            ],
            [
              129.221072,
              35.833369
            ],
            [
              129.221164,
              35.833208
            ],
            [
              129.221546,
              35.833334
            ],
            [
              129.221706,
              35.833374
            ],
            [
              129.221899,
              35.833417
            ],
            [
              129.221977,
              35.833427
            ],
            [
              129.222043,
              35.833426
            ],
            [
              129.222082,
              35.83341
            ],
            [
              129.222094,
              35.833357
            ],
            [
              129.222385,
              35.833431
            ],
            [
              129.222675,
              35.833497
            ],
            [
              129.222791,
              35.833537
            ],
            [
              129.223081,
              35.833652
            ],
            [
              129.22323,
              35.833675
            ],
            [
              129.223459,
              35.833706
            ],
            [
              129.223677,
              35.83377
            ],
            [
              129.22377,
              35.833779
            ],
            [
              129.223982,
              35.833768
            ],
            [
              129.224136,
              35.833809
            ],
            [
              129.224205,
              35.833849
            ],
            [
              129.224263,
              35.83391
            ],
            [
              129.224746,
              35.833874
            ],
            [
              129.224936,
              35.833864
            ],
            [
              129.225047,
              35.833926
            ],
            [
              129.225248,
              35.833804
            ],
            [
              129.225359,
              35.83374
            ],
            [
              129.225377,
              35.83376
            ],
            [
              129.225406,
              35.833795
            ],
            [
              129.225458,
              35.833857
            ],
            [
              129.225735,
              35.833702
            ],
            [
              129.226397,
              35.833328
            ],
            [
              129.226501,
              35.833273
            ],
            [
              129.226651,
              35.833295
            ],
            [
              129.226761,
              35.833305
            ],
            [
              129.226765,
              35.833382
            ],
            [
              129.226753,
              35.833478
            ],
            [
              129.226718,
              35.833515
            ],
            [
              129.226696,
              35.833742
            ],
            [
              129.226668,
              35.833842
            ],
            [
              129.226589,
              35.834039
            ],
            [
              129.22653,
              35.83443
            ],
            [
              129.226494,
              35.834431
            ],
            [
              129.226467,
              35.834696
            ],
            [
              129.226494,
              35.834431
            ],
            [
              129.22653,
              35.83443
            ],
            [
              129.226589,
              35.834039
            ],
            [
              129.226668,
              35.833842
            ],
            [
              129.226696,
              35.833742
            ],
            [
              129.226718,
              35.833515
            ],
            [
              129.226753,
              35.833478
            ],
            [
              129.226765,
              35.833382
            ],
            [
              129.226761,
              35.833305
            ],
            [
              129.227268,
              35.833336
            ],
            [
              129.227493,
              35.833339
            ],
            [
              129.227877,
              35.833343
            ],
            [
              129.229009,
              35.833325
            ],
            [
              129.229239,
              35.833321
            ],
            [
              129.229224,
              35.834312
            ],
            [
              129.229211,
              35.835139
            ],
            [
              129.229196,
              35.836082
            ],
            [
              129.23044,
              35.836034
            ],
            [
              129.230649,
              35.836026
            ],
            [
              129.230854,
              35.836018
            ],
            [
              129.23099,
              35.836013
            ],
            [
              129.231038,
              35.836013
            ],
            [
              129.231119,
              35.836013
            ],
            [
              129.231183,
              35.836022
            ],
            [
              129.231221,
              35.836052
            ],
            [
              129.231291,
              35.836126
            ],
            [
              129.231291,
              35.836204
            ],
            [
              129.231282,
              35.837252
            ],
            [
              129.233351,
              35.837287
            ],
            [
              129.233404,
              35.837317
            ],
            [
              129.233431,
              35.837383
            ],
            [
              129.233436,
              35.837615
            ],
            [
              129.233436,
              35.83783
            ],
            [
              129.233546,
              35.838926
            ],
            [
              129.233592,
              35.840125
            ],
            [
              129.233609,
              35.840267
            ],
            [
              129.233609,
              35.840313
            ],
            [
              129.233609,
              35.840399
            ],
            [
              129.233608,
              35.840478
            ],
            [
              129.233545,
              35.840477
            ],
            [
              129.233545,
              35.840567
            ],
            [
              129.233545,
              35.840477
            ],
            [
              129.233608,
              35.840478
            ],
            [
              129.233609,
              35.840399
            ],
            [
              129.233609,
              35.840313
            ],
            [
              129.233609,
              35.840267
            ],
            [
              129.234875,
              35.840099
            ],
            [
              129.235763,
              35.839931
            ],
            [
              129.236472,
              35.839787
            ],
            [
              129.236569,
              35.839768
            ],
            [
              129.237875,
              35.839519
            ],
            [
              129.238088,
              35.839485
            ],
            [
              129.238193,
              35.839638
            ],
            [
              129.2384,
              35.83977
            ],
            [
              129.238622,
              35.839818
            ],
            [
              129.238749,
              35.839774
            ]
          ]
        ]
      },
      "properties": {
        "id": "gyeongju-wolseong",
        "region": "gyeongju",
        "themeId": "wolseong",
        "title": "월성·교촌·동부 유적",
        "stops": [
          {
            "sequence": 1,
            "placeId": "j6",
            "name": "교촌한옥마을",
            "category": "culture",
            "lat": 35.8296330738302,
            "lon": 129.214695038002,
            "routeSnapMeters": 14,
            "locationText": "경주시 교동 · 마을 대표점",
            "scheduleText": "마을 거리는 정해진 개폐시간 없음. 체험장 다수는 09:00~18:00이나 각 시설별로 다름.",
            "priceInfo": {
              "label": "마을 거리 산책",
              "price": "무료",
              "checked": "2026-10-06",
              "source": "https://www.gyeongju.go.kr/tour/page.do?mnu_uid=4758",
              "note": "개별 고택·체험·식음료 요금은 별도."
            }
          },
          {
            "sequence": 2,
            "placeId": "j5",
            "name": "월정교",
            "category": "culture",
            "lat": 35.8292995462011,
            "lon": 129.218121296919,
            "routeSnapMeters": 2,
            "locationText": "경주시 교동 · 다리 대표점",
            "scheduleText": "교량 09:00~22:00. 문루 전시관은 10:00부터 운영하며 종료시간은 별도 확인.",
            "priceInfo": {
              "label": "교량·문루 전시관",
              "price": "무료",
              "checked": "2026-10-06",
              "source": "https://www.gyeongju.go.kr/tour/page.do?area_uid=49&cmd=2&code_uid=1012&mnu_uid=4716"
            }
          },
          {
            "sequence": 3,
            "placeId": "j72",
            "name": "경주향교",
            "category": "culture",
            "lat": 35.8311875,
            "lon": 129.2169375,
            "routeSnapMeters": 5,
            "locationText": "경주시 교촌안길 27-20",
            "scheduleText": "09:00~18:00 경주시 관광 안내. 실제 개방 범위는 현장 기준.",
            "priceInfo": {
              "label": "향교 관람",
              "price": "무료",
              "checked": "2026-10-06",
              "source": "https://www.gyeongju.go.kr/tour/page.do?mnu_uid=3507",
              "note": "조회 시점 게시값입니다. 현장 가격과 품절 여부는 방문 전 확인."
            }
          },
          {
            "sequence": 4,
            "placeId": "j42",
            "name": "경주원조콩국",
            "category": "food",
            "lat": 35.8334528343,
            "lon": 129.2147315243,
            "routeSnapMeters": 10,
            "locationText": "경주시 첨성로 113",
            "scheduleText": "월~토 09:00~19:45, 일요일 휴무. 브레이크 10:30~11:30; 오후 브레이크는 시 16:30~17:00와 관광 사이트 16:00~17:30이 충돌.",
            "priceInfo": {
              "label": "따뜻한 콩국 1",
              "price": "8,000원",
              "checked": "2026-10-06",
              "source": "https://visitgyeongju.or.kr/kr/cuisine/view/535f40400605094c0949044347514a414d",
              "note": "관광 사이트 가격. 다이닝코드 9,000원과 충돌. 콩국수 9,000원/10,000원도 출처별 차이."
            },
            "mealRole": "lunch"
          },
          {
            "sequence": 5,
            "placeId": "j1",
            "name": "첨성대",
            "category": "culture",
            "lat": 35.834714812336,
            "lon": 129.219000182596,
            "routeSnapMeters": 20,
            "locationText": "경주시 인왕동 839-1 · 시내 유적권",
            "scheduleText": "경주시 관광 안내 09:00~22:00, 동절기 21:00까지. 앱은 21:00로 보수적으로 계산",
            "priceInfo": {
              "label": "첨성대 외부 관람",
              "price": "무료",
              "checked": "2026-10-06",
              "source": "https://www.gyeongju.go.kr/tour/page.do?area_uid=47&cmd=2&code_uid=1012&mnu_uid=4716"
            }
          },
          {
            "sequence": 6,
            "placeId": "j2",
            "name": "동궁과 월지",
            "category": "culture",
            "lat": 35.8347762643542,
            "lon": 129.226975518857,
            "routeSnapMeters": 47,
            "locationText": "경주시 원화로 102 · 시내 유적권",
            "scheduleText": "경주시 관광 안내 09:00~22:00, 입장 마감 21:30. 방문일 재확인",
            "priceInfo": {
              "label": "일반 입장료",
              "price": "성인 3,000원",
              "checked": "2026-10-06",
              "source": "https://www.gyeongju.go.kr/tour/page.do?area_uid=50&cmd=2&code_uid=1012&mnu_uid=4716",
              "note": "청소년 2,000원·어린이 1,000원. 발권·입장 마감 21:30."
            }
          },
          {
            "sequence": 7,
            "placeId": "j8",
            "name": "분황사",
            "category": "culture",
            "lat": 35.8405669628174,
            "lon": 129.233639851398,
            "routeSnapMeters": 9,
            "locationText": "경주시 구황동 · 모전석탑 부근 대표점",
            "scheduleText": "08:00~18:00, 동절기 17:00까지. 동절기 정확한 시작·종료일은 미게시.",
            "priceInfo": {
              "label": "사찰 관람",
              "price": "무료",
              "checked": "2026-10-06",
              "source": "https://www.gyeongju.go.kr/tour/page.do?area_uid=54&cmd=2&code_uid=1012&mnu_uid=4716"
            }
          },
          {
            "sequence": 8,
            "placeId": "j69",
            "name": "신라왕경숲공원",
            "category": "outdoors",
            "lat": 35.8399154336,
            "lon": 129.2388225694,
            "routeSnapMeters": 17,
            "locationText": "경주시 구황동 883-44 · 숲 대표점",
            "scheduleText": "경주시 숲길 안내에 시간 제한 없음. 공원 구간별 통제 확인.",
            "priceInfo": {
              "label": "숲 산책",
              "price": "무료",
              "checked": "2026-10-06",
              "source": "https://place.map.kakao.com/27572563",
              "note": "무료 주차·화장실 안내. 숲 1·2차 지점과 주차장 위치가 달라 대표점으로 표시."
            }
          }
        ],
        "stopCount": 8,
        "distanceMeters": 5365,
        "walkingMinutes": 72,
        "checkedAt": "2026-10-07",
        "profile": "foot",
        "source": "OpenStreetMap FOSSGIS OSRM foot, saved walking network route checked 2026-10-07",
        "mapData": "© OpenStreetMap contributors",
        "maxPlaceSnapMeters": 47,
        "accessNotes": [
          "도심 숙소권에서 도보로 테마 구간에 합류합니다. 분황사·왕경숲 방향은 체력과 낮 시간에 맞춰 줄일 수 있습니다.",
          "출발·도착 기본 권역: 시내 숙소권. 개별 숙소는 선택하지 않았고 숙소 핀은 지도에 표시하지 않습니다.",
          "길선은 보행 구간만 저장했습니다. 버스 구간을 직선이나 도보선으로 그리지 않았습니다."
        ],
        "returnTransitChecked": false,
        "hoursAreDaySpecific": false,
        "placePool": [
          {
            "sequence": 1,
            "placeId": "j6",
            "name": "교촌한옥마을",
            "category": "culture",
            "lat": 35.8296330738302,
            "lon": 129.214695038002,
            "routeSnapMeters": 14,
            "locationText": "경주시 교동 · 마을 대표점"
          },
          {
            "sequence": 2,
            "placeId": "j5",
            "name": "월정교",
            "category": "culture",
            "lat": 35.8292995462011,
            "lon": 129.218121296919,
            "routeSnapMeters": 29,
            "locationText": "경주시 교동 · 다리 대표점"
          },
          {
            "sequence": 3,
            "placeId": "j72",
            "name": "경주향교",
            "category": "culture",
            "lat": 35.8311875,
            "lon": 129.2169375,
            "routeSnapMeters": 5,
            "locationText": "경주시 교촌안길 27-20"
          },
          {
            "sequence": 4,
            "placeId": "j42",
            "name": "경주원조콩국",
            "category": "food",
            "lat": 35.8334528343,
            "lon": 129.2147315243,
            "routeSnapMeters": 10,
            "locationText": "경주시 첨성로 113"
          },
          {
            "sequence": 5,
            "placeId": "j129",
            "name": "고유한우국밥",
            "category": "food",
            "lat": 35.8356249,
            "lon": 129.2106933,
            "routeSnapMeters": 23,
            "locationText": "경주시 포석로 1058-13"
          },
          {
            "sequence": 6,
            "placeId": "j1",
            "name": "첨성대",
            "category": "culture",
            "lat": 35.834714812336,
            "lon": 129.219000182596,
            "routeSnapMeters": 20,
            "locationText": "경주시 인왕동 839-1 · 시내 유적권"
          },
          {
            "sequence": 7,
            "placeId": "j2",
            "name": "동궁과 월지",
            "category": "culture",
            "lat": 35.8347762643542,
            "lon": 129.226975518857,
            "routeSnapMeters": 47,
            "locationText": "경주시 원화로 102 · 시내 유적권"
          },
          {
            "sequence": 8,
            "placeId": "j8",
            "name": "분황사",
            "category": "culture",
            "lat": 35.8405669628174,
            "lon": 129.233639851398,
            "routeSnapMeters": 9,
            "locationText": "경주시 구황동 · 모전석탑 부근 대표점"
          },
          {
            "sequence": 9,
            "placeId": "j69",
            "name": "신라왕경숲공원",
            "category": "outdoors",
            "lat": 35.8399154336,
            "lon": 129.2388225694,
            "routeSnapMeters": 17,
            "locationText": "경주시 구황동 883-44 · 숲 대표점"
          }
        ],
        "placePoolCount": 9,
        "themePlaceCount": 9,
        "walkingDistanceMeters": 5365,
        "geometryMode": "walking-segments-only",
        "originArea": "경주 시내 숙소권 (숙소 미선택)",
        "destinationArea": "경주 시내 숙소권",
        "busLegs": [],
        "busRides": 0,
        "transitStatus": "버스 없는 시내 도보안",
        "meals": [
          {
            "slot": "아침",
            "placeId": "j129",
            "name": "고유한우국밥",
            "price": "12,000원",
            "menu": "한우국밥",
            "hours": "2026-10-06 조회 주간 월~수 07:30~16:00, 목~일 07:30~22:00. 고정 규칙 여부 미확인.",
            "source": "https://place.map.kakao.com/2012283904",
            "checkedAt": "2026-10-06",
            "placement": "시내 숙소권에서 출발 전",
            "withinWalkingLine": false
          },
          {
            "slot": "점심",
            "placeId": "j42",
            "name": "경주원조콩국",
            "price": "8,000원",
            "menu": "따뜻한 콩국 1",
            "hours": "월~토 09:00~19:45, 일요일 휴무. 브레이크 10:30~11:30; 오후 브레이크는 시 16:30~17:00와 관광 사이트 16:00~17:30이 충돌.",
            "source": "https://www.gyeongju.go.kr/tour/page.do?cmd=2&con_uid=6733&mnu_uid=4830",
            "checkedAt": "2026-10-06",
            "placement": "테마 방문 중",
            "withinWalkingLine": true
          },
          {
            "slot": "저녁",
            "placeId": "j41",
            "name": "영양숯불갈비",
            "price": "27,000원",
            "menu": "한우 갈비살 110g",
            "hours": "월~금 10:30~21:00, 토·일·공휴일 10:30~21:30. 평일 15:00~17:00 브레이크, 주말·공휴일 브레이크 없음.",
            "source": "https://visitgyeongju.or.kr/kr/cuisine/view/535f40400605094c0a40054747514b464d",
            "checkedAt": "2026-10-06",
            "placement": "시내 숙소권으로 돌아온 뒤",
            "withinWalkingLine": false
          }
        ],
        "mealCount": 3,
        "cafeCount": 0,
        "cafeLimit": 3,
        "placePoolNote": "테마 장소 후보 수와 오늘 실제 방문 수를 구분합니다. 보존한 후보 전체는 placePool에 있습니다.",
        "hoursNote": "저장된 운영시간은 조사 시점 표기입니다. 요일·휴무·입장 마감·재료 소진을 방문일에 다시 확인하세요.",
        "unverifiedAccess": [],
        "walkingRouteUrl": "https://www.openstreetmap.org/directions?engine=fossgis_osrm_foot&route=35.8296330738302,129.214695038002;35.8292995462011,129.218121296919;35.8311875,129.2169375;35.8334528343,129.2147315243;35.834714812336,129.219000182596;35.8347762643542,129.226975518857;35.8405669628174,129.233639851398;35.8399154336,129.2388225694",
        "walkingProvider": "fossgis-osrm-foot",
        "geometryProvider": "FOSSGIS OSRM foot"
      }
    },
    {
      "type": "Feature",
      "id": "gyeongju-market",
      "geometry": {
        "type": "MultiLineString",
        "coordinates": [
          [
            [
              129.215908,
              35.845358
            ],
            [
              129.215898,
              35.845141
            ],
            [
              129.215863,
              35.845142
            ],
            [
              129.215868,
              35.845142
            ],
            [
              129.215366,
              35.845157
            ],
            [
              129.215349,
              35.844491
            ],
            [
              129.215347,
              35.844432
            ],
            [
              129.215292,
              35.843117
            ],
            [
              129.215274,
              35.842643
            ],
            [
              129.215247,
              35.841905
            ],
            [
              129.215231,
              35.841576
            ],
            [
              129.215224,
              35.841428
            ],
            [
              129.215204,
              35.841055
            ],
            [
              129.215006,
              35.841018
            ],
            [
              129.214824,
              35.84096
            ],
            [
              129.214515,
              35.840842
            ],
            [
              129.213544,
              35.840447
            ],
            [
              129.213481,
              35.840694
            ],
            [
              129.213486,
              35.840843
            ],
            [
              129.21352,
              35.841969
            ],
            [
              129.212966,
              35.841989
            ],
            [
              129.21352,
              35.841969
            ],
            [
              129.213532,
              35.842656
            ],
            [
              129.213541,
              35.843179
            ],
            [
              129.213547,
              35.844191
            ],
            [
              129.213548,
              35.844481
            ],
            [
              129.213878,
              35.844477
            ],
            [
              129.21388,
              35.844532
            ],
            [
              129.213902,
              35.845061
            ],
            [
              129.213935,
              35.845877
            ],
            [
              129.213961,
              35.846572
            ],
            [
              129.213963,
              35.846621
            ],
            [
              129.213972,
              35.846877
            ],
            [
              129.213915,
              35.846879
            ],
            [
              129.213578,
              35.846887
            ],
            [
              129.213472,
              35.846907
            ],
            [
              129.213385,
              35.846962
            ],
            [
              129.213268,
              35.84716
            ],
            [
              129.213229,
              35.847201
            ],
            [
              129.213172,
              35.84723
            ],
            [
              129.213095,
              35.84724
            ],
            [
              129.212913,
              35.847245
            ],
            [
              129.213012,
              35.847265
            ],
            [
              129.213028,
              35.847355
            ],
            [
              129.213221,
              35.847359
            ],
            [
              129.213234,
              35.847433
            ],
            [
              129.213221,
              35.847359
            ],
            [
              129.213028,
              35.847355
            ],
            [
              129.213012,
              35.847265
            ],
            [
              129.212913,
              35.847245
            ],
            [
              129.21247,
              35.847256
            ],
            [
              129.212304,
              35.84726
            ],
            [
              129.212015,
              35.847267
            ],
            [
              129.211662,
              35.847276
            ],
            [
              129.21166,
              35.847085
            ],
            [
              129.211648,
              35.845922
            ],
            [
              129.210944,
              35.845937
            ],
            [
              129.210143,
              35.845944
            ],
            [
              129.210143,
              35.845935
            ],
            [
              129.210144,
              35.845834
            ],
            [
              129.209006,
              35.845869
            ],
            [
              129.208705,
              35.84588
            ],
            [
              129.208408,
              35.845897
            ],
            [
              129.208397,
              35.84469
            ],
            [
              129.207585,
              35.844713
            ],
            [
              129.207494,
              35.844716
            ],
            [
              129.207166,
              35.844733
            ],
            [
              129.207167,
              35.844678
            ],
            [
              129.20703,
              35.844682
            ],
            [
              129.20703,
              35.844585
            ],
            [
              129.206965,
              35.844588
            ],
            [
              129.206968,
              35.84452
            ],
            [
              129.206969,
              35.844396
            ],
            [
              129.206973,
              35.844019
            ],
            [
              129.206785,
              35.844025
            ],
            [
              129.206785,
              35.843962
            ]
          ]
        ]
      },
      "properties": {
        "id": "gyeongju-market",
        "region": "gyeongju",
        "themeId": "market",
        "title": "성동·중앙시장",
        "stops": [
          {
            "sequence": 1,
            "placeId": "j11",
            "name": "성동시장",
            "category": "market",
            "lat": 35.8453437100019,
            "lon": 129.216354826459,
            "routeSnapMeters": 40,
            "locationText": "경주시 원화로281번길 11 · 시장 대표점",
            "scheduleText": "시장 안내 07:00~20:00. 분식골목·한식뷔페촌 등 개별 점포 시간은 다릅니다.",
            "priceInfo": {
              "label": "시장 입장",
              "price": "무료",
              "checked": "2026-10-06",
              "source": "https://www.gyeongju.go.kr/tour/page.do?mnu_uid=4826",
              "note": "음식·상품 구매비와 공영주차장 요금은 별도."
            }
          },
          {
            "sequence": 2,
            "placeId": "j90",
            "name": "혜진분식",
            "category": "market",
            "lat": 35.8450735096,
            "lon": 129.2158603701,
            "routeSnapMeters": 8,
            "locationText": "경주시 화랑로 137-35 · 성동시장권",
            "scheduleText": "카카오맵 07:00~19:30 표시, 방문 기록에는 월요일 휴무.",
            "priceInfo": {
              "label": "김밥",
              "price": "3,000원",
              "checked": "2026-10-06",
              "source": "https://www.gajagoapp.kr/%EA%B2%BD%EC%A3%BC-%EC%9A%B0%EC%97%89%EA%B9%80%EB%B0%A5",
              "note": "떡볶이·순대 각 5,000원·튀김 4,000원 연동 메뉴판. 방문기 주소 137-13과 카카오 137-35가 충돌해 지도 대표 좌표 사용."
            }
          },
          {
            "sequence": 3,
            "placeId": "j91",
            "name": "명동김밥 성동시장점",
            "category": "market",
            "lat": 35.8448321538,
            "lon": 129.2158536533,
            "routeSnapMeters": 34,
            "locationText": "경주시 화랑로 137-19 · 성동시장 내부",
            "scheduleText": "방문 기록 매일 06:00~18:00. 카카오 원본 검색 노출이 일정치 않아 상세 주소·현재 운영 재확인.",
            "priceInfo": {
              "label": "우엉김밥 1줄",
              "price": "2,000원",
              "checked": "2026-10-06",
              "source": "https://www.gajagoapp.kr/%EA%B2%BD%EC%A3%BC-%EC%9A%B0%EC%97%89%EA%B9%80%EB%B0%A5",
              "note": "우엉조림 300g 10,000원 연동 메뉴판. 방문기 원화로 273과 카카오 화랑로 137-19가 충돌."
            },
            "mealRole": "lunch"
          },
          {
            "sequence": 4,
            "placeId": "j100",
            "name": "너른벽",
            "category": "books",
            "lat": 35.842646323,
            "lon": 129.2151642564,
            "routeSnapMeters": 10,
            "locationText": "경주시 북정로 19 1층",
            "scheduleText": "카카오맵 월·화·수 휴무 표시. 영업일 개·폐점 시각은 방문일 재확인.",
            "priceInfo": {
              "label": "독립서점 도서",
              "price": "품목별 가격 미확인",
              "checked": "2026-10-06",
              "source": "https://place.map.kakao.com/1211832207",
              "note": "경주시 오래된 웹진은 북정로 29로 적어 현재 카카오맵 북정로 19와 주소 충돌. 지도 지점 사용."
            }
          },
          {
            "sequence": 5,
            "placeId": "j83",
            "name": "최영화빵 본점",
            "category": "market",
            "lat": 35.8415724334,
            "lon": 129.2153512812,
            "routeSnapMeters": 11,
            "locationText": "경주시 북정로 6-1",
            "scheduleText": "최근 2026년 9월 방문 기록은 매일 09:00~18:00, 카카오맵은 09:00~21:00로 상충. 조기 품절 가능.",
            "priceInfo": {
              "label": "팥빵 1개",
              "price": "1,400원",
              "checked": "2026-10-06",
              "source": "https://www.diningcode.com/profile.php?rid=CWhLARKVtyy2",
              "note": "2026-08-01 인상 후 관찰값. 10개 14,000원·20개 28,000원·30개 42,000원."
            }
          },
          {
            "sequence": 6,
            "placeId": "j40",
            "name": "황남빵",
            "category": "market",
            "lat": 35.8408398161359,
            "lon": 129.21364442351,
            "routeSnapMeters": 14,
            "locationText": "경주시 태종로 783 · 본점 대표점",
            "scheduleText": "운영사 본점 안내 매일 08:00~22:00, 연중무휴. 재고 마감·현장 대기는 방문일 확인.",
            "priceInfo": {
              "label": "황남빵 온라인 20개입",
              "price": "28,000원",
              "checked": "2026-10-06",
              "source": "https://www.hwangnam.co.kr/product/list.html?cate_no=24",
              "note": "온라인 30개입 42,000원. 현장 가격과 재고는 방문 전 확인."
            }
          },
          {
            "sequence": 7,
            "placeId": "j108",
            "name": "라이팅룸",
            "category": "books",
            "lat": 35.8420524368,
            "lon": 129.2129698896,
            "routeSnapMeters": 7,
            "locationText": "경주시 원효로 109-1 1층",
            "scheduleText": "카카오맵 월·화 휴무 표시. 영업일 개·폐점 시각은 방문일 확인.",
            "priceInfo": {
              "label": "소품·기념품",
              "price": "품목별 가격 미확인",
              "checked": "2026-10-06",
              "source": "https://place.map.kakao.com/817496325",
              "note": "평가 2건으로 표본이 작습니다."
            }
          },
          {
            "sequence": 8,
            "placeId": "j10",
            "name": "경주읍성",
            "category": "culture",
            "lat": 35.8466262196792,
            "lon": 129.213747746092,
            "routeSnapMeters": 19,
            "locationText": "경주시 동부동 · 읍성 구간 대표점",
            "scheduleText": "복원 성벽·향일문 주변은 정해진 관람시간 없음. 조명은 일몰 후~다음날 일출 전 안내.",
            "priceInfo": {
              "label": "복원 성벽 주변 산책",
              "price": "무료",
              "checked": "2026-10-06",
              "source": "https://www.gyeongju.go.kr/tour/page.do?area_uid=57&cmd=2&code_uid=1012&mnu_uid=4716"
            }
          },
          {
            "sequence": 9,
            "placeId": "j97",
            "name": "서점 북미",
            "category": "books",
            "lat": 35.8474375,
            "lon": 129.2131875,
            "routeSnapMeters": 4,
            "locationText": "경주시 북성로 103-1 2층",
            "scheduleText": "카카오맵 12:00~19:00 표시. Google 화~금 12:00~19:00, 토 12:00~20:00이며 월·일 시작시각 입력 오류가 있어 당일 확인.",
            "priceInfo": {
              "label": "영화 도서·커피·주류",
              "price": "품목별 가격 미확인",
              "checked": "2026-10-06",
              "source": "https://www.gyeongju.go.kr/webzine/GJstory/vol163/html/post/4332.html",
              "note": "Google 이용자 가격대 1인 1,000~10,000원은 개별 상품가가 아님."
            }
          },
          {
            "sequence": 10,
            "placeId": "j102",
            "name": "북샵라벤더",
            "category": "books",
            "lat": 35.8470835587,
            "lon": 129.2118126715,
            "routeSnapMeters": 14,
            "locationText": "경주시 중앙로 80",
            "scheduleText": "카카오맵 12:00~18:00 표시. 방문일 재확인.",
            "priceInfo": {
              "label": "도서",
              "price": "품목별 가격 미확인",
              "checked": "2026-10-06",
              "source": "https://place.map.kakao.com/2044160811",
              "note": "평가 2건으로 표본이 작습니다."
            }
          },
          {
            "sequence": 11,
            "placeId": "j12",
            "name": "경주중앙시장",
            "category": "market",
            "lat": 35.8439618671375,
            "lon": 129.20674378595,
            "routeSnapMeters": 4,
            "locationText": "경주시 금성로 295 · 시장 대표점",
            "scheduleText": "건물 점포는 상설 운영, 오일장은 날짜 끝자리 2·7일. 야시장 관광 안내는 3월~12월 중순 18:00~23:00(매월 1·15일 휴무), 12월 하순~2월 말 금·토 18:00~23:00. 운영 변경 가능.",
            "priceInfo": {
              "label": "시장 입장",
              "price": "무료",
              "checked": "2026-10-06",
              "source": "https://www.gyeongju.go.kr/tour/page.do?mnu_uid=4826",
              "note": "음식·상품은 점포별 비용. 과거 BIG4 10,000원 상품권의 현행 판매 여부 미확인."
            }
          }
        ],
        "stopCount": 11,
        "distanceMeters": 2680,
        "walkingMinutes": 36,
        "checkedAt": "2026-10-07",
        "profile": "foot",
        "source": "OpenStreetMap FOSSGIS OSRM foot, saved walking network route checked 2026-10-07",
        "mapData": "© OpenStreetMap contributors",
        "maxPlaceSnapMeters": 40,
        "accessNotes": [
          "도심 숙소권 출발을 기본으로 한 시장·책방 도보 동선입니다. 시장 점포 운영시간은 점포별로 확인하세요.",
          "출발·도착 기본 권역: 시내 숙소권. 개별 숙소는 선택하지 않았고 숙소 핀은 지도에 표시하지 않습니다.",
          "길선은 보행 구간만 저장했습니다. 버스 구간을 직선이나 도보선으로 그리지 않았습니다."
        ],
        "returnTransitChecked": false,
        "hoursAreDaySpecific": false,
        "placePool": [
          {
            "sequence": 1,
            "placeId": "j11",
            "name": "성동시장",
            "category": "market",
            "lat": 35.8453437100019,
            "lon": 129.216354826459,
            "routeSnapMeters": 56,
            "locationText": "경주시 원화로281번길 11 · 시장 대표점"
          },
          {
            "sequence": 2,
            "placeId": "j90",
            "name": "혜진분식",
            "category": "market",
            "lat": 35.8450735096,
            "lon": 129.2158603701,
            "routeSnapMeters": 45,
            "locationText": "경주시 화랑로 137-35 · 성동시장권"
          },
          {
            "sequence": 3,
            "placeId": "j91",
            "name": "명동김밥 성동시장점",
            "category": "market",
            "lat": 35.8448321538,
            "lon": 129.2158536533,
            "routeSnapMeters": 39,
            "locationText": "경주시 화랑로 137-19 · 성동시장 내부"
          },
          {
            "sequence": 4,
            "placeId": "j100",
            "name": "너른벽",
            "category": "books",
            "lat": 35.842646323,
            "lon": 129.2151642564,
            "routeSnapMeters": 10,
            "locationText": "경주시 북정로 19 1층"
          },
          {
            "sequence": 5,
            "placeId": "j83",
            "name": "최영화빵 본점",
            "category": "market",
            "lat": 35.8415724334,
            "lon": 129.2153512812,
            "routeSnapMeters": 11,
            "locationText": "경주시 북정로 6-1"
          },
          {
            "sequence": 6,
            "placeId": "j40",
            "name": "황남빵",
            "category": "market",
            "lat": 35.8408398161359,
            "lon": 129.21364442351,
            "routeSnapMeters": 14,
            "locationText": "경주시 태종로 783 · 본점 대표점"
          },
          {
            "sequence": 7,
            "placeId": "j108",
            "name": "라이팅룸",
            "category": "books",
            "lat": 35.8420524368,
            "lon": 129.2129698896,
            "routeSnapMeters": 7,
            "locationText": "경주시 원효로 109-1 1층"
          },
          {
            "sequence": 8,
            "placeId": "j10",
            "name": "경주읍성",
            "category": "culture",
            "lat": 35.8466262196792,
            "lon": 129.213747746092,
            "routeSnapMeters": 19,
            "locationText": "경주시 동부동 · 읍성 구간 대표점"
          },
          {
            "sequence": 9,
            "placeId": "j97",
            "name": "서점 북미",
            "category": "books",
            "lat": 35.8474375,
            "lon": 129.2131875,
            "routeSnapMeters": 4,
            "locationText": "경주시 북성로 103-1 2층"
          },
          {
            "sequence": 10,
            "placeId": "j102",
            "name": "북샵라벤더",
            "category": "books",
            "lat": 35.8470835587,
            "lon": 129.2118126715,
            "routeSnapMeters": 14,
            "locationText": "경주시 중앙로 80"
          },
          {
            "sequence": 11,
            "placeId": "j12",
            "name": "경주중앙시장",
            "category": "market",
            "lat": 35.8439618671375,
            "lon": 129.20674378595,
            "routeSnapMeters": 4,
            "locationText": "경주시 금성로 295 · 시장 대표점"
          }
        ],
        "placePoolCount": 11,
        "themePlaceCount": 11,
        "walkingDistanceMeters": 2680,
        "geometryMode": "walking-segments-only",
        "originArea": "경주 시내 숙소권 (숙소 미선택)",
        "destinationArea": "경주 시내 숙소권",
        "busLegs": [],
        "busRides": 0,
        "transitStatus": "버스 없는 시내 도보안",
        "meals": [
          {
            "slot": "아침",
            "placeId": "j129",
            "name": "고유한우국밥",
            "price": "12,000원",
            "menu": "한우국밥",
            "hours": "2026-10-06 조회 주간 월~수 07:30~16:00, 목~일 07:30~22:00. 고정 규칙 여부 미확인.",
            "source": "https://place.map.kakao.com/2012283904",
            "checkedAt": "2026-10-06",
            "placement": "시내 숙소권에서 출발 전",
            "withinWalkingLine": false
          },
          {
            "slot": "점심",
            "placeId": "j91",
            "name": "명동김밥 성동시장점",
            "price": "2,000원",
            "menu": "우엉김밥 1줄",
            "hours": "방문 기록 매일 06:00~18:00. 카카오 원본 검색 노출이 일정치 않아 상세 주소·현재 운영 재확인.",
            "source": "https://place.map.kakao.com/11083230",
            "checkedAt": "2026-10-06",
            "placement": "테마 방문 중",
            "withinWalkingLine": true
          },
          {
            "slot": "저녁",
            "placeId": "j41",
            "name": "영양숯불갈비",
            "price": "27,000원",
            "menu": "한우 갈비살 110g",
            "hours": "월~금 10:30~21:00, 토·일·공휴일 10:30~21:30. 평일 15:00~17:00 브레이크, 주말·공휴일 브레이크 없음.",
            "source": "https://visitgyeongju.or.kr/kr/cuisine/view/535f40400605094c0a40054747514b464d",
            "checkedAt": "2026-10-06",
            "placement": "시내 숙소권으로 돌아온 뒤",
            "withinWalkingLine": false
          }
        ],
        "mealCount": 3,
        "cafeCount": 0,
        "cafeLimit": 3,
        "placePoolNote": "테마 장소 후보 수와 오늘 실제 방문 수를 구분합니다. 보존한 후보 전체는 placePool에 있습니다.",
        "hoursNote": "저장된 운영시간은 조사 시점 표기입니다. 요일·휴무·입장 마감·재료 소진을 방문일에 다시 확인하세요.",
        "unverifiedAccess": [],
        "walkingRouteUrl": "https://www.openstreetmap.org/directions?engine=fossgis_osrm_foot&route=35.8453437100019,129.216354826459;35.8450735096,129.2158603701;35.8448321538,129.2158536533;35.842646323,129.2151642564;35.8415724334,129.2153512812;35.8408398161359,129.21364442351;35.8420524368,129.2129698896;35.8466262196792,129.213747746092;35.8474375,129.2131875;35.8470835587,129.2118126715;35.8439618671375,129.20674378595",
        "walkingProvider": "fossgis-osrm-foot",
        "geometryProvider": "FOSSGIS OSRM foot"
      }
    },
    {
      "type": "Feature",
      "id": "gyeongju-bomun",
      "geometry": {
        "type": "MultiLineString",
        "coordinates": [
          [
            [
              129.284251,
              35.842057
            ],
            [
              129.284242,
              35.842174
            ],
            [
              129.28419,
              35.842391
            ],
            [
              129.284085,
              35.842532
            ],
            [
              129.28405,
              35.842576
            ],
            [
              129.28405,
              35.842635
            ],
            [
              129.284303,
              35.842834
            ],
            [
              129.284622,
              35.843083
            ],
            [
              129.284641,
              35.843076
            ],
            [
              129.284704,
              35.843075
            ],
            [
              129.284732,
              35.843086
            ],
            [
              129.285026,
              35.843201
            ],
            [
              129.285042,
              35.843208
            ],
            [
              129.285348,
              35.843357
            ],
            [
              129.285571,
              35.843492
            ],
            [
              129.285595,
              35.843507
            ],
            [
              129.285675,
              35.843553
            ],
            [
              129.285899,
              35.843715
            ],
            [
              129.285887,
              35.843731
            ],
            [
              129.28594,
              35.843775
            ],
            [
              129.285995,
              35.84384
            ],
            [
              129.286019,
              35.843882
            ],
            [
              129.286046,
              35.843946
            ],
            [
              129.286094,
              35.844128
            ],
            [
              129.286128,
              35.844309
            ],
            [
              129.28618,
              35.844587
            ],
            [
              129.286242,
              35.844788
            ],
            [
              129.286354,
              35.844863
            ],
            [
              129.286421,
              35.844888
            ],
            [
              129.28651,
              35.844899
            ],
            [
              129.286618,
              35.844889
            ],
            [
              129.286829,
              35.844815
            ],
            [
              129.286938,
              35.844696
            ],
            [
              129.287251,
              35.844363
            ],
            [
              129.287343,
              35.844318
            ],
            [
              129.287535,
              35.844417
            ],
            [
              129.287632,
              35.844467
            ],
            [
              129.287634,
              35.844542
            ],
            [
              129.287936,
              35.844717
            ],
            [
              129.287634,
              35.844542
            ],
            [
              129.287632,
              35.844467
            ],
            [
              129.287535,
              35.844417
            ],
            [
              129.287343,
              35.844318
            ],
            [
              129.287251,
              35.844363
            ],
            [
              129.286938,
              35.844696
            ],
            [
              129.286829,
              35.844815
            ],
            [
              129.286701,
              35.844951
            ],
            [
              129.286478,
              35.845133
            ],
            [
              129.286373,
              35.845216
            ],
            [
              129.286169,
              35.845342
            ],
            [
              129.285986,
              35.845455
            ],
            [
              129.285725,
              35.845597
            ],
            [
              129.285404,
              35.845741
            ],
            [
              129.285073,
              35.845883
            ],
            [
              129.284001,
              35.846322
            ],
            [
              129.283902,
              35.846138
            ],
            [
              129.283797,
              35.845949
            ],
            [
              129.283747,
              35.845886
            ],
            [
              129.283677,
              35.845801
            ],
            [
              129.283513,
              35.845706
            ],
            [
              129.283482,
              35.845688
            ],
            [
              129.282813,
              35.845295
            ],
            [
              129.282733,
              35.845228
            ],
            [
              129.282406,
              35.844987
            ],
            [
              129.282338,
              35.84494
            ],
            [
              129.282141,
              35.845073
            ],
            [
              129.281988,
              35.845141
            ],
            [
              129.28171,
              35.845194
            ],
            [
              129.281457,
              35.845248
            ],
            [
              129.28129,
              35.84526
            ],
            [
              129.281138,
              35.845265
            ],
            [
              129.281113,
              35.845307
            ],
            [
              129.281081,
              35.845362
            ],
            [
              129.281057,
              35.845436
            ],
            [
              129.281125,
              35.845554
            ],
            [
              129.281182,
              35.845697
            ],
            [
              129.281364,
              35.846078
            ],
            [
              129.281364,
              35.846121
            ],
            [
              129.28135,
              35.846218
            ],
            [
              129.281051,
              35.846655
            ],
            [
              129.280999,
              35.846697
            ],
            [
              129.280936,
              35.846743
            ],
            [
              129.280807,
              35.846828
            ],
            [
              129.280336,
              35.847043
            ],
            [
              129.280188,
              35.847119
            ],
            [
              129.280048,
              35.847197
            ],
            [
              129.279977,
              35.847266
            ],
            [
              129.279941,
              35.847333
            ],
            [
              129.279914,
              35.847484
            ],
            [
              129.279881,
              35.847641
            ],
            [
              129.27983,
              35.847774
            ],
            [
              129.279769,
              35.847901
            ],
            [
              129.27957,
              35.84804
            ],
            [
              129.279462,
              35.848126
            ],
            [
              129.279339,
              35.848115
            ],
            [
              129.279228,
              35.848097
            ],
            [
              129.279147,
              35.848135
            ],
            [
              129.279102,
              35.848172
            ],
            [
              129.278951,
              35.848271
            ],
            [
              129.278916,
              35.848318
            ],
            [
              129.278863,
              35.848463
            ],
            [
              129.278817,
              35.848558
            ],
            [
              129.278622,
              35.848723
            ],
            [
              129.278408,
              35.848885
            ],
            [
              129.277837,
              35.849314
            ],
            [
              129.277551,
              35.849545
            ],
            [
              129.277413,
              35.84965
            ],
            [
              129.277298,
              35.849723
            ],
            [
              129.277204,
              35.849779
            ],
            [
              129.276937,
              35.84987
            ],
            [
              129.276846,
              35.849897
            ],
            [
              129.276692,
              35.849918
            ],
            [
              129.276391,
              35.849968
            ],
            [
              129.275726,
              35.85007
            ],
            [
              129.275399,
              35.850129
            ],
            [
              129.275072,
              35.850233
            ],
            [
              129.274967,
              35.85029
            ],
            [
              129.274826,
              35.850382
            ],
            [
              129.274724,
              35.85052
            ],
            [
              129.274643,
              35.850575
            ],
            [
              129.274393,
              35.850749
            ],
            [
              129.274181,
              35.850852
            ],
            [
              129.27404,
              35.850902
            ],
            [
              129.273891,
              35.85094
            ],
            [
              129.273631,
              35.851007
            ],
            [
              129.273407,
              35.85103
            ],
            [
              129.2732,
              35.851015
            ],
            [
              129.2731,
              35.851031
            ],
            [
              129.272999,
              35.851046
            ],
            [
              129.272731,
              35.851223
            ],
            [
              129.272505,
              35.851314
            ],
            [
              129.272337,
              35.851384
            ],
            [
              129.272254,
              35.851461
            ],
            [
              129.272106,
              35.851648
            ],
            [
              129.27205,
              35.851745
            ],
            [
              129.271939,
              35.851899
            ],
            [
              129.271867,
              35.852038
            ],
            [
              129.27177,
              35.852226
            ],
            [
              129.271663,
              35.852527
            ],
            [
              129.271563,
              35.852744
            ],
            [
              129.271469,
              35.852889
            ],
            [
              129.271417,
              35.852996
            ],
            [
              129.271401,
              35.853125
            ],
            [
              129.271298,
              35.853569
            ],
            [
              129.27102,
              35.853911
            ],
            [
              129.270911,
              35.853978
            ],
            [
              129.270593,
              35.854055
            ],
            [
              129.270445,
              35.854083
            ],
            [
              129.270215,
              35.85411
            ],
            [
              129.270047,
              35.854069
            ],
            [
              129.269926,
              35.854027
            ],
            [
              129.269764,
              35.853894
            ],
            [
              129.269602,
              35.85372
            ],
            [
              129.269498,
              35.853602
            ],
            [
              129.269432,
              35.853501
            ],
            [
              129.269258,
              35.853217
            ],
            [
              129.269277,
              35.853159
            ],
            [
              129.269284,
              35.853081
            ],
            [
              129.269241,
              35.852969
            ],
            [
              129.269066,
              35.852795
            ],
            [
              129.268983,
              35.852722
            ],
            [
              129.268853,
              35.852608
            ],
            [
              129.268811,
              35.852571
            ],
            [
              129.268718,
              35.852452
            ],
            [
              129.268642,
              35.852425
            ],
            [
              129.268161,
              35.852252
            ],
            [
              129.2675,
              35.852015
            ],
            [
              129.267277,
              35.851928
            ],
            [
              129.267071,
              35.851919
            ],
            [
              129.266749,
              35.851941
            ],
            [
              129.266588,
              35.851995
            ],
            [
              129.266236,
              35.85216
            ],
            [
              129.266132,
              35.852182
            ],
            [
              129.265974,
              35.852145
            ],
            [
              129.265708,
              35.852069
            ],
            [
              129.265577,
              35.852116
            ],
            [
              129.265402,
              35.85205
            ],
            [
              129.264837,
              35.851836
            ],
            [
              129.264006,
              35.851517
            ],
            [
              129.263625,
              35.851375
            ],
            [
              129.263543,
              35.851348
            ],
            [
              129.263435,
              35.851309
            ],
            [
              129.263474,
              35.851171
            ],
            [
              129.263429,
              35.851005
            ],
            [
              129.26305,
              35.850738
            ],
            [
              129.262674,
              35.850518
            ],
            [
              129.262568,
              35.850523
            ],
            [
              129.262535,
              35.850429
            ],
            [
              129.262529,
              35.850412
            ],
            [
              129.262459,
              35.850209
            ],
            [
              129.262419,
              35.850095
            ],
            [
              129.262378,
              35.849989
            ],
            [
              129.262385,
              35.849945
            ],
            [
              129.262086,
              35.849829
            ],
            [
              129.262097,
              35.849656
            ],
            [
              129.262086,
              35.849829
            ],
            [
              129.262385,
              35.849945
            ],
            [
              129.262378,
              35.849989
            ],
            [
              129.262419,
              35.850095
            ],
            [
              129.262459,
              35.850209
            ],
            [
              129.262529,
              35.850412
            ],
            [
              129.262535,
              35.850429
            ],
            [
              129.262568,
              35.850523
            ],
            [
              129.262674,
              35.850518
            ],
            [
              129.26305,
              35.850738
            ],
            [
              129.263429,
              35.851005
            ],
            [
              129.263474,
              35.851171
            ],
            [
              129.263435,
              35.851309
            ],
            [
              129.263174,
              35.851213
            ],
            [
              129.262889,
              35.851109
            ],
            [
              129.262481,
              35.850958
            ],
            [
              129.262181,
              35.850846
            ],
            [
              129.261686,
              35.850615
            ],
            [
              129.261559,
              35.850542
            ],
            [
              129.261233,
              35.850355
            ],
            [
              129.26082,
              35.85006
            ],
            [
              129.260762,
              35.850008
            ],
            [
              129.260501,
              35.849768
            ],
            [
              129.259803,
              35.848892
            ],
            [
              129.259534,
              35.848539
            ],
            [
              129.259445,
              35.848393
            ],
            [
              129.258428,
              35.846724
            ],
            [
              129.258354,
              35.846602
            ],
            [
              129.258184,
              35.846326
            ],
            [
              129.258299,
              35.846224
            ],
            [
              129.258379,
              35.846204
            ],
            [
              129.25876,
              35.845874
            ],
            [
              129.259268,
              35.84537
            ],
            [
              129.259455,
              35.845196
            ],
            [
              129.259562,
              35.845094
            ],
            [
              129.259689,
              35.84499
            ],
            [
              129.25982,
              35.844895
            ],
            [
              129.259988,
              35.844795
            ],
            [
              129.260105,
              35.844736
            ],
            [
              129.260282,
              35.844681
            ],
            [
              129.260436,
              35.844636
            ],
            [
              129.260569,
              35.844613
            ],
            [
              129.260784,
              35.844604
            ],
            [
              129.261006,
              35.844623
            ],
            [
              129.261242,
              35.844671
            ],
            [
              129.261471,
              35.844752
            ],
            [
              129.261722,
              35.844891
            ],
            [
              129.262343,
              35.845384
            ],
            [
              129.263009,
              35.845932
            ],
            [
              129.263081,
              35.845989
            ],
            [
              129.263009,
              35.845932
            ],
            [
              129.262343,
              35.845384
            ],
            [
              129.261722,
              35.844891
            ],
            [
              129.261471,
              35.844752
            ],
            [
              129.261242,
              35.844671
            ],
            [
              129.261006,
              35.844623
            ],
            [
              129.260784,
              35.844604
            ],
            [
              129.260569,
              35.844613
            ],
            [
              129.260436,
              35.844636
            ],
            [
              129.260282,
              35.844681
            ],
            [
              129.260105,
              35.844736
            ],
            [
              129.259988,
              35.844795
            ],
            [
              129.25982,
              35.844895
            ],
            [
              129.259689,
              35.84499
            ],
            [
              129.259562,
              35.845094
            ],
            [
              129.259455,
              35.845196
            ],
            [
              129.259268,
              35.84537
            ],
            [
              129.259168,
              35.845325
            ],
            [
              129.257728,
              35.844691
            ]
          ]
        ]
      },
      "properties": {
        "id": "gyeongju-bomun",
        "region": "gyeongju",
        "themeId": "bomun",
        "title": "보문",
        "stops": [
          {
            "sequence": 1,
            "placeId": "j13",
            "name": "보문호반광장 (보행 접근점)",
            "category": "outdoors",
            "lat": 35.8420543223135,
            "lon": 129.284198700247,
            "routeSnapMeters": 5,
            "locationText": "경주시 관광 안내 보문호반길 접근점 · 보문호 중앙 핀 대신 사용",
            "scheduleText": "호반길의 정기 개폐시간은 확인되지 않았어요. 약 8km 일주는 넉넉히 약 2시간, 구간에 따라 다릅니다. 야간 조명은 계절별 변동.",
            "priceInfo": {
              "label": "보문호반길 산책",
              "price": "별도 입장료 안내 없음",
              "checked": "2026-10-06",
              "source": "https://www.gyeongju.go.kr/tour/page.do?area_uid=30&cmd=2&code_uid=1011&listType=&mnu_uid=2291&pageNo=5&sortKwd=&srchKwd=",
              "note": "호수 주변 주차장 중 무료 시설이 있으나 시작점별 조건이 다릅니다."
            }
          },
          {
            "sequence": 2,
            "placeId": "j123",
            "name": "보문민속식당",
            "category": "food",
            "lat": 35.8447662,
            "lon": 129.2879971,
            "routeSnapMeters": 8,
            "locationText": "경주시 보문로 435",
            "scheduleText": "2026-10-06 조회 주간 월~목·토 11:30~21:30, 금·일 11:30~21:00. 월~목 브레이크 14:00~16:00. 고정 규칙 여부 미확인.",
            "priceInfo": {
              "label": "곱창전골",
              "price": "25,000원",
              "checked": "2026-10-06",
              "source": "https://place.map.kakao.com/9043565",
              "note": "메뉴 가격은 카카오 등록값. 주문 단위·인원 조건 확인."
            },
            "mealRole": "lunch"
          },
          {
            "sequence": 3,
            "placeId": "j14",
            "name": "경주동궁원",
            "category": "experience",
            "lat": 35.8495070925255,
            "lon": 129.261660603897,
            "routeSnapMeters": 43,
            "locationText": "경주시 보문로 74-14",
            "scheduleText": "동궁식물원 09:30~19:00(입장 18:00), 월요일·1월 1일·설·추석 당일 휴원. 버드파크는 별도 10:00~19:00(입장 18:00), 연중무휴 안내.",
            "priceInfo": {
              "label": "동궁식물원 성인",
              "price": "5,000원",
              "checked": "2026-10-06",
              "source": "https://gyeongju.go.kr/epg/?c=3",
              "note": "식물원 청소년 4,000원·초등생 3,000원. 버드파크 별도: 대인 20,000원·소인 15,000원. 감면·단체권은 운영처 확인."
            }
          },
          {
            "sequence": 4,
            "placeId": "j80",
            "name": "라원",
            "category": "experience",
            "lat": 35.8469375,
            "lon": 129.2619375,
            "routeSnapMeters": 148,
            "locationText": "경주시 경감로 233 · 디지털 식물원",
            "scheduleText": "09:30~19:00, 입장 18:00. 월요일·1월1일·설·추석 당일 등 휴원.",
            "priceInfo": {
              "label": "성인 일반권",
              "price": "16,000원",
              "checked": "2026-10-06",
              "source": "https://gyeongju.go.kr/epg/?c=1%2F8",
              "note": "청소년 13,000원·어린이 10,000원. 7~8월·11~3월 시즌 할인 성인 14,000원 등."
            }
          },
          {
            "sequence": 5,
            "placeId": "j56",
            "name": "레스트205",
            "category": "cafe",
            "lat": 35.8449375,
            "lon": 129.2575625,
            "routeSnapMeters": 31,
            "locationText": "경주시 숲머리길 205",
            "scheduleText": "매일 10:00~21:30 관광 게시값.",
            "priceInfo": {
              "label": "아메리카노",
              "price": "5,000원",
              "checked": "2026-10-06",
              "source": "https://visitgyeongju.or.kr/cuisine/view/535f4040060409440a4100434c51424d41",
              "note": "앙버터 소금빵 5,900원·다크초코 크로플 5,000원 관광 게시값."
            }
          }
        ],
        "stopCount": 5,
        "distanceMeters": 6132,
        "walkingMinutes": 82,
        "checkedAt": "2026-10-07",
        "profile": "foot",
        "source": "OpenStreetMap FOSSGIS OSRM foot, saved walking network route checked 2026-10-07",
        "mapData": "© OpenStreetMap contributors",
        "maxPlaceSnapMeters": 148,
        "accessNotes": [
          "보문호 가운데 핀을 출발점으로 쓰지 않고, 경주시 관광 안내가 연결하는 보문호반광장 접근점으로 바꿨습니다. 오늘 걷는 구간은 약 6km이며, 호수 전체 순환 산책을 추가하면 더 길어집니다.",
          "출발·도착 기본 권역: 시내 숙소권. 개별 숙소는 선택하지 않았고 숙소 핀은 지도에 표시하지 않습니다.",
          "길선은 보행 구간만 저장했습니다. 버스 구간을 직선이나 도보선으로 그리지 않았습니다."
        ],
        "returnTransitChecked": false,
        "hoursAreDaySpecific": false,
        "placePool": [
          {
            "sequence": 1,
            "placeId": "j13",
            "name": "보문호",
            "category": "outdoors",
            "lat": 35.8446063858245,
            "lon": 129.277537955915,
            "routeSnapMeters": 330,
            "locationText": "경주시 보문단지 · 호수 대표점"
          },
          {
            "sequence": 2,
            "placeId": "j123",
            "name": "보문민속식당",
            "category": "food",
            "lat": 35.8447662,
            "lon": 129.2879971,
            "routeSnapMeters": 17,
            "locationText": "경주시 보문로 435"
          },
          {
            "sequence": 3,
            "placeId": "j16",
            "name": "경주엑스포대공원",
            "category": "culture",
            "lat": 35.8308656368076,
            "lon": 129.288347916435,
            "routeSnapMeters": 23,
            "locationText": "경주시 경감로 614"
          },
          {
            "sequence": 4,
            "placeId": "j56",
            "name": "레스트205",
            "category": "cafe",
            "lat": 35.8449375,
            "lon": 129.2575625,
            "routeSnapMeters": 31,
            "locationText": "경주시 숲머리길 205"
          },
          {
            "sequence": 5,
            "placeId": "j80",
            "name": "라원",
            "category": "experience",
            "lat": 35.8469375,
            "lon": 129.2619375,
            "routeSnapMeters": 147,
            "locationText": "경주시 경감로 233 · 디지털 식물원"
          },
          {
            "sequence": 6,
            "placeId": "j14",
            "name": "경주동궁원",
            "category": "experience",
            "lat": 35.8495070925255,
            "lon": 129.261660603897,
            "routeSnapMeters": 43,
            "locationText": "경주시 보문로 74-14"
          },
          {
            "sequence": 7,
            "placeId": "j49",
            "name": "아화전통국수 보문점",
            "category": "food",
            "lat": 35.8525796021,
            "lon": 129.26347888,
            "routeSnapMeters": 18,
            "locationText": "경주시 북군길 25"
          }
        ],
        "placePoolCount": 7,
        "themePlaceCount": 7,
        "walkingDistanceMeters": 6132,
        "geometryMode": "walking-segments-only",
        "originArea": "경주 시내 숙소권 (숙소 미선택)",
        "destinationArea": "경주 시내 숙소권",
        "busLegs": [
          {
            "from": "시내 숙소권",
            "to": "보문호반광장 접근점",
            "route": "시내버스 10번 계열",
            "boardings": 1,
            "checkedAt": "2026-10-07",
            "sourceUrl": "https://gyeongju.go.kr/tour/page.do?mnu_uid=4748",
            "sourceTitle": "경주시 관광 10번 버스 노선·보문호반광장 안내",
            "scheduleStatus": "노선·정류장 후보만 확인. 여행일 운행 시각과 귀환편 미확인.",
            "stopCandidate": "경주시 시내버스 안내: 보문호반광장 정류장 후보(01-146)",
            "sourceCheckedAt": "2026-10-07"
          },
          {
            "from": "레스트205 일대",
            "to": "시내 숙소권",
            "route": "시내버스 10번 계열",
            "boardings": 1,
            "checkedAt": "2026-10-07",
            "sourceUrl": "https://gyeongju.go.kr/tour/page.do?mnu_uid=4748",
            "sourceTitle": "경주시 관광 10번 버스 노선·보문호반광장 안내",
            "scheduleStatus": "노선·정류장 후보만 확인. 여행일 운행 시각과 귀환편 미확인.",
            "stopCandidate": "보문권 승차 정류장 위치 확인 필요",
            "sourceCheckedAt": "2026-10-07"
          }
        ],
        "busRides": 2,
        "transitStatus": "노선은 후보. 여행 날짜의 정류장·시각·막차·귀환편 미확인",
        "meals": [
          {
            "slot": "아침",
            "placeId": "j129",
            "name": "고유한우국밥",
            "price": "12,000원",
            "menu": "한우국밥",
            "hours": "2026-10-06 조회 주간 월~수 07:30~16:00, 목~일 07:30~22:00. 고정 규칙 여부 미확인.",
            "source": "https://place.map.kakao.com/2012283904",
            "checkedAt": "2026-10-06",
            "placement": "시내 숙소권에서 출발 전",
            "withinWalkingLine": false
          },
          {
            "slot": "점심",
            "placeId": "j123",
            "name": "보문민속식당",
            "price": "25,000원",
            "menu": "곱창전골",
            "hours": "2026-10-06 조회 주간 월~목·토 11:30~21:30, 금·일 11:30~21:00. 월~목 브레이크 14:00~16:00. 고정 규칙 여부 미확인.",
            "source": "https://place.map.kakao.com/9043565",
            "checkedAt": "2026-10-06",
            "placement": "테마 방문 중",
            "withinWalkingLine": true
          },
          {
            "slot": "저녁",
            "placeId": "j41",
            "name": "영양숯불갈비",
            "price": "27,000원",
            "menu": "한우 갈비살 110g",
            "hours": "월~금 10:30~21:00, 토·일·공휴일 10:30~21:30. 평일 15:00~17:00 브레이크, 주말·공휴일 브레이크 없음.",
            "source": "https://visitgyeongju.or.kr/kr/cuisine/view/535f40400605094c0a40054747514b464d",
            "checkedAt": "2026-10-06",
            "placement": "시내 숙소권으로 돌아온 뒤",
            "withinWalkingLine": false
          }
        ],
        "mealCount": 3,
        "cafeCount": 1,
        "cafeLimit": 3,
        "placePoolNote": "테마 장소 후보 수와 오늘 실제 방문 수를 구분합니다. 보존한 후보 전체는 placePool에 있습니다.",
        "hoursNote": "저장된 운영시간은 조사 시점 표기입니다. 요일·휴무·입장 마감·재료 소진을 방문일에 다시 확인하세요.",
        "transitSource": {
          "url": "https://gyeongju.go.kr/tour/page.do?mnu_uid=4748",
          "label": "경주시 관광 10번 버스 노선·보문호반광장 안내"
        },
        "unverifiedAccess": [
          {
            "placeId": "j80",
            "placeName": "라원",
            "gapMeters": 148,
            "checkedAt": "2026-10-07",
            "status": "unverified",
            "note": "대표 핀과 보행망 접점 사이의 보도·출입구 연결을 확인하지 못해 이 구간은 길선으로 잇지 않음."
          }
        ],
        "walkingRouteUrl": "https://www.openstreetmap.org/directions?engine=fossgis_osrm_foot&route=35.8420543223135,129.284198700247;35.8447662,129.2879971;35.8495070925255,129.261660603897;35.8469375,129.2619375;35.8449375,129.2575625",
        "walkingProvider": "fossgis-osrm-foot",
        "geometryProvider": "FOSSGIS OSRM foot"
      }
    },
    {
      "type": "Feature",
      "id": "gyeongju-bulguksa",
      "geometry": {
        "type": "MultiLineString",
        "coordinates": [
          [
            [
              129.331942,
              35.789892
            ],
            [
              129.332121,
              35.789915
            ],
            [
              129.3323,
              35.78994
            ],
            [
              129.332289,
              35.789991
            ],
            [
              129.33232,
              35.789994
            ],
            [
              129.332421,
              35.79001
            ],
            [
              129.33257,
              35.789948
            ],
            [
              129.332618,
              35.789844
            ],
            [
              129.332597,
              35.789774
            ],
            [
              129.332176,
              35.789641
            ],
            [
              129.332287,
              35.789077
            ],
            [
              129.332291,
              35.789066
            ],
            [
              129.332301,
              35.789023
            ],
            [
              129.332399,
              35.78857
            ],
            [
              129.332466,
              35.788567
            ],
            [
              129.332582,
              35.788531
            ],
            [
              129.332697,
              35.788452
            ],
            [
              129.332798,
              35.788385
            ],
            [
              129.332874,
              35.788373
            ],
            [
              129.33293,
              35.788392
            ],
            [
              129.332874,
              35.788373
            ],
            [
              129.332798,
              35.788385
            ],
            [
              129.332697,
              35.788452
            ],
            [
              129.332582,
              35.788531
            ],
            [
              129.332466,
              35.788567
            ],
            [
              129.332399,
              35.78857
            ],
            [
              129.332489,
              35.788152
            ],
            [
              129.332504,
              35.788037
            ],
            [
              129.332529,
              35.787848
            ],
            [
              129.332537,
              35.787786
            ],
            [
              129.332374,
              35.787496
            ],
            [
              129.332382,
              35.787316
            ],
            [
              129.332416,
              35.787214
            ],
            [
              129.332423,
              35.787193
            ],
            [
              129.332431,
              35.78717
            ],
            [
              129.332521,
              35.786896
            ],
            [
              129.332438,
              35.786844
            ],
            [
              129.332728,
              35.786352
            ],
            [
              129.333565,
              35.786789
            ],
            [
              129.333699,
              35.78681
            ],
            [
              129.333828,
              35.78681
            ],
            [
              129.333927,
              35.786781
            ],
            [
              129.333997,
              35.786727
            ],
            [
              129.334025,
              35.786648
            ],
            [
              129.333982,
              35.786538
            ],
            [
              129.333843,
              35.786368
            ],
            [
              129.333852,
              35.786194
            ],
            [
              129.333871,
              35.786033
            ],
            [
              129.333715,
              35.785715
            ],
            [
              129.333736,
              35.785634
            ],
            [
              129.333813,
              35.785545
            ],
            [
              129.333889,
              35.785525
            ],
            [
              129.333992,
              35.785529
            ],
            [
              129.333889,
              35.785525
            ],
            [
              129.333813,
              35.785545
            ],
            [
              129.333736,
              35.785634
            ],
            [
              129.333715,
              35.785715
            ],
            [
              129.333871,
              35.786033
            ],
            [
              129.333852,
              35.786194
            ],
            [
              129.333843,
              35.786368
            ],
            [
              129.333982,
              35.786538
            ],
            [
              129.334025,
              35.786648
            ],
            [
              129.333997,
              35.786727
            ],
            [
              129.333927,
              35.786781
            ],
            [
              129.333828,
              35.78681
            ],
            [
              129.333699,
              35.78681
            ],
            [
              129.333565,
              35.786789
            ],
            [
              129.332728,
              35.786352
            ],
            [
              129.332438,
              35.786844
            ],
            [
              129.332194,
              35.786745
            ],
            [
              129.331979,
              35.786555
            ],
            [
              129.331872,
              35.786451
            ],
            [
              129.331807,
              35.786407
            ],
            [
              129.331581,
              35.786258
            ],
            [
              129.331341,
              35.786169
            ],
            [
              129.33115,
              35.786166
            ],
            [
              129.330971,
              35.786187
            ],
            [
              129.330516,
              35.786294
            ],
            [
              129.330348,
              35.786333
            ],
            [
              129.330356,
              35.786459
            ],
            [
              129.330274,
              35.786481
            ],
            [
              129.330206,
              35.786522
            ],
            [
              129.330176,
              35.786549
            ],
            [
              129.330105,
              35.786549
            ],
            [
              129.33004,
              35.786539
            ],
            [
              129.32998,
              35.786527
            ],
            [
              129.329879,
              35.786527
            ],
            [
              129.329825,
              35.78654
            ],
            [
              129.329773,
              35.786562
            ],
            [
              129.329725,
              35.7866
            ],
            [
              129.329633,
              35.786662
            ],
            [
              129.329532,
              35.786722
            ],
            [
              129.329492,
              35.786788
            ],
            [
              129.3294,
              35.786822
            ],
            [
              129.329336,
              35.786892
            ],
            [
              129.329287,
              35.786968
            ],
            [
              129.329262,
              35.787002
            ],
            [
              129.32921,
              35.787028
            ],
            [
              129.329124,
              35.787043
            ],
            [
              129.329018,
              35.78709
            ],
            [
              129.328989,
              35.787129
            ],
            [
              129.328757,
              35.787113
            ],
            [
              129.328384,
              35.787067
            ],
            [
              129.328226,
              35.787191
            ],
            [
              129.32807,
              35.787051
            ],
            [
              129.327904,
              35.786901
            ],
            [
              129.327738,
              35.786748
            ],
            [
              129.327487,
              35.786534
            ],
            [
              129.327453,
              35.78656
            ],
            [
              129.327134,
              35.786803
            ],
            [
              129.326897,
              35.786983
            ],
            [
              129.327134,
              35.786803
            ],
            [
              129.327453,
              35.78656
            ],
            [
              129.327487,
              35.786534
            ],
            [
              129.327529,
              35.786502
            ],
            [
              129.327121,
              35.786146
            ],
            [
              129.327145,
              35.786128
            ],
            [
              129.327185,
              35.786099
            ],
            [
              129.327382,
              35.785952
            ],
            [
              129.327503,
              35.785859
            ],
            [
              129.3277,
              35.785703
            ],
            [
              129.328001,
              35.785499
            ],
            [
              129.327736,
              35.785272
            ],
            [
              129.327905,
              35.785142
            ]
          ]
        ]
      },
      "properties": {
        "id": "gyeongju-bulguksa",
        "region": "gyeongju",
        "themeId": "bulguksa",
        "title": "불국사",
        "stops": [
          {
            "sequence": 1,
            "placeId": "j17",
            "name": "불국사",
            "category": "culture",
            "lat": 35.7899146617238,
            "lon": 129.331842609049,
            "routeSnapMeters": 9,
            "locationText": "경주시 불국로 385 · 사찰 영역 대표점",
            "scheduleText": "사찰 09:00~18:00, 입장 17:00까지라는 경주시 게시값. 계절·종교행사 변동 확인.",
            "priceInfo": {
              "label": "불국사 사찰 관람",
              "price": "무료",
              "checked": "2026-10-06",
              "source": "https://www.gyeongju.go.kr/tour_bak/page.do?mnu_uid=2533",
              "note": "경내 불국사박물관은 별도 유료: 성인 2,000원, 청소년·어린이 1,000원."
            }
          },
          {
            "sequence": 2,
            "placeId": "j74",
            "name": "불국사박물관",
            "category": "culture",
            "lat": 35.7885625,
            "lon": 129.3331875,
            "routeSnapMeters": 30,
            "locationText": "경주시 진현동 15 · 불국사 경내 별도 전시관",
            "scheduleText": "09:00~18:00, 동절기 17:00까지. 월요일·1월1일·설·추석 휴관.",
            "priceInfo": {
              "label": "성인 입장",
              "price": "2,000원",
              "checked": "2026-10-06",
              "source": "https://www.gyeongju.go.kr/tour/page.do?area_uid=252&cmd=2&code_uid=1015&mnu_uid=4717",
              "note": "청소년·어린이 1,000원. 불국사 사찰 입장과 별도 전시 공간."
            }
          },
          {
            "sequence": 3,
            "placeId": "j77",
            "name": "동리목월문학관",
            "category": "culture",
            "lat": 35.7850625,
            "lon": 129.3340625,
            "routeSnapMeters": 52,
            "locationText": "경주시 불국로 406-3",
            "scheduleText": "09:00~18:00, 겨울 17:00까지. 월·화요일, 1월1일·설·추석 휴관.",
            "priceInfo": {
              "label": "문학관 관람",
              "price": "무료",
              "checked": "2026-10-06",
              "source": "https://www.gyeongju.go.kr/tour/page.do?area_uid=85&cmd=2&code_uid=1015&mnu_uid=4717",
              "note": "Google 지도는 3.9/194건, 카카오맵은 5.0/4건으로 사용자 기준 중 카카오를 충족."
            }
          },
          {
            "sequence": 4,
            "placeId": "j119",
            "name": "경춘재",
            "category": "food",
            "lat": 35.7868958,
            "lon": 129.3267969,
            "routeSnapMeters": 13,
            "locationText": "경주시 진현로2길 61-7",
            "scheduleText": "조회 주간 수~월 08:00~16:00.",
            "priceInfo": {
              "label": "문어비빔밥",
              "price": "16,000원",
              "checked": "2026-10-06",
              "source": "https://place.map.kakao.com/908617905",
              "note": "고등어구이 15,000원도 카카오 등록값."
            },
            "mealRole": "lunch"
          },
          {
            "sequence": 5,
            "placeId": "j174",
            "name": "로머스커피",
            "category": "cafe",
            "lat": 35.78504916908312,
            "lon": 129.32779580518095,
            "routeSnapMeters": 14,
            "locationText": "경주시 불국신택지7길 11",
            "scheduleText": "카카오맵 조회 주간에는 수~월 08:30~18:00로 표시되어 있습니다. Google 지도의 19:00 마감과 서로 다릅니다.",
            "priceInfo": {
              "label": "흑임자크림라떼",
              "price": "6,500원",
              "source": "https://place.map.kakao.com/1183023826",
              "checked": "2026-10-06",
              "note": "카카오맵은 아메리카노 5,000원, 플랫화이트 5,500원으로 안내합니다. 후기의 아메리카노 4,500원과 레몬 마들렌 2,500원은 2022년 당시 가격입니다."
            }
          }
        ],
        "stopCount": 5,
        "distanceMeters": 2190,
        "walkingMinutes": 29,
        "checkedAt": "2026-10-07",
        "profile": "foot",
        "source": "OpenStreetMap FOSSGIS OSRM foot, saved walking network route checked 2026-10-07",
        "mapData": "© OpenStreetMap contributors",
        "maxPlaceSnapMeters": 52,
        "accessNotes": [
          "석굴암은 보존한 테마 후보에 남기되 오늘 걷는 동선에서는 뺐습니다. 불국사에서 오르막길을 걸어 잇지 않고 12번 버스를 이용하는 별도 방문이 맞으며, 왕복을 더하면 이 날의 버스 2~3회 기준을 넘길 수 있습니다.",
          "출발·도착 기본 권역: 시내 숙소권. 개별 숙소는 선택하지 않았고 숙소 핀은 지도에 표시하지 않습니다.",
          "길선은 보행 구간만 저장했습니다. 버스 구간을 직선이나 도보선으로 그리지 않았습니다."
        ],
        "returnTransitChecked": false,
        "hoursAreDaySpecific": false,
        "placePool": [
          {
            "sequence": 1,
            "placeId": "j17",
            "name": "불국사",
            "category": "culture",
            "lat": 35.7899146617238,
            "lon": 129.331842609049,
            "routeSnapMeters": 9,
            "locationText": "경주시 불국로 385 · 사찰 영역 대표점"
          },
          {
            "sequence": 2,
            "placeId": "j74",
            "name": "불국사박물관",
            "category": "culture",
            "lat": 35.7885625,
            "lon": 129.3331875,
            "routeSnapMeters": 30,
            "locationText": "경주시 진현동 15 · 불국사 경내 별도 전시관"
          },
          {
            "sequence": 3,
            "placeId": "j77",
            "name": "동리목월문학관",
            "category": "culture",
            "lat": 35.7850625,
            "lon": 129.3340625,
            "routeSnapMeters": 52,
            "locationText": "경주시 불국로 406-3"
          },
          {
            "sequence": 4,
            "placeId": "j119",
            "name": "경춘재",
            "category": "food",
            "lat": 35.7868958,
            "lon": 129.3267969,
            "routeSnapMeters": 13,
            "locationText": "경주시 진현로2길 61-7"
          },
          {
            "sequence": 5,
            "placeId": "j154",
            "name": "카페 바흐",
            "category": "cafe",
            "lat": 35.79365354798855,
            "lon": 129.30941856955047,
            "routeSnapMeters": 83,
            "locationText": "경주시 하동1길 43-12 2층"
          },
          {
            "sequence": 6,
            "placeId": "j161",
            "name": "바실라",
            "category": "cafe",
            "lat": 35.80174612171951,
            "lon": 129.31159954440753,
            "routeSnapMeters": 14,
            "locationText": "경주시 하동못안길 88"
          },
          {
            "sequence": 7,
            "placeId": "j18",
            "name": "석굴암",
            "category": "culture",
            "lat": 35.795241662003,
            "lon": 129.350520734467,
            "routeSnapMeters": 140,
            "locationText": "경주시 석굴로 238 · 석굴 위치 대표점"
          }
        ],
        "placePoolCount": 7,
        "themePlaceCount": 7,
        "walkingDistanceMeters": 2190,
        "geometryMode": "walking-segments-only",
        "originArea": "경주 시내 숙소권 (숙소 미선택)",
        "destinationArea": "경주 시내 숙소권",
        "busLegs": [
          {
            "from": "시내 숙소권",
            "to": "불국사 권역",
            "route": "시내버스 10번 계열",
            "boardings": 1,
            "checkedAt": "2026-10-07",
            "sourceUrl": "https://gyeongju.go.kr/tour/page.do?mnu_uid=4748",
            "sourceTitle": "경주시 관광 10번 버스 노선·불국사 안내",
            "scheduleStatus": "노선·정류장 후보만 확인. 여행일 운행 시각과 귀환편 미확인.",
            "stopCandidate": "시외버스터미널 방향 정류장 후보",
            "sourceCheckedAt": "2026-10-07"
          },
          {
            "from": "불국사 권역",
            "to": "시내 숙소권",
            "route": "시내버스 10번 계열",
            "boardings": 1,
            "checkedAt": "2026-10-07",
            "sourceUrl": "https://gyeongju.go.kr/tour/page.do?mnu_uid=4748",
            "sourceTitle": "경주시 관광 10번 버스 노선·불국사 안내",
            "scheduleStatus": "노선·정류장 후보만 확인. 여행일 운행 시각과 귀환편 미확인.",
            "stopCandidate": "불국사 회차지점 정류장 후보",
            "sourceCheckedAt": "2026-10-07"
          }
        ],
        "busRides": 2,
        "transitStatus": "노선은 후보. 여행 날짜의 정류장·시각·막차·귀환편 미확인",
        "meals": [
          {
            "slot": "아침",
            "placeId": "j129",
            "name": "고유한우국밥",
            "price": "12,000원",
            "menu": "한우국밥",
            "hours": "2026-10-06 조회 주간 월~수 07:30~16:00, 목~일 07:30~22:00. 고정 규칙 여부 미확인.",
            "source": "https://place.map.kakao.com/2012283904",
            "checkedAt": "2026-10-06",
            "placement": "시내 숙소권에서 출발 전",
            "withinWalkingLine": false
          },
          {
            "slot": "점심",
            "placeId": "j119",
            "name": "경춘재",
            "price": "16,000원",
            "menu": "문어비빔밥",
            "hours": "조회 주간 수~월 08:00~16:00.",
            "source": "https://place.map.kakao.com/908617905",
            "checkedAt": "2026-10-06",
            "placement": "테마 방문 중",
            "withinWalkingLine": true
          },
          {
            "slot": "저녁",
            "placeId": "j41",
            "name": "영양숯불갈비",
            "price": "27,000원",
            "menu": "한우 갈비살 110g",
            "hours": "월~금 10:30~21:00, 토·일·공휴일 10:30~21:30. 평일 15:00~17:00 브레이크, 주말·공휴일 브레이크 없음.",
            "source": "https://visitgyeongju.or.kr/kr/cuisine/view/535f40400605094c0a40054747514b464d",
            "checkedAt": "2026-10-06",
            "placement": "시내 숙소권으로 돌아온 뒤",
            "withinWalkingLine": false
          }
        ],
        "mealCount": 3,
        "cafeCount": 1,
        "cafeLimit": 3,
        "placePoolNote": "테마 장소 후보 수와 오늘 실제 방문 수를 구분합니다. 보존한 후보 전체는 placePool에 있습니다.",
        "hoursNote": "저장된 운영시간은 조사 시점 표기입니다. 요일·휴무·입장 마감·재료 소진을 방문일에 다시 확인하세요.",
        "optionalVisitNotes": [
          "석굴암은 테마 후보로 보존. 불국사에서 12번 버스 이용 권고, 현재 방문일 시각은 미확인. 오늘 일정의 왕복 버스 한도를 넘길 수 있어 별도 일정으로 분리."
        ],
        "transitSource": {
          "url": "https://gyeongju.go.kr/tour/page.do?mnu_uid=4748",
          "label": "경주시 관광 10번 버스 노선·불국사 안내"
        },
        "unverifiedAccess": [],
        "walkingRouteUrl": "https://www.openstreetmap.org/directions?engine=fossgis_osrm_foot&route=35.7899146617238,129.331842609049;35.7885625,129.3331875;35.7850625,129.3340625;35.7868958,129.3267969;35.78504916908312,129.32779580518095",
        "walkingProvider": "fossgis-osrm-foot",
        "geometryProvider": "FOSSGIS OSRM foot"
      }
    },
    {
      "type": "Feature",
      "id": "gyeongju-gampo",
      "geometry": {
        "type": "MultiLineString",
        "coordinates": [
          [
            [
              129.506427,
              35.805625
            ],
            [
              129.505774,
              35.805053
            ],
            [
              129.505025,
              35.804397
            ],
            [
              129.50499,
              35.804404
            ],
            [
              129.504944,
              35.804395
            ],
            [
              129.504876,
              35.804376
            ],
            [
              129.504824,
              35.804368
            ],
            [
              129.504761,
              35.804362
            ],
            [
              129.504706,
              35.804363
            ],
            [
              129.503776,
              35.804509
            ],
            [
              129.502883,
              35.804567
            ],
            [
              129.502627,
              35.805086
            ],
            [
              129.502617,
              35.805114
            ],
            [
              129.502613,
              35.805147
            ],
            [
              129.502602,
              35.80528
            ],
            [
              129.502758,
              35.805321
            ],
            [
              129.502776,
              35.805329
            ],
            [
              129.502785,
              35.805336
            ],
            [
              129.50279,
              35.805346
            ],
            [
              129.502793,
              35.805362
            ],
            [
              129.502778,
              35.805831
            ],
            [
              129.50278,
              35.805845
            ],
            [
              129.502783,
              35.805859
            ],
            [
              129.503412,
              35.807165
            ],
            [
              129.503429,
              35.807201
            ],
            [
              129.50355,
              35.807452
            ],
            [
              129.503587,
              35.807506
            ],
            [
              129.503611,
              35.807529
            ],
            [
              129.503637,
              35.807553
            ],
            [
              129.504186,
              35.807953
            ],
            [
              129.504593,
              35.808262
            ],
            [
              129.505385,
              35.808834
            ],
            [
              129.505428,
              35.808861
            ],
            [
              129.505452,
              35.808873
            ],
            [
              129.50548,
              35.808882
            ],
            [
              129.505517,
              35.80889
            ],
            [
              129.505559,
              35.808894
            ],
            [
              129.506239,
              35.808905
            ],
            [
              129.506282,
              35.808904
            ],
            [
              129.506318,
              35.808899
            ],
            [
              129.506329,
              35.808998
            ],
            [
              129.506323,
              35.809299
            ],
            [
              129.506475,
              35.809266
            ],
            [
              129.506557,
              35.809243
            ],
            [
              129.507008,
              35.80911
            ],
            [
              129.507071,
              35.809085
            ],
            [
              129.507131,
              35.80905
            ],
            [
              129.507272,
              35.808968
            ],
            [
              129.5074,
              35.808908
            ],
            [
              129.507551,
              35.808843
            ],
            [
              129.507619,
              35.808805
            ],
            [
              129.507668,
              35.808769
            ],
            [
              129.507723,
              35.808719
            ],
            [
              129.507927,
              35.808643
            ],
            [
              129.508075,
              35.808598
            ],
            [
              129.508246,
              35.808561
            ],
            [
              129.508323,
              35.808544
            ],
            [
              129.508388,
              35.808526
            ],
            [
              129.508459,
              35.808496
            ],
            [
              129.50854,
              35.808457
            ],
            [
              129.508585,
              35.808439
            ],
            [
              129.508646,
              35.808427
            ],
            [
              129.508717,
              35.808422
            ],
            [
              129.508774,
              35.808427
            ],
            [
              129.509005,
              35.80848
            ],
            [
              129.509086,
              35.808492
            ],
            [
              129.509188,
              35.808495
            ],
            [
              129.50933,
              35.8085
            ],
            [
              129.509336,
              35.808469
            ],
            [
              129.509347,
              35.808442
            ],
            [
              129.509368,
              35.808402
            ],
            [
              129.509709,
              35.807958
            ],
            [
              129.509826,
              35.807831
            ],
            [
              129.509903,
              35.807754
            ],
            [
              129.509958,
              35.807701
            ],
            [
              129.509998,
              35.807672
            ],
            [
              129.510041,
              35.807648
            ],
            [
              129.510091,
              35.807629
            ],
            [
              129.510138,
              35.807618
            ],
            [
              129.51023,
              35.807606
            ],
            [
              129.510279,
              35.807601
            ],
            [
              129.510325,
              35.807591
            ],
            [
              129.510367,
              35.807574
            ],
            [
              129.510414,
              35.807548
            ],
            [
              129.510738,
              35.807382
            ],
            [
              129.511185,
              35.807068
            ],
            [
              129.510738,
              35.807382
            ],
            [
              129.510414,
              35.807548
            ],
            [
              129.510367,
              35.807574
            ],
            [
              129.510325,
              35.807591
            ],
            [
              129.510279,
              35.807601
            ],
            [
              129.51023,
              35.807606
            ],
            [
              129.510138,
              35.807618
            ],
            [
              129.510091,
              35.807629
            ],
            [
              129.510041,
              35.807648
            ],
            [
              129.509998,
              35.807672
            ],
            [
              129.509958,
              35.807701
            ],
            [
              129.509903,
              35.807754
            ],
            [
              129.509826,
              35.807831
            ],
            [
              129.509709,
              35.807958
            ],
            [
              129.509368,
              35.808402
            ],
            [
              129.509347,
              35.808442
            ],
            [
              129.509336,
              35.808469
            ],
            [
              129.50933,
              35.8085
            ],
            [
              129.509188,
              35.808495
            ],
            [
              129.509086,
              35.808492
            ],
            [
              129.509005,
              35.80848
            ],
            [
              129.508774,
              35.808427
            ],
            [
              129.508717,
              35.808422
            ],
            [
              129.508646,
              35.808427
            ],
            [
              129.508585,
              35.808439
            ],
            [
              129.50854,
              35.808457
            ],
            [
              129.508459,
              35.808496
            ],
            [
              129.508388,
              35.808526
            ],
            [
              129.508323,
              35.808544
            ],
            [
              129.508246,
              35.808561
            ],
            [
              129.508075,
              35.808598
            ],
            [
              129.507927,
              35.808643
            ],
            [
              129.507723,
              35.808719
            ],
            [
              129.507668,
              35.808769
            ],
            [
              129.507619,
              35.808805
            ],
            [
              129.507551,
              35.808843
            ],
            [
              129.5074,
              35.808908
            ],
            [
              129.507272,
              35.808968
            ],
            [
              129.507131,
              35.80905
            ],
            [
              129.507071,
              35.809085
            ],
            [
              129.507008,
              35.80911
            ],
            [
              129.506557,
              35.809243
            ],
            [
              129.506475,
              35.809266
            ],
            [
              129.506323,
              35.809299
            ],
            [
              129.506329,
              35.808998
            ],
            [
              129.506318,
              35.808899
            ],
            [
              129.506282,
              35.808904
            ],
            [
              129.506239,
              35.808905
            ],
            [
              129.505559,
              35.808894
            ],
            [
              129.505517,
              35.80889
            ],
            [
              129.50548,
              35.808882
            ],
            [
              129.505452,
              35.808873
            ],
            [
              129.505428,
              35.808861
            ],
            [
              129.505385,
              35.808834
            ],
            [
              129.504593,
              35.808262
            ],
            [
              129.504186,
              35.807953
            ],
            [
              129.503637,
              35.807553
            ],
            [
              129.503611,
              35.807529
            ],
            [
              129.503587,
              35.807506
            ],
            [
              129.50355,
              35.807452
            ],
            [
              129.503429,
              35.807201
            ],
            [
              129.503412,
              35.807165
            ],
            [
              129.502783,
              35.805859
            ],
            [
              129.502645,
              35.805903
            ],
            [
              129.502621,
              35.805907
            ],
            [
              129.502594,
              35.805911
            ],
            [
              129.502571,
              35.805911
            ],
            [
              129.50252,
              35.805901
            ],
            [
              129.502491,
              35.805895
            ],
            [
              129.502404,
              35.805906
            ],
            [
              129.502243,
              35.805927
            ],
            [
              129.502251,
              35.805963
            ],
            [
              129.501751,
              35.805999
            ],
            [
              129.501656,
              35.805776
            ],
            [
              129.501641,
              35.80568
            ],
            [
              129.50164,
              35.805671
            ],
            [
              129.501638,
              35.805537
            ],
            [
              129.50172,
              35.805221
            ],
            [
              129.501773,
              35.805054
            ],
            [
              129.501791,
              35.804996
            ],
            [
              129.501984,
              35.805041
            ],
            [
              129.501998,
              35.804999
            ],
            [
              129.502119,
              35.805023
            ]
          ],
          [
            [
              129.498782,
              35.792818
            ],
            [
              129.498841,
              35.792879
            ],
            [
              129.498802,
              35.792951
            ],
            [
              129.498848,
              35.792986
            ],
            [
              129.49903,
              35.792974
            ],
            [
              129.499085,
              35.792997
            ],
            [
              129.499124,
              35.793049
            ],
            [
              129.499112,
              35.793079
            ],
            [
              129.499103,
              35.793117
            ],
            [
              129.499118,
              35.79315
            ],
            [
              129.499165,
              35.793176
            ],
            [
              129.49938,
              35.793242
            ],
            [
              129.499489,
              35.793286
            ],
            [
              129.499463,
              35.793096
            ],
            [
              129.499515,
              35.793086
            ],
            [
              129.500209,
              35.793311
            ],
            [
              129.500461,
              35.793399
            ],
            [
              129.500684,
              35.79349
            ],
            [
              129.500774,
              35.793543
            ],
            [
              129.500816,
              35.793582
            ],
            [
              129.50084,
              35.793648
            ],
            [
              129.50084,
              35.793751
            ],
            [
              129.500818,
              35.793801
            ],
            [
              129.500751,
              35.793859
            ],
            [
              129.500547,
              35.794119
            ],
            [
              129.500475,
              35.794209
            ],
            [
              129.500394,
              35.794266
            ],
            [
              129.500162,
              35.79439
            ],
            [
              129.500028,
              35.794507
            ],
            [
              129.499982,
              35.794562
            ],
            [
              129.499932,
              35.794671
            ],
            [
              129.499828,
              35.794716
            ],
            [
              129.499733,
              35.794765
            ],
            [
              129.499561,
              35.795008
            ],
            [
              129.499534,
              35.795182
            ],
            [
              129.499444,
              35.795413
            ],
            [
              129.499431,
              35.795495
            ],
            [
              129.499487,
              35.795854
            ],
            [
              129.499498,
              35.795952
            ],
            [
              129.499508,
              35.796051
            ],
            [
              129.499517,
              35.796203
            ],
            [
              129.499511,
              35.796282
            ],
            [
              129.499499,
              35.796352
            ],
            [
              129.499428,
              35.79661
            ],
            [
              129.499408,
              35.796667
            ],
            [
              129.49913,
              35.797184
            ],
            [
              129.499116,
              35.79723
            ],
            [
              129.499108,
              35.797277
            ],
            [
              129.499108,
              35.797315
            ],
            [
              129.499108,
              35.797359
            ],
            [
              129.499111,
              35.797402
            ],
            [
              129.499105,
              35.797435
            ],
            [
              129.499092,
              35.797483
            ],
            [
              129.499074,
              35.797532
            ],
            [
              129.498987,
              35.797704
            ],
            [
              129.498961,
              35.797756
            ],
            [
              129.49892,
              35.797886
            ],
            [
              129.498896,
              35.797944
            ],
            [
              129.498777,
              35.798201
            ],
            [
              129.498753,
              35.798237
            ],
            [
              129.498705,
              35.798301
            ],
            [
              129.498692,
              35.798323
            ],
            [
              129.498649,
              35.798449
            ],
            [
              129.498614,
              35.798568
            ],
            [
              129.4986,
              35.798626
            ],
            [
              129.498584,
              35.798685
            ],
            [
              129.498565,
              35.798736
            ],
            [
              129.498515,
              35.798739
            ],
            [
              129.498475,
              35.798744
            ],
            [
              129.498442,
              35.798753
            ],
            [
              129.498407,
              35.798769
            ],
            [
              129.498367,
              35.798791
            ],
            [
              129.49831,
              35.798764
            ],
            [
              129.498241,
              35.798741
            ],
            [
              129.498159,
              35.798727
            ],
            [
              129.495202,
              35.798482
            ],
            [
              129.495037,
              35.798459
            ],
            [
              129.49484,
              35.798435
            ],
            [
              129.494288,
              35.798351
            ],
            [
              129.494156,
              35.798322
            ],
            [
              129.494004,
              35.798273
            ],
            [
              129.493856,
              35.798212
            ],
            [
              129.493737,
              35.798151
            ],
            [
              129.49363,
              35.798089
            ],
            [
              129.493521,
              35.798009
            ],
            [
              129.492897,
              35.797519
            ],
            [
              129.492817,
              35.797452
            ],
            [
              129.492747,
              35.797371
            ],
            [
              129.492571,
              35.797135
            ],
            [
              129.492528,
              35.797057
            ],
            [
              129.492301,
              35.796609
            ],
            [
              129.492221,
              35.796429
            ],
            [
              129.492168,
              35.796274
            ],
            [
              129.492124,
              35.796134
            ],
            [
              129.492092,
              35.795992
            ],
            [
              129.492059,
              35.795818
            ],
            [
              129.492046,
              35.795666
            ],
            [
              129.492038,
              35.795509
            ],
            [
              129.492043,
              35.795367
            ],
            [
              129.492053,
              35.795226
            ],
            [
              129.492349,
              35.79327
            ],
            [
              129.492372,
              35.793071
            ],
            [
              129.492379,
              35.792913
            ],
            [
              129.492376,
              35.792797
            ],
            [
              129.492367,
              35.792708
            ],
            [
              129.49235,
              35.792607
            ],
            [
              129.492321,
              35.792502
            ],
            [
              129.492284,
              35.792408
            ],
            [
              129.49224,
              35.792304
            ],
            [
              129.49217,
              35.792169
            ],
            [
              129.492044,
              35.791919
            ],
            [
              129.49196,
              35.791737
            ],
            [
              129.491714,
              35.791263
            ],
            [
              129.491688,
              35.791209
            ],
            [
              129.491821,
              35.791156
            ],
            [
              129.491851,
              35.791143
            ],
            [
              129.491935,
              35.791106
            ],
            [
              129.492026,
              35.79106
            ],
            [
              129.492109,
              35.79101
            ],
            [
              129.492253,
              35.790921
            ],
            [
              129.49253,
              35.79075
            ],
            [
              129.491682,
              35.789338
            ],
            [
              129.491669,
              35.789306
            ],
            [
              129.491655,
              35.789264
            ],
            [
              129.491145,
              35.78763
            ],
            [
              129.491025,
              35.786787
            ],
            [
              129.491033,
              35.786663
            ],
            [
              129.491116,
              35.786654
            ],
            [
              129.491094,
              35.78608
            ]
          ]
        ]
      },
      "properties": {
        "id": "gyeongju-gampo",
        "region": "gyeongju",
        "themeId": "gampo",
        "title": "감포·전촌",
        "stops": [
          {
            "sequence": 1,
            "placeId": "j21",
            "name": "감포항",
            "category": "outdoors",
            "lat": 35.8067935977834,
            "lon": 129.505506378971,
            "routeSnapMeters": 154,
            "locationText": "경주시 감포읍 · 항구 대표점",
            "scheduleText": "항구 산책에 통일된 관람시간은 없어요. 위판장·시장·음식점 영업시간은 각각 다릅니다.",
            "priceInfo": {
              "label": "감포항 산책",
              "price": "별도 입장료 안내 없음",
              "checked": "2026-10-06",
              "source": "https://www.gyeongju.go.kr/tour_bak/page.do?mnu_uid=4121",
              "note": "위판장·시장·음식점 구매비와 주차 조건은 시설별로 다릅니다."
            }
          },
          {
            "sequence": 2,
            "placeId": "j22",
            "name": "송대말등대",
            "category": "outdoors",
            "lat": 35.8072282852616,
            "lon": 129.511355667762,
            "routeSnapMeters": 24,
            "locationText": "경주시 감포읍 · 등대 주변 대표점",
            "scheduleText": "빛체험전시관 09:00~18:00, 입장 마감 17:00, 월요일 휴관. 외부 등대·해송림의 개방시간은 별도 미확인.",
            "priceInfo": {
              "label": "빛체험전시관 관람",
              "price": "무료",
              "checked": "2026-10-06",
              "source": "https://www.gyeongju.go.kr/tour_bak/page.do?mnu_uid=2535",
              "note": "전시관 관람과 등대 주변 외부 조망은 운영 조건이 다릅니다."
            }
          },
          {
            "sequence": 3,
            "placeId": "j59",
            "name": "1925감포",
            "category": "cafe",
            "lat": 35.8056875,
            "lon": 129.5015625,
            "routeSnapMeters": 7,
            "locationText": "경주시 감포읍 감포안길 15",
            "scheduleText": "월·화·목~일 09:30~18:00, 수요일 휴무.",
            "priceInfo": {
              "label": "아메리카노",
              "price": "4,500원",
              "checked": "2026-10-06",
              "source": "https://www.diningcode.com/profile.php?rid=2oyieKbGnZaQ",
              "note": "바닐라라떼 5,500원·부표라떼 6,500원 등록값."
            }
          },
          {
            "sequence": 4,
            "placeId": "j53",
            "name": "호성식육식당",
            "category": "food",
            "lat": 35.804957271,
            "lon": 129.5021393985,
            "routeSnapMeters": 8,
            "locationText": "경주시 감포읍 감포로 123",
            "scheduleText": "09:30~22:00 관광 게시값. 요일별 휴무 미확인.",
            "priceInfo": {
              "label": "한돈 삼겹살·목살·한우",
              "price": "가격 미확인",
              "checked": "2026-10-06",
              "source": "https://www.gyeongju.go.kr/tour/page.do?cmd=2&con_uid=7289&mnu_uid=4830",
              "note": "고기값은 중량·부위별 현장 확인. 카카오맵 평점 원본: https://place.map.kakao.com/10988156"
            },
            "mealRole": "lunch"
          },
          {
            "sequence": 5,
            "placeId": "j71",
            "name": "전촌용굴",
            "category": "outdoors",
            "lat": 35.7926875,
            "lon": 129.4989375,
            "routeSnapMeters": 20,
            "locationText": "경주시 감포읍 전촌리 27-3 · 용굴 조망권",
            "scheduleText": "경주시 걷기 안내에는 전촌항에서 해안 데크 약 10분. 현행 진입 가능 여부는 확인되지 않았습니다.",
            "priceInfo": {
              "label": "해식동굴 조망",
              "price": "비용 미확인",
              "checked": "2026-10-06",
              "source": "https://place.map.kakao.com/2122409870",
              "note": "입장료·시설 요금 공식 수치 미확인."
            }
          },
          {
            "sequence": 6,
            "placeId": "j23",
            "name": "전촌솔밭해변",
            "category": "outdoors",
            "lat": 35.7860738417643,
            "lon": 129.49131969869,
            "routeSnapMeters": 20,
            "locationText": "경주시 감포읍 · 해변 대표점",
            "scheduleText": "시 관광 안내는 연중무휴로 표기. 해수욕·샤워실 운영은 성수기 일정과 안전 공지를 따릅니다.",
            "priceInfo": {
              "label": "해변 산책",
              "price": "무료",
              "checked": "2026-10-06",
              "source": "https://www.gyeongju.go.kr/tour/page.do?cmd=2&con_uid=261&mnu_uid=4715",
              "note": "샤워실 등 부대시설은 계절별 운영·별도 비용 확인."
            }
          }
        ],
        "stopCount": 6,
        "distanceMeters": 5770,
        "walkingMinutes": 77,
        "checkedAt": "2026-10-07",
        "profile": "foot",
        "source": "OpenStreetMap FOSSGIS OSRM foot, saved walking network route checked 2026-10-07",
        "mapData": "© OpenStreetMap contributors",
        "maxPlaceSnapMeters": 154,
        "accessNotes": [
          "감포항·송대말 구간과 전촌용굴·해변 구간은 별도 보행선입니다. 중간의 버스 구간을 걸어서 연결하지 않습니다.",
          "출발·도착 기본 권역: 시내 숙소권. 개별 숙소는 선택하지 않았고 숙소 핀은 지도에 표시하지 않습니다.",
          "길선은 보행 구간만 저장했습니다. 버스 구간을 직선이나 도보선으로 그리지 않았습니다."
        ],
        "returnTransitChecked": false,
        "hoursAreDaySpecific": false,
        "placePool": [
          {
            "sequence": 1,
            "placeId": "j21",
            "name": "감포항",
            "category": "outdoors",
            "lat": 35.8067935977834,
            "lon": 129.505506378971,
            "routeSnapMeters": 154,
            "locationText": "경주시 감포읍 · 항구 대표점"
          },
          {
            "sequence": 2,
            "placeId": "j22",
            "name": "송대말등대",
            "category": "outdoors",
            "lat": 35.8072282852616,
            "lon": 129.511355667762,
            "routeSnapMeters": 24,
            "locationText": "경주시 감포읍 · 등대 주변 대표점"
          },
          {
            "sequence": 3,
            "placeId": "j132",
            "name": "뷰델카페",
            "category": "cafe",
            "lat": 35.8188722,
            "lon": 129.5083536,
            "routeSnapMeters": 6,
            "locationText": "경주시 감포읍 감포로 329-32"
          },
          {
            "sequence": 4,
            "placeId": "j58",
            "name": "키키리키",
            "category": "cafe",
            "lat": 35.8138125,
            "lon": 129.4999375,
            "routeSnapMeters": 11,
            "locationText": "경주시 감포읍 나정오류로 361"
          },
          {
            "sequence": 5,
            "placeId": "j59",
            "name": "1925감포",
            "category": "cafe",
            "lat": 35.8056875,
            "lon": 129.5015625,
            "routeSnapMeters": 7,
            "locationText": "경주시 감포읍 감포안길 15"
          },
          {
            "sequence": 6,
            "placeId": "j62",
            "name": "모카커피 감포",
            "category": "cafe",
            "lat": 35.8047514785,
            "lon": 129.5002526757,
            "routeSnapMeters": 10,
            "locationText": "경주시 감포읍 사무골길 28-9"
          },
          {
            "sequence": 7,
            "placeId": "j53",
            "name": "호성식육식당",
            "category": "food",
            "lat": 35.804957271,
            "lon": 129.5021393985,
            "routeSnapMeters": 8,
            "locationText": "경주시 감포읍 감포로 123"
          },
          {
            "sequence": 8,
            "placeId": "j120",
            "name": "푸른바다회센터",
            "category": "food",
            "lat": 35.8041734,
            "lon": 129.5044773,
            "routeSnapMeters": 12,
            "locationText": "경주시 감포읍 감포로2길 99"
          },
          {
            "sequence": 9,
            "placeId": "j71",
            "name": "전촌용굴",
            "category": "outdoors",
            "lat": 35.7926875,
            "lon": 129.4989375,
            "routeSnapMeters": 20,
            "locationText": "경주시 감포읍 전촌리 27-3 · 용굴 조망권"
          },
          {
            "sequence": 10,
            "placeId": "j23",
            "name": "전촌솔밭해변",
            "category": "outdoors",
            "lat": 35.7860738417643,
            "lon": 129.49131969869,
            "routeSnapMeters": 20,
            "locationText": "경주시 감포읍 · 해변 대표점"
          }
        ],
        "placePoolCount": 10,
        "themePlaceCount": 10,
        "walkingDistanceMeters": 5770,
        "geometryMode": "walking-segments-only",
        "originArea": "경주 시내 숙소권 (숙소 미선택)",
        "destinationArea": "경주 시내 숙소권",
        "busLegs": [
          {
            "from": "시내 숙소권",
            "to": "감포항",
            "route": "시내버스 100번 계열",
            "boardings": 1,
            "checkedAt": "2026-10-07",
            "sourceUrl": "https://www.gyeongju.go.kr/tour_bak/page.do?mnu_uid=2548",
            "sourceTitle": "경주시 관광 100번 버스·감포/전촌 정류장 안내",
            "scheduleStatus": "노선·정류장 후보만 확인. 여행일 운행 시각과 귀환편 미확인.",
            "stopCandidate": "감포항·감포공설시장(02-008)",
            "sourceCheckedAt": "2026-10-07"
          },
          {
            "from": "감포항 권역",
            "to": "전촌용굴 권역",
            "route": "시내버스 100번 계열",
            "boardings": 1,
            "checkedAt": "2026-10-07",
            "sourceUrl": "https://www.gyeongju.go.kr/tour_bak/page.do?mnu_uid=2548",
            "sourceTitle": "경주시 관광 100번 버스·감포/전촌 정류장 안내",
            "scheduleStatus": "노선·정류장 후보만 확인. 여행일 운행 시각과 귀환편 미확인.",
            "stopCandidate": "전촌교(02-140)",
            "sourceCheckedAt": "2026-10-07"
          },
          {
            "from": "전촌 권역",
            "to": "시내 숙소권",
            "route": "시내버스 100번 계열",
            "boardings": 1,
            "checkedAt": "2026-10-07",
            "sourceUrl": "https://www.gyeongju.go.kr/tour_bak/page.do?mnu_uid=2548",
            "sourceTitle": "경주시 관광 100번 버스·감포/전촌 정류장 안내",
            "scheduleStatus": "노선·정류장 후보만 확인. 여행일 운행 시각과 귀환편 미확인.",
            "stopCandidate": "전촌교 또는 감포행 정류장: 반대편 승차 위치 확인",
            "sourceCheckedAt": "2026-10-07"
          }
        ],
        "busRides": 3,
        "transitStatus": "노선은 후보. 여행 날짜의 정류장·시각·막차·귀환편 미확인",
        "meals": [
          {
            "slot": "아침",
            "placeId": "j129",
            "name": "고유한우국밥",
            "price": "12,000원",
            "menu": "한우국밥",
            "hours": "2026-10-06 조회 주간 월~수 07:30~16:00, 목~일 07:30~22:00. 고정 규칙 여부 미확인.",
            "source": "https://place.map.kakao.com/2012283904",
            "checkedAt": "2026-10-06",
            "placement": "시내 숙소권에서 출발 전",
            "withinWalkingLine": false
          },
          {
            "slot": "점심",
            "placeId": "j53",
            "name": "호성식육식당",
            "price": "가격 미확인",
            "menu": "한돈 삼겹살·목살·한우",
            "hours": "09:30~22:00 관광 게시값. 요일별 휴무 미확인.",
            "source": "https://www.gyeongju.go.kr/tour/page.do?cmd=2&con_uid=7289&mnu_uid=4830",
            "checkedAt": "2026-10-06",
            "placement": "테마 방문 중",
            "withinWalkingLine": true
          },
          {
            "slot": "저녁",
            "placeId": "j41",
            "name": "영양숯불갈비",
            "price": "27,000원",
            "menu": "한우 갈비살 110g",
            "hours": "월~금 10:30~21:00, 토·일·공휴일 10:30~21:30. 평일 15:00~17:00 브레이크, 주말·공휴일 브레이크 없음.",
            "source": "https://visitgyeongju.or.kr/kr/cuisine/view/535f40400605094c0a40054747514b464d",
            "checkedAt": "2026-10-06",
            "placement": "시내 숙소권으로 돌아온 뒤",
            "withinWalkingLine": false
          }
        ],
        "mealCount": 3,
        "cafeCount": 1,
        "cafeLimit": 3,
        "placePoolNote": "테마 장소 후보 수와 오늘 실제 방문 수를 구분합니다. 보존한 후보 전체는 placePool에 있습니다.",
        "hoursNote": "저장된 운영시간은 조사 시점 표기입니다. 요일·휴무·입장 마감·재료 소진을 방문일에 다시 확인하세요.",
        "transitSource": {
          "url": "https://www.gyeongju.go.kr/tour_bak/page.do?mnu_uid=2548",
          "label": "경주시 관광 100번 버스·감포/전촌 정류장 안내"
        },
        "unverifiedAccess": [
          {
            "placeId": "j21",
            "placeName": "감포항",
            "gapMeters": 154,
            "checkedAt": "2026-10-07",
            "status": "unverified",
            "note": "대표 핀과 보행망 접점 사이의 보도·출입구 연결을 확인하지 못해 이 구간은 길선으로 잇지 않음."
          }
        ],
        "walkingRouteUrls": [
          "https://www.openstreetmap.org/directions?engine=fossgis_osrm_foot&route=35.8067935977834,129.505506378971;35.8072282852616,129.511355667762;35.8056875,129.5015625;35.804957271,129.5021393985",
          "https://www.openstreetmap.org/directions?engine=fossgis_osrm_foot&route=35.7926875,129.4989375;35.7860738417643,129.49131969869"
        ],
        "walkingProvider": "fossgis-osrm-foot",
        "geometryProvider": "FOSSGIS OSRM foot"
      }
    },
    {
      "type": "Feature",
      "id": "gyeongju-munmu",
      "geometry": {
        "type": "MultiLineString",
        "coordinates": [
          [
            [
              129.477137,
              35.748056
            ],
            [
              129.477118,
              35.748039
            ],
            [
              129.477003,
              35.748098
            ],
            [
              129.476954,
              35.748041
            ],
            [
              129.47686,
              35.747982
            ],
            [
              129.476785,
              35.747831
            ],
            [
              129.477179,
              35.747606
            ],
            [
              129.476641,
              35.747056
            ],
            [
              129.476797,
              35.746958
            ],
            [
              129.477014,
              35.74682
            ],
            [
              129.476787,
              35.746572
            ],
            [
              129.477808,
              35.745916
            ],
            [
              129.477863,
              35.745888
            ],
            [
              129.477915,
              35.745869
            ],
            [
              129.477989,
              35.745857
            ],
            [
              129.478171,
              35.745836
            ],
            [
              129.478298,
              35.745817
            ],
            [
              129.478434,
              35.745788
            ],
            [
              129.478561,
              35.745758
            ],
            [
              129.478712,
              35.745717
            ],
            [
              129.478849,
              35.745674
            ],
            [
              129.479195,
              35.745543
            ],
            [
              129.479391,
              35.745443
            ],
            [
              129.47955,
              35.745372
            ],
            [
              129.480533,
              35.744887
            ],
            [
              129.480742,
              35.74477
            ],
            [
              129.481737,
              35.744374
            ],
            [
              129.481706,
              35.744341
            ],
            [
              129.48186,
              35.744286
            ],
            [
              129.482097,
              35.744201
            ],
            [
              129.482168,
              35.744176
            ],
            [
              129.482237,
              35.744155
            ],
            [
              129.482306,
              35.744138
            ],
            [
              129.482383,
              35.744123
            ],
            [
              129.482466,
              35.744112
            ],
            [
              129.482545,
              35.744102
            ],
            [
              129.482626,
              35.744097
            ],
            [
              129.482783,
              35.744094
            ],
            [
              129.482853,
              35.744094
            ],
            [
              129.482925,
              35.7441
            ],
            [
              129.482985,
              35.74411
            ],
            [
              129.483055,
              35.744127
            ],
            [
              129.483128,
              35.744148
            ],
            [
              129.483206,
              35.744178
            ],
            [
              129.483377,
              35.744252
            ],
            [
              129.483564,
              35.744335
            ],
            [
              129.48364,
              35.744373
            ],
            [
              129.483708,
              35.744411
            ],
            [
              129.48377,
              35.744454
            ],
            [
              129.483828,
              35.744499
            ],
            [
              129.483882,
              35.744545
            ],
            [
              129.48394,
              35.744602
            ],
            [
              129.483994,
              35.744662
            ],
            [
              129.484051,
              35.744733
            ],
            [
              129.48411,
              35.744811
            ],
            [
              129.48425,
              35.745
            ],
            [
              129.484338,
              35.745077
            ],
            [
              129.484384,
              35.745109
            ],
            [
              129.48442,
              35.74513
            ],
            [
              129.484448,
              35.745142
            ],
            [
              129.484476,
              35.74515
            ],
            [
              129.484516,
              35.745154
            ],
            [
              129.484507,
              35.745175
            ],
            [
              129.484499,
              35.745204
            ],
            [
              129.484499,
              35.745235
            ],
            [
              129.48451,
              35.745263
            ],
            [
              129.484522,
              35.74528
            ],
            [
              129.484588,
              35.745372
            ],
            [
              129.484647,
              35.745521
            ],
            [
              129.484721,
              35.745612
            ],
            [
              129.484803,
              35.745713
            ],
            [
              129.484885,
              35.745806
            ],
            [
              129.48494,
              35.745866
            ],
            [
              129.485004,
              35.745924
            ],
            [
              129.485084,
              35.745984
            ],
            [
              129.485153,
              35.746027
            ],
            [
              129.485335,
              35.745824
            ],
            [
              129.485553,
              35.745964
            ],
            [
              129.485579,
              35.745976
            ],
            [
              129.485611,
              35.745977
            ],
            [
              129.485741,
              35.74593
            ],
            [
              129.485813,
              35.745946
            ],
            [
              129.485874,
              35.745981
            ],
            [
              129.485919,
              35.746002
            ],
            [
              129.485965,
              35.746014
            ],
            [
              129.485997,
              35.74603
            ],
            [
              129.4861,
              35.746118
            ],
            [
              129.486126,
              35.746134
            ],
            [
              129.486151,
              35.746131
            ],
            [
              129.486221,
              35.746194
            ],
            [
              129.486354,
              35.746334
            ],
            [
              129.486468,
              35.746468
            ],
            [
              129.486496,
              35.746489
            ],
            [
              129.486529,
              35.74651
            ],
            [
              129.486566,
              35.746524
            ],
            [
              129.486596,
              35.746542
            ],
            [
              129.486623,
              35.746568
            ],
            [
              129.486644,
              35.746601
            ],
            [
              129.486665,
              35.74664
            ],
            [
              129.486676,
              35.746702
            ],
            [
              129.486682,
              35.746734
            ],
            [
              129.486695,
              35.746758
            ],
            [
              129.48664,
              35.746774
            ],
            [
              129.486597,
              35.746789
            ],
            [
              129.486568,
              35.746807
            ],
            [
              129.486482,
              35.74687
            ],
            [
              129.486568,
              35.746807
            ],
            [
              129.486597,
              35.746789
            ],
            [
              129.48664,
              35.746774
            ],
            [
              129.486695,
              35.746758
            ],
            [
              129.486682,
              35.746734
            ],
            [
              129.486676,
              35.746702
            ],
            [
              129.486665,
              35.74664
            ],
            [
              129.486644,
              35.746601
            ],
            [
              129.486623,
              35.746568
            ],
            [
              129.486596,
              35.746542
            ],
            [
              129.486566,
              35.746524
            ],
            [
              129.486529,
              35.74651
            ],
            [
              129.486539,
              35.746498
            ],
            [
              129.486499,
              35.74647
            ],
            [
              129.486469,
              35.746446
            ],
            [
              129.486369,
              35.746327
            ],
            [
              129.48625,
              35.746199
            ],
            [
              129.486208,
              35.74616
            ],
            [
              129.486169,
              35.746129
            ],
            [
              129.48612,
              35.746096
            ],
            [
              129.485964,
              35.745974
            ],
            [
              129.485935,
              35.745947
            ],
            [
              129.485913,
              35.745919
            ],
            [
              129.485906,
              35.745893
            ],
            [
              129.485906,
              35.74586
            ],
            [
              129.485908,
              35.745831
            ],
            [
              129.485918,
              35.745801
            ],
            [
              129.485933,
              35.745776
            ],
            [
              129.485954,
              35.745749
            ],
            [
              129.485992,
              35.745714
            ],
            [
              129.486038,
              35.745682
            ],
            [
              129.485972,
              35.74561
            ],
            [
              129.485936,
              35.745571
            ],
            [
              129.485903,
              35.74554
            ],
            [
              129.485918,
              35.745528
            ],
            [
              129.485881,
              35.745499
            ],
            [
              129.485836,
              35.745467
            ],
            [
              129.485793,
              35.74544
            ],
            [
              129.485755,
              35.745424
            ],
            [
              129.485517,
              35.745347
            ],
            [
              129.485468,
              35.745327
            ],
            [
              129.485431,
              35.745305
            ],
            [
              129.485393,
              35.745282
            ],
            [
              129.485359,
              35.745255
            ],
            [
              129.485331,
              35.745228
            ],
            [
              129.485304,
              35.745197
            ],
            [
              129.485187,
              35.745029
            ],
            [
              129.485156,
              35.74498
            ],
            [
              129.485127,
              35.744921
            ],
            [
              129.485098,
              35.744858
            ],
            [
              129.485077,
              35.744805
            ],
            [
              129.485032,
              35.744687
            ],
            [
              129.485022,
              35.744666
            ],
            [
              129.485009,
              35.744648
            ],
            [
              129.484984,
              35.74463
            ],
            [
              129.48472,
              35.744464
            ],
            [
              129.484672,
              35.744427
            ],
            [
              129.484633,
              35.744394
            ],
            [
              129.48459,
              35.744355
            ],
            [
              129.484385,
              35.744169
            ],
            [
              129.484364,
              35.744145
            ],
            [
              129.48435,
              35.744121
            ],
            [
              129.484312,
              35.744048
            ],
            [
              129.484293,
              35.744024
            ],
            [
              129.484265,
              35.743998
            ],
            [
              129.48424,
              35.743985
            ],
            [
              129.484202,
              35.743974
            ],
            [
              129.484069,
              35.743948
            ],
            [
              129.484008,
              35.743941
            ],
            [
              129.483832,
              35.743925
            ],
            [
              129.483777,
              35.743916
            ],
            [
              129.483726,
              35.743905
            ],
            [
              129.483663,
              35.743888
            ],
            [
              129.483418,
              35.74381
            ],
            [
              129.483366,
              35.743788
            ],
            [
              129.483274,
              35.743746
            ],
            [
              129.483205,
              35.743717
            ],
            [
              129.483159,
              35.743701
            ],
            [
              129.483091,
              35.743687
            ],
            [
              129.483023,
              35.743681
            ],
            [
              129.482911,
              35.743677
            ],
            [
              129.482859,
              35.743681
            ],
            [
              129.482821,
              35.74369
            ],
            [
              129.482793,
              35.743703
            ],
            [
              129.482751,
              35.743729
            ],
            [
              129.482723,
              35.743759
            ],
            [
              129.482714,
              35.743786
            ],
            [
              129.482676,
              35.743867
            ],
            [
              129.482659,
              35.743893
            ],
            [
              129.48263,
              35.74391
            ],
            [
              129.482593,
              35.743921
            ],
            [
              129.482518,
              35.743934
            ],
            [
              129.482392,
              35.74395
            ],
            [
              129.482317,
              35.74396
            ],
            [
              129.48224,
              35.743977
            ],
            [
              129.482042,
              35.744042
            ],
            [
              129.481973,
              35.744073
            ],
            [
              129.481913,
              35.74411
            ],
            [
              129.481718,
              35.744239
            ],
            [
              129.481614,
              35.744313
            ],
            [
              129.480731,
              35.744659
            ],
            [
              129.480603,
              35.744719
            ],
            [
              129.480522,
              35.744729
            ],
            [
              129.480435,
              35.744734
            ],
            [
              129.480356,
              35.744732
            ],
            [
              129.480279,
              35.744724
            ],
            [
              129.480216,
              35.744713
            ],
            [
              129.480152,
              35.744693
            ],
            [
              129.480093,
              35.744668
            ],
            [
              129.480043,
              35.744634
            ],
            [
              129.479996,
              35.744587
            ],
            [
              129.479942,
              35.744514
            ],
            [
              129.47917,
              35.743318
            ],
            [
              129.479125,
              35.743235
            ],
            [
              129.479091,
              35.743165
            ],
            [
              129.479059,
              35.743086
            ],
            [
              129.479032,
              35.742999
            ],
            [
              129.47901,
              35.742914
            ],
            [
              129.479002,
              35.74284
            ],
            [
              129.478999,
              35.742742
            ],
            [
              129.479004,
              35.74265
            ],
            [
              129.479018,
              35.742546
            ],
            [
              129.479041,
              35.742451
            ],
            [
              129.479072,
              35.742356
            ],
            [
              129.479123,
              35.742262
            ],
            [
              129.47918,
              35.742166
            ],
            [
              129.479241,
              35.742079
            ],
            [
              129.479311,
              35.741993
            ],
            [
              129.4794,
              35.741903
            ],
            [
              129.479486,
              35.741827
            ],
            [
              129.479577,
              35.741756
            ],
            [
              129.479671,
              35.741691
            ],
            [
              129.479773,
              35.741635
            ],
            [
              129.479872,
              35.741587
            ],
            [
              129.48075,
              35.741221
            ],
            [
              129.482177,
              35.740631
            ],
            [
              129.482355,
              35.740558
            ],
            [
              129.48253,
              35.740483
            ],
            [
              129.482646,
              35.740423
            ],
            [
              129.482711,
              35.740385
            ],
            [
              129.482777,
              35.740337
            ],
            [
              129.482834,
              35.740285
            ],
            [
              129.482909,
              35.740213
            ],
            [
              129.482993,
              35.740118
            ],
            [
              129.483047,
              35.740049
            ],
            [
              129.483093,
              35.739983
            ],
            [
              129.483514,
              35.740055
            ],
            [
              129.483607,
              35.73976
            ],
            [
              129.483633,
              35.739682
            ],
            [
              129.483665,
              35.739598
            ],
            [
              129.48379,
              35.739296
            ],
            [
              129.483812,
              35.739259
            ],
            [
              129.483845,
              35.739219
            ],
            [
              129.483873,
              35.739179
            ],
            [
              129.483905,
              35.739113
            ],
            [
              129.484209,
              35.738365
            ],
            [
              129.484307,
              35.738144
            ],
            [
              129.484346,
              35.738036
            ],
            [
              129.484365,
              35.737974
            ],
            [
              129.484377,
              35.737925
            ]
          ]
        ]
      },
      "properties": {
        "id": "gyeongju-munmu",
        "region": "gyeongju",
        "themeId": "munmu",
        "title": "문무왕릉 일대",
        "stops": [
          {
            "sequence": 1,
            "placeId": "j19",
            "name": "감은사지",
            "category": "culture",
            "lat": 35.7480008437986,
            "lon": 129.477214857251,
            "routeSnapMeters": 9,
            "locationText": "경주시 문무대왕면 · 절터 대표점",
            "scheduleText": "야외 절터 관람 제한 시간 없음. 문화관광해설 10:10~16:30, 성수기 17:00까지. 야간 조명 일몰 후~22:00.",
            "priceInfo": {
              "label": "야외 절터·석탑 관람",
              "price": "무료",
              "checked": "2026-10-06",
              "source": "https://www.gyeongju.go.kr/tour/page.do?mnu_uid=4859"
            }
          },
          {
            "sequence": 2,
            "placeId": "j68",
            "name": "이견대",
            "category": "outdoors",
            "lat": 35.7441875,
            "lon": 129.4836875,
            "routeSnapMeters": 20,
            "locationText": "경주시 감포읍 대본리 661 · 정자 대표점",
            "scheduleText": "야외 조망점 상시 안내. 기상·안전 통제 확인.",
            "priceInfo": {
              "label": "정자 조망",
              "price": "무료",
              "checked": "2026-10-06",
              "source": "https://www.gyeongju.go.kr/tour_bak/page.do?mnu_uid=3880",
              "note": "전용 주차장 무료 안내."
            }
          },
          {
            "sequence": 3,
            "placeId": "j131",
            "name": "감포이견대카페",
            "category": "cafe",
            "lat": 35.7452325,
            "lon": 129.484622,
            "routeSnapMeters": 10,
            "locationText": "경주시 감포읍 동해안로 1488",
            "scheduleText": "Google 매일 09:00~20:30, 한국관광공사 2026-06 자료 09:00~20:00·마지막 주문 19:50, 경주시 구자료 09:00~21:00로 충돌.",
            "priceInfo": {
              "label": "아메리카노",
              "price": "5,000원",
              "checked": "2026-10-06",
              "source": "https://www.diningcode.com/profile.php?rid=bxUKbBBYIMeD",
              "note": "티라미수 7,000원 다이닝코드 게시값."
            }
          },
          {
            "sequence": 4,
            "placeId": "j116",
            "name": "해맞이회타운",
            "category": "food",
            "lat": 35.7469605,
            "lon": 129.4865816,
            "routeSnapMeters": 14,
            "locationText": "경주시 감포읍 동해안로 1514",
            "scheduleText": "조회 주간 매일 09:00~21:00. 방문일 재확인.",
            "priceInfo": {
              "label": "해맞이코스 1인",
              "price": "35,000원",
              "checked": "2026-10-06",
              "source": "https://place.map.kakao.com/10920114",
              "note": "스페셜코스 1인 45,000원. 주문 인원 조건은 매장 확인."
            },
            "mealRole": "lunch"
          },
          {
            "sequence": 5,
            "placeId": "j20",
            "name": "문무대왕릉",
            "category": "outdoors",
            "lat": 35.7382615855879,
            "lon": 129.486876732783,
            "routeSnapMeters": 229,
            "locationText": "경주시 문무대왕면 · 해안 조망 대표점",
            "scheduleText": "해안 조망은 정해진 관람시간이 없다는 시 안내. 야간 시야·파고·안전 통제를 별도 확인하세요.",
            "priceInfo": {
              "label": "봉길해변에서 대왕암 조망",
              "price": "무료",
              "checked": "2026-10-06",
              "source": "https://www.gyeongju.go.kr/tour/page.do?area_uid=152&cmd=2&mnu_uid=2294",
              "note": "해변 육지 조망이며 바다 위 바위에는 들어가지 않습니다."
            }
          }
        ],
        "stopCount": 5,
        "distanceMeters": 3305,
        "walkingMinutes": 44,
        "checkedAt": "2026-10-07",
        "profile": "foot",
        "source": "OpenStreetMap FOSSGIS OSRM foot, saved walking network route checked 2026-10-07",
        "mapData": "© OpenStreetMap contributors",
        "maxPlaceSnapMeters": 229,
        "accessNotes": [
          "감은사지에서 이견대·문무대왕릉 쪽으로 이동하는 보행 구간만 표시합니다. 야외 조망은 파고·기상 통제를 확인하세요.",
          "출발·도착 기본 권역: 시내 숙소권. 개별 숙소는 선택하지 않았고 숙소 핀은 지도에 표시하지 않습니다.",
          "길선은 보행 구간만 저장했습니다. 버스 구간을 직선이나 도보선으로 그리지 않았습니다."
        ],
        "returnTransitChecked": false,
        "hoursAreDaySpecific": false,
        "placePool": [
          {
            "sequence": 1,
            "placeId": "j19",
            "name": "감은사지",
            "category": "culture",
            "lat": 35.7480008437986,
            "lon": 129.477214857251,
            "routeSnapMeters": 9,
            "locationText": "경주시 문무대왕면 · 절터 대표점"
          },
          {
            "sequence": 2,
            "placeId": "j68",
            "name": "이견대",
            "category": "outdoors",
            "lat": 35.7441875,
            "lon": 129.4836875,
            "routeSnapMeters": 20,
            "locationText": "경주시 감포읍 대본리 661 · 정자 대표점"
          },
          {
            "sequence": 3,
            "placeId": "j20",
            "name": "문무대왕릉",
            "category": "outdoors",
            "lat": 35.7382615855879,
            "lon": 129.486876732783,
            "routeSnapMeters": 229,
            "locationText": "경주시 문무대왕면 · 해안 조망 대표점"
          },
          {
            "sequence": 4,
            "placeId": "j131",
            "name": "감포이견대카페",
            "category": "cafe",
            "lat": 35.7452325,
            "lon": 129.484622,
            "routeSnapMeters": 10,
            "locationText": "경주시 감포읍 동해안로 1488"
          },
          {
            "sequence": 5,
            "placeId": "j126",
            "name": "갈매기횟집",
            "category": "food",
            "lat": 35.7460501,
            "lon": 129.4866903,
            "routeSnapMeters": 5,
            "locationText": "경주시 감포읍 대밑길 12-17 2층"
          },
          {
            "sequence": 6,
            "placeId": "j116",
            "name": "해맞이회타운",
            "category": "food",
            "lat": 35.7469605,
            "lon": 129.4865816,
            "routeSnapMeters": 14,
            "locationText": "경주시 감포읍 동해안로 1514"
          },
          {
            "sequence": 7,
            "placeId": "j134",
            "name": "EGO 카페",
            "category": "cafe",
            "lat": 35.7518118,
            "lon": 129.4922516,
            "routeSnapMeters": 10,
            "locationText": "경주시 감포읍 동해안로 1594"
          }
        ],
        "placePoolCount": 7,
        "themePlaceCount": 7,
        "walkingDistanceMeters": 3305,
        "geometryMode": "walking-segments-only",
        "originArea": "경주 시내 숙소권 (숙소 미선택)",
        "destinationArea": "경주 시내 숙소권",
        "busLegs": [
          {
            "from": "시내 숙소권",
            "to": "감은사지",
            "route": "시내버스 150번 계열",
            "boardings": 1,
            "checkedAt": "2026-10-07",
            "sourceUrl": "https://www.gyeongju.go.kr/tour/page.do?mnu_uid=4750",
            "sourceTitle": "경주시 관광 150번 버스·감은사지/문무대왕릉 정류장 안내",
            "scheduleStatus": "노선·정류장 후보만 확인. 여행일 운행 시각과 귀환편 미확인.",
            "stopCandidate": "탑마을·감은사지(02-158)",
            "sourceCheckedAt": "2026-10-07"
          },
          {
            "from": "문무대왕릉 권역",
            "to": "시내 숙소권",
            "route": "시내버스 150번 계열",
            "boardings": 1,
            "checkedAt": "2026-10-07",
            "sourceUrl": "https://www.gyeongju.go.kr/tour/page.do?mnu_uid=4750",
            "sourceTitle": "경주시 관광 150번 버스·감은사지/문무대왕릉 정류장 안내",
            "scheduleStatus": "노선·정류장 후보만 확인. 여행일 운행 시각과 귀환편 미확인.",
            "stopCandidate": "문무왕릉·봉길해수욕장(02-057)",
            "sourceCheckedAt": "2026-10-07"
          }
        ],
        "busRides": 2,
        "transitStatus": "노선은 후보. 여행 날짜의 정류장·시각·막차·귀환편 미확인",
        "meals": [
          {
            "slot": "아침",
            "placeId": "j129",
            "name": "고유한우국밥",
            "price": "12,000원",
            "menu": "한우국밥",
            "hours": "2026-10-06 조회 주간 월~수 07:30~16:00, 목~일 07:30~22:00. 고정 규칙 여부 미확인.",
            "source": "https://place.map.kakao.com/2012283904",
            "checkedAt": "2026-10-06",
            "placement": "시내 숙소권에서 출발 전",
            "withinWalkingLine": false
          },
          {
            "slot": "점심",
            "placeId": "j116",
            "name": "해맞이회타운",
            "price": "35,000원",
            "menu": "해맞이코스 1인",
            "hours": "조회 주간 매일 09:00~21:00. 방문일 재확인.",
            "source": "https://place.map.kakao.com/10920114",
            "checkedAt": "2026-10-06",
            "placement": "테마 방문 중",
            "withinWalkingLine": true
          },
          {
            "slot": "저녁",
            "placeId": "j41",
            "name": "영양숯불갈비",
            "price": "27,000원",
            "menu": "한우 갈비살 110g",
            "hours": "월~금 10:30~21:00, 토·일·공휴일 10:30~21:30. 평일 15:00~17:00 브레이크, 주말·공휴일 브레이크 없음.",
            "source": "https://visitgyeongju.or.kr/kr/cuisine/view/535f40400605094c0a40054747514b464d",
            "checkedAt": "2026-10-06",
            "placement": "시내 숙소권으로 돌아온 뒤",
            "withinWalkingLine": false
          }
        ],
        "mealCount": 3,
        "cafeCount": 1,
        "cafeLimit": 3,
        "placePoolNote": "테마 장소 후보 수와 오늘 실제 방문 수를 구분합니다. 보존한 후보 전체는 placePool에 있습니다.",
        "hoursNote": "저장된 운영시간은 조사 시점 표기입니다. 요일·휴무·입장 마감·재료 소진을 방문일에 다시 확인하세요.",
        "transitSource": {
          "url": "https://www.gyeongju.go.kr/tour/page.do?mnu_uid=4750",
          "label": "경주시 관광 150번 버스·감은사지/문무대왕릉 정류장 안내"
        },
        "walkingProvider": "fossgis-osrm-foot",
        "walkingRouteUrl": "https://www.openstreetmap.org/directions?engine=fossgis_osrm_foot&route=35.7480008437986,129.477214857251;35.7441875,129.4836875;35.7452325,129.484622;35.7469605,129.4865816;35.7382615855879,129.486876732783",
        "geometryProvider": "FOSSGIS OSRM foot",
        "unverifiedAccess": [
          {
            "placeId": "j20",
            "placeName": "문무대왕릉",
            "gapMeters": 229,
            "checkedAt": "2026-10-07",
            "status": "unverified",
            "note": "대표 핀과 보행망 접점 사이의 보도·출입구 연결을 확인하지 못해 이 구간은 길선으로 잇지 않음."
          }
        ],
        "note": "감은사지에서 이견대 방향으로 이동한 뒤 카페·점심을 지나 문무대왕릉으로 이어지는 순서입니다. 저장 보행망 합계 약 3.31km. 문무대왕릉 대표 핀과 보행망 접점 사이 약 229m는 출입구·해안 접근을 확인하지 못해 선으로 연결하지 않았습니다. 파고·기상 통제를 확인하세요."
      }
    },
    {
      "type": "Feature",
      "id": "gyeongju-yangnam",
      "geometry": {
        "type": "MultiLineString",
        "coordinates": [
          [
            [
              129.476758,
              35.691757
            ],
            [
              129.476597,
              35.692109
            ],
            [
              129.475373,
              35.693499
            ],
            [
              129.475213,
              35.69359
            ],
            [
              129.475193,
              35.693568
            ],
            [
              129.475031,
              35.69342
            ],
            [
              129.474676,
              35.693123
            ],
            [
              129.47429,
              35.692799
            ],
            [
              129.474037,
              35.692488
            ],
            [
              129.47398,
              35.692409
            ],
            [
              129.473944,
              35.692343
            ],
            [
              129.47392,
              35.692294
            ],
            [
              129.473895,
              35.692236
            ],
            [
              129.473869,
              35.692144
            ],
            [
              129.473858,
              35.692101
            ],
            [
              129.473675,
              35.691383
            ],
            [
              129.473739,
              35.691145
            ],
            [
              129.473986,
              35.690887
            ],
            [
              129.474083,
              35.690822
            ],
            [
              129.474078,
              35.690787
            ],
            [
              129.474046,
              35.69064
            ],
            [
              129.47403,
              35.690452
            ],
            [
              129.474031,
              35.6904
            ],
            [
              129.474044,
              35.690345
            ],
            [
              129.474071,
              35.690237
            ],
            [
              129.474078,
              35.690194
            ],
            [
              129.474076,
              35.690145
            ],
            [
              129.474032,
              35.689841
            ],
            [
              129.47402,
              35.689785
            ],
            [
              129.473997,
              35.689652
            ],
            [
              129.473985,
              35.689512
            ],
            [
              129.473988,
              35.689275
            ],
            [
              129.473979,
              35.689152
            ],
            [
              129.473968,
              35.68904
            ],
            [
              129.473953,
              35.688912
            ],
            [
              129.473889,
              35.688562
            ],
            [
              129.473828,
              35.688196
            ],
            [
              129.473757,
              35.687759
            ],
            [
              129.473686,
              35.687337
            ],
            [
              129.473661,
              35.687195
            ],
            [
              129.473631,
              35.687056
            ],
            [
              129.473589,
              35.686924
            ],
            [
              129.473545,
              35.6868
            ],
            [
              129.473486,
              35.686658
            ],
            [
              129.473431,
              35.686547
            ],
            [
              129.473369,
              35.686428
            ],
            [
              129.473285,
              35.68629
            ],
            [
              129.473185,
              35.686139
            ],
            [
              129.473097,
              35.686009
            ],
            [
              129.472824,
              35.685654
            ],
            [
              129.471492,
              35.683884
            ],
            [
              129.471159,
              35.683437
            ],
            [
              129.470973,
              35.683182
            ],
            [
              129.470836,
              35.682994
            ],
            [
              129.470377,
              35.682355
            ],
            [
              129.47027,
              35.682215
            ],
            [
              129.470147,
              35.682058
            ],
            [
              129.470024,
              35.681923
            ],
            [
              129.469927,
              35.681835
            ],
            [
              129.46984,
              35.681764
            ],
            [
              129.46974,
              35.681693
            ],
            [
              129.469636,
              35.681633
            ],
            [
              129.469458,
              35.681553
            ],
            [
              129.469298,
              35.681489
            ],
            [
              129.469145,
              35.681443
            ],
            [
              129.469022,
              35.681411
            ],
            [
              129.468872,
              35.681384
            ],
            [
              129.468699,
              35.681366
            ],
            [
              129.467782,
              35.681283
            ],
            [
              129.467833,
              35.681199
            ],
            [
              129.467861,
              35.681149
            ],
            [
              129.467883,
              35.681099
            ],
            [
              129.467898,
              35.681051
            ],
            [
              129.46794,
              35.680906
            ],
            [
              129.46796,
              35.680867
            ],
            [
              129.467983,
              35.680826
            ],
            [
              129.468049,
              35.68073
            ],
            [
              129.468088,
              35.680686
            ],
            [
              129.468138,
              35.680631
            ],
            [
              129.468191,
              35.680582
            ],
            [
              129.46832,
              35.680484
            ],
            [
              129.468362,
              35.68045
            ],
            [
              129.468392,
              35.680417
            ],
            [
              129.468412,
              35.680377
            ],
            [
              129.468452,
              35.680287
            ],
            [
              129.468552,
              35.679997
            ],
            [
              129.468647,
              35.679872
            ],
            [
              129.468624,
              35.67986
            ],
            [
              129.468722,
              35.679738
            ],
            [
              129.468803,
              35.67964
            ],
            [
              129.468901,
              35.679482
            ],
            [
              129.469128,
              35.679337
            ],
            [
              129.469304,
              35.679274
            ],
            [
              129.469484,
              35.679239
            ],
            [
              129.46996,
              35.679298
            ],
            [
              129.47015,
              35.679403
            ],
            [
              129.470524,
              35.679566
            ],
            [
              129.470589,
              35.679732
            ],
            [
              129.470577,
              35.679773
            ],
            [
              129.470537,
              35.679784
            ],
            [
              129.470505,
              35.679781
            ],
            [
              129.470473,
              35.679794
            ],
            [
              129.470395,
              35.679782
            ],
            [
              129.470369,
              35.679848
            ],
            [
              129.470361,
              35.679947
            ],
            [
              129.470373,
              35.680025
            ],
            [
              129.470349,
              35.680073
            ],
            [
              129.47021,
              35.680154
            ],
            [
              129.470222,
              35.680225
            ],
            [
              129.470271,
              35.680276
            ],
            [
              129.470418,
              35.68052
            ],
            [
              129.470591,
              35.680641
            ],
            [
              129.470686,
              35.680679
            ],
            [
              129.470749,
              35.680683
            ],
            [
              129.470802,
              35.680678
            ],
            [
              129.470851,
              35.680657
            ],
            [
              129.470961,
              35.680584
            ],
            [
              129.471001,
              35.680572
            ],
            [
              129.471059,
              35.680593
            ],
            [
              129.471111,
              35.680629
            ],
            [
              129.471153,
              35.680692
            ],
            [
              129.471166,
              35.680745
            ],
            [
              129.471165,
              35.680802
            ],
            [
              129.471139,
              35.680853
            ],
            [
              129.471134,
              35.68086
            ],
            [
              129.47111,
              35.680926
            ],
            [
              129.471112,
              35.681022
            ],
            [
              129.471123,
              35.681113
            ],
            [
              129.471133,
              35.681141
            ],
            [
              129.471214,
              35.681212
            ],
            [
              129.471235,
              35.681251
            ],
            [
              129.471237,
              35.681398
            ],
            [
              129.471251,
              35.68146
            ],
            [
              129.471289,
              35.681513
            ],
            [
              129.471525,
              35.681664
            ],
            [
              129.4716,
              35.681786
            ],
            [
              129.471625,
              35.681846
            ],
            [
              129.471617,
              35.681883
            ],
            [
              129.471575,
              35.68195
            ],
            [
              129.471503,
              35.681986
            ],
            [
              129.471464,
              35.682038
            ],
            [
              129.471566,
              35.682063
            ],
            [
              129.471589,
              35.682249
            ],
            [
              129.471633,
              35.682399
            ],
            [
              129.471706,
              35.682481
            ],
            [
              129.471734,
              35.682561
            ],
            [
              129.4718,
              35.682655
            ],
            [
              129.472103,
              35.683071
            ],
            [
              129.472154,
              35.683227
            ],
            [
              129.472166,
              35.683309
            ],
            [
              129.472203,
              35.683423
            ],
            [
              129.472357,
              35.683789
            ],
            [
              129.472463,
              35.68398
            ],
            [
              129.472505,
              35.68405
            ],
            [
              129.472675,
              35.684221
            ],
            [
              129.472748,
              35.684361
            ],
            [
              129.472761,
              35.684414
            ],
            [
              129.472781,
              35.684469
            ],
            [
              129.472811,
              35.684486
            ],
            [
              129.472817,
              35.684507
            ],
            [
              129.472835,
              35.684509
            ],
            [
              129.472839,
              35.684573
            ],
            [
              129.472893,
              35.684618
            ],
            [
              129.472952,
              35.684692
            ],
            [
              129.47299,
              35.684749
            ],
            [
              129.473035,
              35.684786
            ],
            [
              129.473064,
              35.684825
            ],
            [
              129.473076,
              35.684857
            ],
            [
              129.473106,
              35.684872
            ],
            [
              129.473231,
              35.68503
            ],
            [
              129.473403,
              35.685333
            ],
            [
              129.47391,
              35.685803
            ],
            [
              129.474005,
              35.685812
            ],
            [
              129.474057,
              35.685876
            ],
            [
              129.474012,
              35.685892
            ],
            [
              129.474025,
              35.685913
            ],
            [
              129.474141,
              35.685882
            ],
            [
              129.474169,
              35.68594
            ],
            [
              129.474014,
              35.685992
            ],
            [
              129.474071,
              35.686075
            ],
            [
              129.473968,
              35.686122
            ],
            [
              129.474025,
              35.686245
            ],
            [
              129.474267,
              35.686185
            ],
            [
              129.474025,
              35.686245
            ],
            [
              129.473968,
              35.686122
            ],
            [
              129.474071,
              35.686075
            ],
            [
              129.474014,
              35.685992
            ],
            [
              129.474169,
              35.68594
            ],
            [
              129.474141,
              35.685882
            ],
            [
              129.474025,
              35.685913
            ],
            [
              129.474012,
              35.685892
            ],
            [
              129.474057,
              35.685876
            ],
            [
              129.474005,
              35.685812
            ],
            [
              129.47391,
              35.685803
            ],
            [
              129.473403,
              35.685333
            ],
            [
              129.473231,
              35.68503
            ],
            [
              129.473106,
              35.684872
            ],
            [
              129.473076,
              35.684857
            ],
            [
              129.473064,
              35.684825
            ],
            [
              129.473035,
              35.684786
            ],
            [
              129.47299,
              35.684749
            ],
            [
              129.472952,
              35.684692
            ],
            [
              129.472893,
              35.684618
            ],
            [
              129.472839,
              35.684573
            ],
            [
              129.472835,
              35.684509
            ],
            [
              129.472817,
              35.684507
            ],
            [
              129.472811,
              35.684486
            ],
            [
              129.472781,
              35.684469
            ],
            [
              129.472761,
              35.684414
            ],
            [
              129.472748,
              35.684361
            ],
            [
              129.472675,
              35.684221
            ],
            [
              129.472505,
              35.68405
            ],
            [
              129.472463,
              35.68398
            ],
            [
              129.472365,
              35.683804
            ],
            [
              129.472357,
              35.683789
            ],
            [
              129.472203,
              35.683423
            ],
            [
              129.472166,
              35.683309
            ],
            [
              129.472154,
              35.683227
            ],
            [
              129.472103,
              35.683071
            ],
            [
              129.4718,
              35.682655
            ],
            [
              129.471734,
              35.682561
            ],
            [
              129.471706,
              35.682481
            ],
            [
              129.471633,
              35.682399
            ],
            [
              129.471589,
              35.682249
            ],
            [
              129.471566,
              35.682063
            ],
            [
              129.471464,
              35.682038
            ],
            [
              129.471503,
              35.681986
            ],
            [
              129.471575,
              35.68195
            ],
            [
              129.471617,
              35.681883
            ],
            [
              129.471625,
              35.681846
            ],
            [
              129.4716,
              35.681786
            ],
            [
              129.471525,
              35.681664
            ],
            [
              129.471289,
              35.681513
            ],
            [
              129.471251,
              35.68146
            ],
            [
              129.471237,
              35.681398
            ],
            [
              129.471235,
              35.681251
            ],
            [
              129.471214,
              35.681212
            ],
            [
              129.471133,
              35.681141
            ],
            [
              129.471123,
              35.681113
            ],
            [
              129.471112,
              35.681022
            ],
            [
              129.47111,
              35.680926
            ],
            [
              129.471134,
              35.68086
            ],
            [
              129.471139,
              35.680853
            ],
            [
              129.471165,
              35.680802
            ],
            [
              129.471166,
              35.680745
            ],
            [
              129.471153,
              35.680692
            ],
            [
              129.471111,
              35.680629
            ],
            [
              129.471059,
              35.680593
            ],
            [
              129.471001,
              35.680572
            ],
            [
              129.470961,
              35.680584
            ],
            [
              129.470851,
              35.680657
            ],
            [
              129.470802,
              35.680678
            ],
            [
              129.470749,
              35.680683
            ],
            [
              129.470686,
              35.680679
            ],
            [
              129.470591,
              35.680641
            ],
            [
              129.470418,
              35.68052
            ],
            [
              129.470271,
              35.680276
            ],
            [
              129.470222,
              35.680225
            ],
            [
              129.47021,
              35.680154
            ],
            [
              129.470349,
              35.680073
            ],
            [
              129.470373,
              35.680025
            ],
            [
              129.470361,
              35.679947
            ],
            [
              129.470369,
              35.679848
            ],
            [
              129.470395,
              35.679782
            ],
            [
              129.470473,
              35.679794
            ],
            [
              129.470505,
              35.679781
            ],
            [
              129.470537,
              35.679784
            ],
            [
              129.470577,
              35.679773
            ],
            [
              129.470589,
              35.679732
            ],
            [
              129.470524,
              35.679566
            ],
            [
              129.47015,
              35.679403
            ],
            [
              129.46996,
              35.679298
            ],
            [
              129.469484,
              35.679239
            ],
            [
              129.469304,
              35.679274
            ],
            [
              129.469128,
              35.679337
            ],
            [
              129.468901,
              35.679482
            ],
            [
              129.468803,
              35.67964
            ],
            [
              129.468743,
              35.67967
            ],
            [
              129.46867,
              35.679704
            ],
            [
              129.468566,
              35.679753
            ],
            [
              129.468469,
              35.679795
            ],
            [
              129.468429,
              35.679777
            ],
            [
              129.468287,
              35.679824
            ],
            [
              129.468234,
              35.679838
            ],
            [
              129.468168,
              35.679847
            ],
            [
              129.468006,
              35.67985
            ],
            [
              129.467932,
              35.679845
            ],
            [
              129.467543,
              35.679798
            ],
            [
              129.467477,
              35.679795
            ],
            [
              129.467415,
              35.679799
            ],
            [
              129.4673,
              35.679822
            ],
            [
              129.467115,
              35.679776
            ],
            [
              129.467056,
              35.679766
            ],
            [
              129.46698,
              35.67976
            ],
            [
              129.466746,
              35.679741
            ],
            [
              129.466688,
              35.679736
            ],
            [
              129.466622,
              35.679723
            ],
            [
              129.466565,
              35.679704
            ],
            [
              129.466514,
              35.679683
            ],
            [
              129.466463,
              35.67966
            ],
            [
              129.466423,
              35.679632
            ],
            [
              129.466396,
              35.679607
            ],
            [
              129.466369,
              35.679573
            ],
            [
              129.466336,
              35.679541
            ],
            [
              129.466294,
              35.679503
            ],
            [
              129.465551,
              35.678926
            ],
            [
              129.465523,
              35.678912
            ],
            [
              129.465482,
              35.678902
            ],
            [
              129.465338,
              35.67888
            ],
            [
              129.465306,
              35.678869
            ],
            [
              129.465282,
              35.678854
            ],
            [
              129.465258,
              35.678826
            ],
            [
              129.465145,
              35.678653
            ],
            [
              129.465124,
              35.678616
            ],
            [
              129.465077,
              35.678513
            ],
            [
              129.465056,
              35.678489
            ],
            [
              129.465026,
              35.678469
            ],
            [
              129.464948,
              35.67843
            ],
            [
              129.4649,
              35.678411
            ],
            [
              129.46483,
              35.678379
            ],
            [
              129.464775,
              35.678351
            ],
            [
              129.464727,
              35.678318
            ],
            [
              129.464677,
              35.678256
            ],
            [
              129.464606,
              35.678168
            ],
            [
              129.464582,
              35.678134
            ],
            [
              129.464548,
              35.678102
            ],
            [
              129.464547,
              35.678078
            ],
            [
              129.464546,
              35.678064
            ],
            [
              129.464516,
              35.678001
            ],
            [
              129.464298,
              35.67751
            ],
            [
              129.464273,
              35.677512
            ],
            [
              129.46425,
              35.677508
            ],
            [
              129.464229,
              35.677498
            ],
            [
              129.464213,
              35.677483
            ],
            [
              129.464204,
              35.677465
            ],
            [
              129.464203,
              35.677445
            ],
            [
              129.46421,
              35.677426
            ],
            [
              129.464224,
              35.67741
            ],
            [
              129.464244,
              35.677398
            ],
            [
              129.464255,
              35.677395
            ],
            [
              129.464058,
              35.676914
            ],
            [
              129.46404,
              35.676878
            ],
            [
              129.464022,
              35.676841
            ],
            [
              129.46406,
              35.6768
            ],
            [
              129.4641,
              35.676752
            ],
            [
              129.464132,
              35.676699
            ],
            [
              129.464164,
              35.676639
            ],
            [
              129.46418,
              35.676605
            ],
            [
              129.46415,
              35.676569
            ],
            [
              129.464178,
              35.676485
            ],
            [
              129.464193,
              35.676411
            ],
            [
              129.464196,
              35.676331
            ],
            [
              129.464191,
              35.676259
            ],
            [
              129.464177,
              35.676178
            ],
            [
              129.464044,
              35.67567
            ],
            [
              129.463966,
              35.675368
            ],
            [
              129.463931,
              35.675211
            ],
            [
              129.463896,
              35.675033
            ],
            [
              129.463796,
              35.674553
            ],
            [
              129.463715,
              35.674131
            ],
            [
              129.463638,
              35.674145
            ],
            [
              129.463715,
              35.674131
            ],
            [
              129.463796,
              35.674553
            ],
            [
              129.463896,
              35.675033
            ],
            [
              129.463931,
              35.675211
            ],
            [
              129.463966,
              35.675368
            ],
            [
              129.464044,
              35.67567
            ],
            [
              129.464177,
              35.676178
            ],
            [
              129.464191,
              35.676259
            ],
            [
              129.464196,
              35.676331
            ],
            [
              129.464193,
              35.676411
            ],
            [
              129.464178,
              35.676485
            ],
            [
              129.46415,
              35.676569
            ],
            [
              129.46418,
              35.676605
            ],
            [
              129.464164,
              35.676639
            ],
            [
              129.464132,
              35.676699
            ],
            [
              129.4641,
              35.676752
            ],
            [
              129.46406,
              35.6768
            ],
            [
              129.464022,
              35.676841
            ],
            [
              129.46404,
              35.676878
            ],
            [
              129.464108,
              35.676811
            ],
            [
              129.464161,
              35.67674
            ],
            [
              129.464205,
              35.676655
            ],
            [
              129.464246,
              35.67656
            ],
            [
              129.464273,
              35.676488
            ],
            [
              129.464285,
              35.676409
            ],
            [
              129.464288,
              35.67634
            ],
            [
              129.464284,
              35.676272
            ],
            [
              129.464269,
              35.676189
            ],
            [
              129.464248,
              35.676099
            ],
            [
              129.464038,
              35.675276
            ],
            [
              129.464015,
              35.675168
            ],
            [
              129.463693,
              35.673488
            ],
            [
              129.463684,
              35.673403
            ],
            [
              129.463685,
              35.673328
            ],
            [
              129.463771,
              35.672127
            ]
          ]
        ]
      },
      "properties": {
        "id": "gyeongju-yangnam",
        "region": "gyeongju",
        "themeId": "yangnam",
        "title": "양남 주상절리",
        "stops": [
          {
            "sequence": 1,
            "placeId": "j27",
            "name": "읍천항",
            "category": "outdoors",
            "lat": 35.6914278467318,
            "lon": 129.475670915367,
            "routeSnapMeters": 105,
            "locationText": "경주시 양남면 · 항구 대표점",
            "scheduleText": "항구 산책은 정해진 관람시간이 없다는 경주시 안내. 조업 구역·방파제 접근은 별도 확인.",
            "priceInfo": {
              "label": "읍천항 산책",
              "price": "별도 입장료 안내 없음",
              "checked": "2026-10-06",
              "source": "https://www.gyeongju.go.kr/tour_bak/page.do?mnu_uid=2535",
              "note": "항구 작업 구역과 파도소리길 접근 조건은 별도."
            }
          },
          {
            "sequence": 2,
            "placeId": "j26",
            "name": "양남 주상절리 전망대",
            "category": "outdoors",
            "lat": 35.6860838852533,
            "lon": 129.474229010739,
            "routeSnapMeters": 12,
            "locationText": "경주시 양남면 · 전망대 대표점",
            "scheduleText": "전망대 09:00~18:00, 입장 마감 17:00, 월요일 휴관 안내. 파도소리길은 상시 관람 안내이나 악천후 통제 가능.",
            "priceInfo": {
              "label": "전망대 입장",
              "price": "무료",
              "checked": "2026-10-06",
              "source": "https://www.gyeongju.go.kr/tour/page.do?cmd=2&con_uid=265&mnu_uid=4715"
            }
          },
          {
            "sequence": 3,
            "placeId": "j136",
            "name": "주상절리 더킹 베이커리 카페",
            "category": "cafe",
            "lat": 35.683855,
            "lon": 129.4722272,
            "routeSnapMeters": 14,
            "locationText": "경주시 양남면 읍천리 479",
            "scheduleText": "조회 주간 매일 10:00~22:00.",
            "priceInfo": {
              "label": "더블랙",
              "price": "7,000원",
              "checked": "2026-10-06",
              "source": "https://www.diningcode.com/profile.php?rid=Ix9mpPKcFraK",
              "note": "아보카도커피 8,500원 다이닝코드 게시값."
            }
          },
          {
            "sequence": 4,
            "placeId": "j122",
            "name": "동남식당",
            "category": "food",
            "lat": 35.6741914,
            "lon": 129.4636497,
            "routeSnapMeters": 5,
            "locationText": "경주시 양남면 해변공원길 61",
            "scheduleText": "조회 주간 화~금 11:00~15:00, 토·일 11:00~18:00.",
            "priceInfo": {
              "label": "회국수",
              "price": "9,000원",
              "checked": "2026-10-06",
              "source": "https://place.map.kakao.com/12591251",
              "note": "미주구리 회무침 대 25,000원도 카카오 등록값."
            },
            "mealRole": "lunch"
          },
          {
            "sequence": 5,
            "placeId": "j28",
            "name": "하서해안공원",
            "category": "outdoors",
            "lat": 35.6721322375636,
            "lon": 129.463884507845,
            "routeSnapMeters": 10,
            "locationText": "경주시 양남면 · 공원 대표점",
            "scheduleText": "공원 자체 개폐시간·야간 조명 시간은 확인되지 않았어요. 물빛사랑길의 구간별 접근을 별도 확인하세요.",
            "priceInfo": {
              "label": "하서해안공원 산책",
              "price": "별도 입장료 안내 없음",
              "checked": "2026-10-06",
              "source": "https://gyeongju.go.kr/tour/page.do?mnu_uid=4677",
              "note": "공원 운영·주차 조건과 기상 통제는 방문일 확인."
            }
          }
        ],
        "stopCount": 5,
        "distanceMeters": 6281,
        "walkingMinutes": 84,
        "checkedAt": "2026-10-07",
        "profile": "foot",
        "source": "OpenStreetMap FOSSGIS OSRM foot, saved walking network route checked 2026-10-07",
        "mapData": "© OpenStreetMap contributors",
        "maxPlaceSnapMeters": 105,
        "accessNotes": [
          "시내에서 150번 후보로 읍천권에 접근한 뒤 전망대·읍천항·카페·식사·하서해안공원을 잇는 약 6.34km 보행선입니다. 공식 관광 안내는 읍천항에서 하서항까지 해안 산책로를 소개합니다. 기상·안전 통제와 날짜별 버스 시각은 방문일에 확인하세요.",
          "출발·도착 기본 권역: 시내 숙소권. 개별 숙소는 선택하지 않았고 숙소 핀은 지도에 표시하지 않습니다.",
          "길선은 보행 구간만 저장했습니다. 버스 구간을 직선이나 도보선으로 그리지 않았습니다."
        ],
        "returnTransitChecked": false,
        "hoursAreDaySpecific": false,
        "placePool": [
          {
            "sequence": 1,
            "placeId": "j26",
            "name": "양남 주상절리 전망대",
            "category": "outdoors",
            "lat": 35.6860838852533,
            "lon": 129.474229010739,
            "routeSnapMeters": 12,
            "locationText": "경주시 양남면 · 전망대 대표점"
          },
          {
            "sequence": 2,
            "placeId": "j27",
            "name": "읍천항",
            "category": "outdoors",
            "lat": 35.6914278467318,
            "lon": 129.475670915367,
            "routeSnapMeters": 105,
            "locationText": "경주시 양남면 · 항구 대표점"
          },
          {
            "sequence": 3,
            "placeId": "j136",
            "name": "주상절리 더킹 베이커리 카페",
            "category": "cafe",
            "lat": 35.683855,
            "lon": 129.4722272,
            "routeSnapMeters": 14,
            "locationText": "경주시 양남면 읍천리 479"
          },
          {
            "sequence": 4,
            "placeId": "j128",
            "name": "파도회식당",
            "category": "food",
            "lat": 35.6795442,
            "lon": 129.469062,
            "routeSnapMeters": 14,
            "locationText": "경주시 양남면 진리길 30-31"
          },
          {
            "sequence": 5,
            "placeId": "j63",
            "name": "삼십오밀리미터",
            "category": "cafe",
            "lat": 35.6813631371,
            "lon": 129.4627835959,
            "routeSnapMeters": 13,
            "locationText": "경주시 양남면 후동길 11-13"
          },
          {
            "sequence": 6,
            "placeId": "j135",
            "name": "소풍가다 경주양남본점",
            "category": "cafe",
            "lat": 35.6767884,
            "lon": 129.4599499,
            "routeSnapMeters": 22,
            "locationText": "경주시 양남면 다래길 15"
          },
          {
            "sequence": 7,
            "placeId": "j122",
            "name": "동남식당",
            "category": "food",
            "lat": 35.6741914,
            "lon": 129.4636497,
            "routeSnapMeters": 5,
            "locationText": "경주시 양남면 해변공원길 61"
          },
          {
            "sequence": 8,
            "placeId": "j28",
            "name": "하서해안공원",
            "category": "outdoors",
            "lat": 35.6721322375636,
            "lon": 129.463884507845,
            "routeSnapMeters": 10,
            "locationText": "경주시 양남면 · 공원 대표점"
          },
          {
            "sequence": 9,
            "placeId": "j60",
            "name": "이스트앵글 베이커리카페",
            "category": "cafe",
            "lat": 35.6691875,
            "lon": 129.4646875,
            "routeSnapMeters": 4,
            "locationText": "경주시 양남면 해변공원길 4"
          }
        ],
        "placePoolCount": 9,
        "themePlaceCount": 9,
        "walkingDistanceMeters": 6281,
        "geometryMode": "walking-segments-only",
        "originArea": "경주 시내 숙소권 (숙소 미선택)",
        "destinationArea": "경주 시내 숙소권",
        "busLegs": [
          {
            "from": "시내 숙소권",
            "to": "양남 주상절리·읍천 권역",
            "route": "시내버스 150번 계열 후보",
            "boardings": 1,
            "checkedAt": "2026-10-07",
            "sourceUrl": "https://www.gyeongju.go.kr/tour/page.do?mnu_uid=4750",
            "sourceTitle": "경주시 관광 150번 버스·읍천/하서 정류장 안내",
            "scheduleStatus": "노선·정류장 후보만 확인. 여행일 운행 시각과 귀환편 미확인.",
            "stopCandidate": "읍천·주상절리(02-133)",
            "sourceCheckedAt": "2026-10-07"
          },
          {
            "from": "하서해안공원 권역",
            "to": "시내 숙소권",
            "route": "시내버스 150번 계열 후보",
            "boardings": 1,
            "checkedAt": "2026-10-07",
            "sourceUrl": "https://www.gyeongju.go.kr/tour/page.do?mnu_uid=4750",
            "sourceTitle": "경주시 관광 150번 버스·읍천/하서 정류장 안내",
            "scheduleStatus": "노선·정류장 후보만 확인. 여행일 운행 시각과 귀환편 미확인.",
            "stopCandidate": "양남중학교(02-183)",
            "sourceCheckedAt": "2026-10-07"
          }
        ],
        "busRides": 2,
        "transitStatus": "노선은 후보. 여행 날짜의 정류장·시각·막차·귀환편 미확인",
        "meals": [
          {
            "slot": "아침",
            "placeId": "j129",
            "name": "고유한우국밥",
            "price": "12,000원",
            "menu": "한우국밥",
            "hours": "2026-10-06 조회 주간 월~수 07:30~16:00, 목~일 07:30~22:00. 고정 규칙 여부 미확인.",
            "source": "https://place.map.kakao.com/2012283904",
            "checkedAt": "2026-10-06",
            "placement": "시내 숙소권에서 출발 전",
            "withinWalkingLine": false
          },
          {
            "slot": "점심",
            "placeId": "j122",
            "name": "동남식당",
            "price": "9,000원",
            "menu": "회국수",
            "hours": "조회 주간 화~금 11:00~15:00, 토·일 11:00~18:00.",
            "source": "https://place.map.kakao.com/12591251",
            "checkedAt": "2026-10-06",
            "placement": "테마 방문 중",
            "withinWalkingLine": true
          },
          {
            "slot": "저녁",
            "placeId": "j41",
            "name": "영양숯불갈비",
            "price": "27,000원",
            "menu": "한우 갈비살 110g",
            "hours": "월~금 10:30~21:00, 토·일·공휴일 10:30~21:30. 평일 15:00~17:00 브레이크, 주말·공휴일 브레이크 없음.",
            "source": "https://visitgyeongju.or.kr/kr/cuisine/view/535f40400605094c0a40054747514b464d",
            "checkedAt": "2026-10-06",
            "placement": "시내 숙소권으로 돌아온 뒤",
            "withinWalkingLine": false
          }
        ],
        "mealCount": 3,
        "cafeCount": 1,
        "cafeLimit": 3,
        "placePoolNote": "테마 장소 후보 수와 오늘 실제 방문 수를 구분합니다. 보존한 후보 전체는 placePool에 있습니다.",
        "hoursNote": "저장된 운영시간은 조사 시점 표기입니다. 요일·휴무·입장 마감·재료 소진을 방문일에 다시 확인하세요.",
        "note": "시내에서 150번 후보로 읍천권에 접근한 뒤 읍천항 → 양남 주상절리 전망대 → 카페 → 점심 → 하서해안공원 순으로 남쪽 방향을 따라 걷습니다. 저장 보행망 합계 약 6.28km. 읍천항 대표 핀에서 보행망 접점까지 약 105m의 실제 접근은 미확인입니다. 기상·안전 통제와 날짜별 버스 시각을 방문일에 확인하세요.",
        "transitSource": {
          "url": "https://www.gyeongju.go.kr/tour/page.do?mnu_uid=4750",
          "label": "경주시 관광 150번 버스·읍천/하서 정류장 안내"
        },
        "walkingProvider": "fossgis-osrm-foot",
        "walkingRouteUrl": "https://www.openstreetmap.org/directions?engine=fossgis_osrm_foot&route=35.6914278467318,129.475670915367;35.6860838852533,129.474229010739;35.683855,129.4722272;35.6741914,129.4636497;35.6721322375636,129.463884507845",
        "geometryProvider": "FOSSGIS OSRM foot",
        "unverifiedAccess": [
          {
            "placeId": "j27",
            "placeName": "읍천항",
            "gapMeters": 105,
            "checkedAt": "2026-10-07",
            "status": "unverified",
            "note": "대표 핀과 보행망 접점 사이의 보도·출입구 연결을 확인하지 못해 이 구간은 길선으로 잇지 않음."
          }
        ]
      }
    }
  ],
  "generatedAt": "2026-10-07",
  "notes": "각 MultiLineString은 도보 구간만 포함합니다. 버스 구간은 properties.busLegs에 표시하며 GPX track도 보행 구간별 trkseg로 나눕니다."
}
