{
  "type": "FeatureCollection",
  "name": "목포·강릉·경주 요일별 테마 보행 길선",
  "features": [
    {
      "type": "Feature",
      "id": "mokpo-oldtown-023456",
      "geometry": {
        "type": "MultiLineString",
        "coordinates": [
          [
            [
              126.384376,
              34.79035
            ],
            [
              126.384452,
              34.790145
            ]
          ],
          [
            [
              126.384452,
              34.790145
            ],
            [
              126.384486,
              34.790053
            ],
            [
              126.383816,
              34.789953
            ],
            [
              126.384092,
              34.789183
            ],
            [
              126.38438,
              34.788382
            ],
            [
              126.384258,
              34.78836
            ]
          ],
          [
            [
              126.384258,
              34.78836
            ],
            [
              126.38438,
              34.788382
            ],
            [
              126.384492,
              34.788089
            ],
            [
              126.384544,
              34.787946
            ],
            [
              126.38426,
              34.787237
            ],
            [
              126.384132,
              34.78711
            ],
            [
              126.383961,
              34.786912
            ],
            [
              126.383165,
              34.786898
            ],
            [
              126.382155,
              34.786843
            ],
            [
              126.381282,
              34.786795
            ],
            [
              126.381134,
              34.786787
            ]
          ],
          [
            [
              126.381134,
              34.786787
            ],
            [
              126.381282,
              34.786795
            ],
            [
              126.381341,
              34.786087
            ],
            [
              126.381351,
              34.785957
            ]
          ],
          [
            [
              126.381351,
              34.785957
            ],
            [
              126.381341,
              34.786087
            ],
            [
              126.38222,
              34.786129
            ],
            [
              126.382239,
              34.785877
            ]
          ],
          [
            [
              126.382239,
              34.785877
            ],
            [
              126.38222,
              34.786129
            ],
            [
              126.383195,
              34.786211
            ],
            [
              126.383228,
              34.785859
            ],
            [
              126.383229,
              34.785846
            ]
          ],
          [
            [
              126.383229,
              34.785846
            ],
            [
              126.383228,
              34.785859
            ],
            [
              126.38338,
              34.785748
            ],
            [
              126.383521,
              34.785634
            ],
            [
              126.38355,
              34.785571
            ],
            [
              126.383631,
              34.785582
            ],
            [
              126.383668,
              34.785566
            ],
            [
              126.383737,
              34.785488
            ],
            [
              126.383771,
              34.785479
            ],
            [
              126.383792,
              34.785489
            ],
            [
              126.383807,
              34.785509
            ],
            [
              126.383816,
              34.785528
            ],
            [
              126.383784,
              34.78559
            ],
            [
              126.383797,
              34.785618
            ],
            [
              126.383813,
              34.785624
            ],
            [
              126.38385,
              34.785607
            ],
            [
              126.383876,
              34.785572
            ],
            [
              126.384002,
              34.785351
            ],
            [
              126.384033,
              34.785307
            ],
            [
              126.38406,
              34.785261
            ],
            [
              126.384163,
              34.785044
            ],
            [
              126.384601,
              34.785059
            ],
            [
              126.384623,
              34.785104
            ],
            [
              126.384788,
              34.785272
            ]
          ],
          [
            [
              126.384788,
              34.785272
            ],
            [
              126.384623,
              34.785104
            ],
            [
              126.384601,
              34.785059
            ],
            [
              126.384163,
              34.785044
            ],
            [
              126.38406,
              34.785261
            ],
            [
              126.384033,
              34.785307
            ],
            [
              126.384002,
              34.785351
            ],
            [
              126.383876,
              34.785572
            ],
            [
              126.38385,
              34.785607
            ],
            [
              126.383813,
              34.785624
            ],
            [
              126.383797,
              34.785618
            ],
            [
              126.383784,
              34.78559
            ],
            [
              126.383816,
              34.785528
            ],
            [
              126.383807,
              34.785509
            ],
            [
              126.383792,
              34.785489
            ],
            [
              126.383771,
              34.785479
            ],
            [
              126.383737,
              34.785488
            ],
            [
              126.383668,
              34.785566
            ],
            [
              126.383631,
              34.785582
            ],
            [
              126.38355,
              34.785571
            ],
            [
              126.383521,
              34.785634
            ],
            [
              126.38338,
              34.785748
            ],
            [
              126.383228,
              34.785859
            ],
            [
              126.383195,
              34.786211
            ],
            [
              126.383998,
              34.786239
            ],
            [
              126.383976,
              34.786639
            ]
          ]
        ]
      },
      "properties": {
        "id": "mokpo-oldtown-023456",
        "region": "mokpo",
        "themeId": "oldtown",
        "title": "근대거리·시장",
        "weekdays": [
          0,
          2,
          3,
          4,
          5,
          6
        ],
        "dayNames": [
          "일",
          "화",
          "수",
          "목",
          "금",
          "토"
        ],
        "status": "walking-geometry-checked",
        "issues": [],
        "stopIds": [
          "p115",
          "p113",
          "p125",
          "p96",
          "p9",
          "p120",
          "p64",
          "p31",
          "p63"
        ],
        "walkMeters": 1748,
        "walkMinutes": 24,
        "busCount": 0,
        "mealFallbacks": [],
        "placeCountException": null,
        "routeProvider": "FOSSGIS OSRM foot / OpenStreetMap",
        "checkedOn": "2026-10-08"
      }
    },
    {
      "type": "Feature",
      "id": "mokpo-oldtown-1",
      "geometry": {
        "type": "MultiLineString",
        "coordinates": [
          [
            [
              126.384376,
              34.79035
            ],
            [
              126.384452,
              34.790145
            ]
          ],
          [
            [
              126.384452,
              34.790145
            ],
            [
              126.384486,
              34.790053
            ],
            [
              126.383816,
              34.789953
            ],
            [
              126.384092,
              34.789183
            ],
            [
              126.38438,
              34.788382
            ],
            [
              126.384258,
              34.78836
            ]
          ],
          [
            [
              126.384258,
              34.78836
            ],
            [
              126.38438,
              34.788382
            ],
            [
              126.384492,
              34.788089
            ],
            [
              126.384544,
              34.787946
            ],
            [
              126.38426,
              34.787237
            ],
            [
              126.384132,
              34.78711
            ],
            [
              126.383961,
              34.786912
            ],
            [
              126.383998,
              34.786239
            ],
            [
              126.383195,
              34.786211
            ],
            [
              126.38222,
              34.786129
            ],
            [
              126.382239,
              34.785877
            ]
          ],
          [
            [
              126.382239,
              34.785877
            ],
            [
              126.38222,
              34.786129
            ],
            [
              126.383195,
              34.786211
            ],
            [
              126.383228,
              34.785859
            ],
            [
              126.383229,
              34.785846
            ]
          ],
          [
            [
              126.383229,
              34.785846
            ],
            [
              126.383228,
              34.785859
            ],
            [
              126.383195,
              34.786211
            ],
            [
              126.383998,
              34.786239
            ],
            [
              126.383976,
              34.786639
            ]
          ]
        ]
      },
      "properties": {
        "id": "mokpo-oldtown-1",
        "region": "mokpo",
        "themeId": "oldtown",
        "title": "근대거리·시장",
        "weekdays": [
          1
        ],
        "dayNames": [
          "월"
        ],
        "status": "needs-review",
        "issues": [
          "점심과 저녁이 연속 방문: 식사 사이 활동·시간 검토 필요"
        ],
        "stopIds": [
          "p115",
          "p113",
          "p125",
          "p120",
          "p64",
          "p63"
        ],
        "walkMeters": 1063,
        "walkMinutes": 15,
        "busCount": 0,
        "mealFallbacks": [],
        "placeCountException": null,
        "routeProvider": "FOSSGIS OSRM foot / OpenStreetMap",
        "checkedOn": "2026-10-08"
      }
    },
    {
      "type": "Feature",
      "id": "mokpo-seosandong-023456",
      "geometry": {
        "type": "MultiLineString",
        "coordinates": [
          [
            [
              126.3843,
              34.792355
            ],
            [
              126.384274,
              34.792273
            ],
            [
              126.384238,
              34.792174
            ],
            [
              126.384101,
              34.7918
            ],
            [
              126.384065,
              34.791719
            ],
            [
              126.383872,
              34.791823
            ],
            [
              126.38405,
              34.791298
            ],
            [
              126.384188,
              34.790846
            ],
            [
              126.384219,
              34.790776
            ],
            [
              126.384486,
              34.790053
            ],
            [
              126.383816,
              34.789953
            ],
            [
              126.383527,
              34.789912
            ],
            [
              126.382842,
              34.789835
            ],
            [
              126.381675,
              34.789716
            ],
            [
              126.381369,
              34.789699
            ],
            [
              126.381261,
              34.789346
            ],
            [
              126.381189,
              34.789116
            ],
            [
              126.381149,
              34.788995
            ],
            [
              126.381107,
              34.788888
            ],
            [
              126.38105,
              34.78883
            ],
            [
              126.381029,
              34.788671
            ],
            [
              126.381004,
              34.788534
            ],
            [
              126.381187,
              34.788487
            ],
            [
              126.381304,
              34.788425
            ],
            [
              126.381453,
              34.78834
            ],
            [
              126.381579,
              34.788193
            ],
            [
              126.381636,
              34.788062
            ],
            [
              126.381689,
              34.787863
            ],
            [
              126.381739,
              34.787598
            ],
            [
              126.381746,
              34.787552
            ]
          ],
          [
            [
              126.381746,
              34.787552
            ],
            [
              126.381739,
              34.787598
            ],
            [
              126.381689,
              34.787863
            ],
            [
              126.381636,
              34.788062
            ],
            [
              126.381579,
              34.788193
            ],
            [
              126.381453,
              34.78834
            ],
            [
              126.381304,
              34.788425
            ],
            [
              126.381187,
              34.788487
            ],
            [
              126.381004,
              34.788534
            ],
            [
              126.381029,
              34.788671
            ],
            [
              126.38105,
              34.78883
            ],
            [
              126.381107,
              34.788888
            ],
            [
              126.381149,
              34.788995
            ],
            [
              126.381189,
              34.789116
            ],
            [
              126.381261,
              34.789346
            ],
            [
              126.381369,
              34.789699
            ],
            [
              126.381675,
              34.789716
            ],
            [
              126.382842,
              34.789835
            ],
            [
              126.383527,
              34.789912
            ],
            [
              126.383816,
              34.789953
            ],
            [
              126.384486,
              34.790053
            ],
            [
              126.38551,
              34.790167
            ],
            [
              126.385708,
              34.790149
            ],
            [
              126.386208,
              34.789767
            ]
          ],
          [
            [
              126.386208,
              34.789767
            ],
            [
              126.385708,
              34.790149
            ],
            [
              126.38554,
              34.790206
            ],
            [
              126.385631,
              34.790471
            ],
            [
              126.385677,
              34.790602
            ],
            [
              126.385774,
              34.790882
            ],
            [
              126.385854,
              34.791127
            ]
          ],
          [
            [
              126.385854,
              34.791127
            ],
            [
              126.385774,
              34.790882
            ],
            [
              126.385677,
              34.790602
            ],
            [
              126.385631,
              34.790471
            ],
            [
              126.38554,
              34.790206
            ],
            [
              126.38551,
              34.790167
            ],
            [
              126.384486,
              34.790053
            ],
            [
              126.383816,
              34.789953
            ],
            [
              126.383527,
              34.789912
            ],
            [
              126.383486,
              34.790029
            ]
          ],
          [
            [
              126.383486,
              34.790029
            ],
            [
              126.383527,
              34.789912
            ],
            [
              126.382842,
              34.789835
            ],
            [
              126.381675,
              34.789716
            ],
            [
              126.381369,
              34.789699
            ],
            [
              126.381261,
              34.789346
            ],
            [
              126.381189,
              34.789116
            ],
            [
              126.381149,
              34.788995
            ],
            [
              126.381107,
              34.788888
            ],
            [
              126.38105,
              34.78883
            ],
            [
              126.381029,
              34.788671
            ],
            [
              126.381004,
              34.788534
            ],
            [
              126.380959,
              34.788493
            ],
            [
              126.380784,
              34.788429
            ],
            [
              126.380619,
              34.78836
            ],
            [
              126.380427,
              34.788266
            ],
            [
              126.380268,
              34.788192
            ],
            [
              126.379936,
              34.787985
            ],
            [
              126.379763,
              34.787889
            ],
            [
              126.379686,
              34.787821
            ],
            [
              126.379636,
              34.787757
            ],
            [
              126.379599,
              34.787698
            ],
            [
              126.379511,
              34.787558
            ],
            [
              126.379402,
              34.787429
            ],
            [
              126.37932,
              34.787318
            ],
            [
              126.379292,
              34.787275
            ],
            [
              126.379217,
              34.78716
            ],
            [
              126.37886,
              34.78667
            ],
            [
              126.378775,
              34.786527
            ],
            [
              126.378213,
              34.785885
            ],
            [
              126.377719,
              34.785345
            ],
            [
              126.377597,
              34.785245
            ],
            [
              126.376906,
              34.784703
            ],
            [
              126.376653,
              34.784505
            ],
            [
              126.376397,
              34.784304
            ],
            [
              126.376236,
              34.7842
            ],
            [
              126.376377,
              34.784077
            ],
            [
              126.376638,
              34.783977
            ],
            [
              126.376719,
              34.78395
            ],
            [
              126.376766,
              34.783941
            ],
            [
              126.376809,
              34.783942
            ],
            [
              126.3769,
              34.783949
            ],
            [
              126.377023,
              34.783974
            ],
            [
              126.377111,
              34.783976
            ],
            [
              126.37719,
              34.783973
            ],
            [
              126.377265,
              34.783967
            ],
            [
              126.377386,
              34.783941
            ],
            [
              126.377748,
              34.783834
            ],
            [
              126.3778,
              34.783793
            ],
            [
              126.377771,
              34.783732
            ],
            [
              126.37758,
              34.783389
            ],
            [
              126.377484,
              34.783201
            ],
            [
              126.377456,
              34.783126
            ],
            [
              126.377371,
              34.782944
            ],
            [
              126.377336,
              34.782887
            ],
            [
              126.377308,
              34.782855
            ],
            [
              126.377274,
              34.782831
            ],
            [
              126.377182,
              34.782789
            ],
            [
              126.376794,
              34.782643
            ]
          ],
          [
            [
              126.376794,
              34.782643
            ],
            [
              126.377182,
              34.782789
            ],
            [
              126.377274,
              34.782831
            ],
            [
              126.377308,
              34.782855
            ],
            [
              126.377336,
              34.782887
            ],
            [
              126.377371,
              34.782944
            ],
            [
              126.377456,
              34.783126
            ],
            [
              126.377484,
              34.783201
            ],
            [
              126.37758,
              34.783389
            ],
            [
              126.377771,
              34.783732
            ],
            [
              126.3778,
              34.783793
            ]
          ],
          [
            [
              126.3778,
              34.783793
            ],
            [
              126.377748,
              34.783834
            ],
            [
              126.377386,
              34.783941
            ],
            [
              126.377265,
              34.783967
            ],
            [
              126.37719,
              34.783973
            ],
            [
              126.377111,
              34.783976
            ],
            [
              126.377023,
              34.783974
            ],
            [
              126.3769,
              34.783949
            ],
            [
              126.376809,
              34.783942
            ],
            [
              126.376766,
              34.783941
            ],
            [
              126.376719,
              34.78395
            ],
            [
              126.376638,
              34.783977
            ],
            [
              126.376377,
              34.784077
            ],
            [
              126.376236,
              34.7842
            ],
            [
              126.376397,
              34.784304
            ],
            [
              126.376508,
              34.784152
            ],
            [
              126.376543,
              34.784142
            ],
            [
              126.377719,
              34.784561
            ],
            [
              126.377897,
              34.784626
            ],
            [
              126.377936,
              34.784637
            ],
            [
              126.378014,
              34.784648
            ],
            [
              126.378892,
              34.784683
            ],
            [
              126.379541,
              34.784713
            ],
            [
              126.379614,
              34.784717
            ],
            [
              126.379649,
              34.78472
            ],
            [
              126.379674,
              34.784725
            ],
            [
              126.379687,
              34.784737
            ],
            [
              126.379691,
              34.784772
            ],
            [
              126.379637,
              34.785369
            ],
            [
              126.380578,
              34.785416
            ],
            [
              126.380952,
              34.785437
            ],
            [
              126.380911,
              34.786067
            ],
            [
              126.381341,
              34.786087
            ],
            [
              126.38222,
              34.786129
            ],
            [
              126.383195,
              34.786211
            ],
            [
              126.383998,
              34.786239
            ],
            [
              126.383976,
              34.786639
            ]
          ]
        ]
      },
      "properties": {
        "id": "mokpo-seosandong-023456",
        "region": "mokpo",
        "themeId": "seosandong",
        "title": "서산동 골목",
        "weekdays": [
          0,
          2,
          3,
          4,
          5,
          6
        ],
        "dayNames": [
          "일",
          "화",
          "수",
          "목",
          "금",
          "토"
        ],
        "status": "walking-geometry-checked",
        "issues": [],
        "stopIds": [
          "p61",
          "p8",
          "p128",
          "p118",
          "p83",
          "p10",
          "p11",
          "p63"
        ],
        "walkMeters": 4678,
        "walkMinutes": 63,
        "busCount": 0,
        "mealFallbacks": [],
        "placeCountException": null,
        "routeProvider": "FOSSGIS OSRM foot / OpenStreetMap",
        "checkedOn": "2026-10-08"
      }
    },
    {
      "type": "Feature",
      "id": "mokpo-seosandong-1",
      "geometry": {
        "type": "MultiLineString",
        "coordinates": [
          [
            [
              126.3843,
              34.792355
            ],
            [
              126.384274,
              34.792273
            ],
            [
              126.384238,
              34.792174
            ],
            [
              126.384101,
              34.7918
            ],
            [
              126.384065,
              34.791719
            ],
            [
              126.383872,
              34.791823
            ],
            [
              126.38405,
              34.791298
            ],
            [
              126.384188,
              34.790846
            ],
            [
              126.384219,
              34.790776
            ],
            [
              126.384403,
              34.790733
            ],
            [
              126.384989,
              34.790589
            ],
            [
              126.385631,
              34.790471
            ],
            [
              126.38554,
              34.790206
            ],
            [
              126.385708,
              34.790149
            ],
            [
              126.386208,
              34.789767
            ]
          ],
          [
            [
              126.386208,
              34.789767
            ],
            [
              126.385708,
              34.790149
            ],
            [
              126.38554,
              34.790206
            ],
            [
              126.385631,
              34.790471
            ],
            [
              126.385677,
              34.790602
            ],
            [
              126.385774,
              34.790882
            ],
            [
              126.385854,
              34.791127
            ]
          ],
          [
            [
              126.385854,
              34.791127
            ],
            [
              126.385774,
              34.790882
            ],
            [
              126.385677,
              34.790602
            ],
            [
              126.385631,
              34.790471
            ],
            [
              126.38554,
              34.790206
            ],
            [
              126.38551,
              34.790167
            ],
            [
              126.384486,
              34.790053
            ],
            [
              126.383816,
              34.789953
            ],
            [
              126.383527,
              34.789912
            ],
            [
              126.383486,
              34.790029
            ]
          ],
          [
            [
              126.383486,
              34.790029
            ],
            [
              126.383527,
              34.789912
            ],
            [
              126.382842,
              34.789835
            ],
            [
              126.381675,
              34.789716
            ],
            [
              126.381369,
              34.789699
            ],
            [
              126.381261,
              34.789346
            ],
            [
              126.381189,
              34.789116
            ],
            [
              126.381149,
              34.788995
            ],
            [
              126.381107,
              34.788888
            ],
            [
              126.38105,
              34.78883
            ],
            [
              126.381029,
              34.788671
            ],
            [
              126.381004,
              34.788534
            ],
            [
              126.380959,
              34.788493
            ],
            [
              126.380784,
              34.788429
            ],
            [
              126.380619,
              34.78836
            ],
            [
              126.380427,
              34.788266
            ],
            [
              126.380268,
              34.788192
            ],
            [
              126.379936,
              34.787985
            ],
            [
              126.379763,
              34.787889
            ],
            [
              126.379686,
              34.787821
            ],
            [
              126.379636,
              34.787757
            ],
            [
              126.379599,
              34.787698
            ],
            [
              126.379511,
              34.787558
            ],
            [
              126.379402,
              34.787429
            ],
            [
              126.37932,
              34.787318
            ],
            [
              126.379292,
              34.787275
            ],
            [
              126.379217,
              34.78716
            ],
            [
              126.37886,
              34.78667
            ],
            [
              126.378775,
              34.786527
            ],
            [
              126.378213,
              34.785885
            ],
            [
              126.377719,
              34.785345
            ],
            [
              126.377597,
              34.785245
            ],
            [
              126.376906,
              34.784703
            ],
            [
              126.376653,
              34.784505
            ],
            [
              126.376397,
              34.784304
            ],
            [
              126.376236,
              34.7842
            ],
            [
              126.376377,
              34.784077
            ],
            [
              126.376638,
              34.783977
            ],
            [
              126.376719,
              34.78395
            ],
            [
              126.376766,
              34.783941
            ],
            [
              126.376809,
              34.783942
            ],
            [
              126.3769,
              34.783949
            ],
            [
              126.377023,
              34.783974
            ],
            [
              126.377111,
              34.783976
            ],
            [
              126.37719,
              34.783973
            ],
            [
              126.377265,
              34.783967
            ],
            [
              126.377386,
              34.783941
            ],
            [
              126.377748,
              34.783834
            ],
            [
              126.3778,
              34.783793
            ],
            [
              126.377771,
              34.783732
            ],
            [
              126.37758,
              34.783389
            ],
            [
              126.377484,
              34.783201
            ],
            [
              126.377456,
              34.783126
            ],
            [
              126.377371,
              34.782944
            ],
            [
              126.377336,
              34.782887
            ],
            [
              126.377308,
              34.782855
            ],
            [
              126.377274,
              34.782831
            ],
            [
              126.377182,
              34.782789
            ],
            [
              126.376794,
              34.782643
            ]
          ],
          [
            [
              126.376794,
              34.782643
            ],
            [
              126.377182,
              34.782789
            ],
            [
              126.377274,
              34.782831
            ],
            [
              126.377308,
              34.782855
            ],
            [
              126.377336,
              34.782887
            ],
            [
              126.377371,
              34.782944
            ],
            [
              126.377456,
              34.783126
            ],
            [
              126.377484,
              34.783201
            ],
            [
              126.37758,
              34.783389
            ],
            [
              126.377771,
              34.783732
            ],
            [
              126.3778,
              34.783793
            ]
          ],
          [
            [
              126.3778,
              34.783793
            ],
            [
              126.377748,
              34.783834
            ],
            [
              126.377386,
              34.783941
            ],
            [
              126.377265,
              34.783967
            ],
            [
              126.37719,
              34.783973
            ],
            [
              126.377111,
              34.783976
            ],
            [
              126.377023,
              34.783974
            ],
            [
              126.3769,
              34.783949
            ],
            [
              126.376809,
              34.783942
            ],
            [
              126.376766,
              34.783941
            ],
            [
              126.376719,
              34.78395
            ],
            [
              126.376638,
              34.783977
            ],
            [
              126.376377,
              34.784077
            ],
            [
              126.376236,
              34.7842
            ],
            [
              126.376397,
              34.784304
            ],
            [
              126.376508,
              34.784152
            ],
            [
              126.376543,
              34.784142
            ],
            [
              126.377719,
              34.784561
            ],
            [
              126.377897,
              34.784626
            ],
            [
              126.377936,
              34.784637
            ],
            [
              126.378014,
              34.784648
            ],
            [
              126.378892,
              34.784683
            ],
            [
              126.379541,
              34.784713
            ],
            [
              126.379614,
              34.784717
            ],
            [
              126.379649,
              34.78472
            ],
            [
              126.379674,
              34.784725
            ],
            [
              126.379687,
              34.784737
            ],
            [
              126.379691,
              34.784772
            ],
            [
              126.379637,
              34.785369
            ],
            [
              126.380578,
              34.785416
            ],
            [
              126.380952,
              34.785437
            ],
            [
              126.380911,
              34.786067
            ],
            [
              126.381341,
              34.786087
            ],
            [
              126.38222,
              34.786129
            ],
            [
              126.383195,
              34.786211
            ],
            [
              126.383998,
              34.786239
            ],
            [
              126.383976,
              34.786639
            ]
          ]
        ]
      },
      "properties": {
        "id": "mokpo-seosandong-1",
        "region": "mokpo",
        "themeId": "seosandong",
        "title": "서산동 골목",
        "weekdays": [
          1
        ],
        "dayNames": [
          "월"
        ],
        "status": "walking-geometry-checked",
        "issues": [],
        "stopIds": [
          "p61",
          "p128",
          "p118",
          "p83",
          "p10",
          "p11",
          "p63"
        ],
        "walkMeters": 3537,
        "walkMinutes": 48,
        "busCount": 0,
        "mealFallbacks": [],
        "placeCountException": null,
        "routeProvider": "FOSSGIS OSRM foot / OpenStreetMap",
        "checkedOn": "2026-10-08"
      }
    },
    {
      "type": "Feature",
      "id": "mokpo-gatbawi-023456",
      "geometry": {
        "type": "MultiLineString",
        "coordinates": [
          [
            [
              126.41603,
              34.792394
            ],
            [
              126.416095,
              34.792406
            ],
            [
              126.416403,
              34.792522
            ],
            [
              126.41687,
              34.792601
            ],
            [
              126.417065,
              34.79267
            ]
          ],
          [
            [
              126.417065,
              34.79267
            ],
            [
              126.417115,
              34.792688
            ],
            [
              126.417324,
              34.792786
            ],
            [
              126.417365,
              34.792811
            ],
            [
              126.417397,
              34.792789
            ],
            [
              126.41744,
              34.792786
            ],
            [
              126.41751,
              34.792804
            ],
            [
              126.417566,
              34.792828
            ],
            [
              126.417633,
              34.792866
            ],
            [
              126.417676,
              34.792912
            ],
            [
              126.417713,
              34.792957
            ],
            [
              126.41773,
              34.792978
            ],
            [
              126.41781,
              34.793159
            ],
            [
              126.417848,
              34.793249
            ],
            [
              126.41784,
              34.793293
            ],
            [
              126.417816,
              34.793322
            ],
            [
              126.417834,
              34.793347
            ],
            [
              126.418268,
              34.793355
            ],
            [
              126.418271,
              34.793498
            ],
            [
              126.418768,
              34.793502
            ],
            [
              126.419311,
              34.793507
            ],
            [
              126.419329,
              34.793331
            ],
            [
              126.420247,
              34.793347
            ],
            [
              126.420294,
              34.793329
            ],
            [
              126.420808,
              34.792708
            ],
            [
              126.421084,
              34.792792
            ]
          ],
          [
            [
              126.421084,
              34.792792
            ],
            [
              126.421207,
              34.792829
            ],
            [
              126.421344,
              34.792849
            ],
            [
              126.421119,
              34.793485
            ],
            [
              126.421161,
              34.793496
            ]
          ],
          [
            [
              126.421161,
              34.793496
            ],
            [
              126.421119,
              34.793485
            ],
            [
              126.421344,
              34.792849
            ],
            [
              126.421496,
              34.79287
            ],
            [
              126.421846,
              34.792885
            ],
            [
              126.422424,
              34.792913
            ],
            [
              126.423455,
              34.792962
            ],
            [
              126.423644,
              34.79299
            ],
            [
              126.423793,
              34.793044
            ],
            [
              126.423965,
              34.793138
            ],
            [
              126.424117,
              34.793249
            ],
            [
              126.424238,
              34.793364
            ],
            [
              126.424325,
              34.793478
            ],
            [
              126.4244,
              34.793589
            ],
            [
              126.424844,
              34.793527
            ],
            [
              126.424888,
              34.793493
            ],
            [
              126.424913,
              34.793433
            ],
            [
              126.425221,
              34.792678
            ],
            [
              126.425238,
              34.792588
            ],
            [
              126.425201,
              34.792435
            ],
            [
              126.425206,
              34.792245
            ],
            [
              126.425229,
              34.792142
            ],
            [
              126.425246,
              34.792066
            ],
            [
              126.425271,
              34.792033
            ],
            [
              126.425431,
              34.791881
            ],
            [
              126.425448,
              34.791868
            ]
          ],
          [
            [
              126.425448,
              34.791868
            ],
            [
              126.425745,
              34.791636
            ],
            [
              126.426057,
              34.791819
            ],
            [
              126.426268,
              34.792337
            ],
            [
              126.426185,
              34.792573
            ],
            [
              126.425983,
              34.792789
            ],
            [
              126.426024,
              34.793028
            ],
            [
              126.42617,
              34.793245
            ],
            [
              126.426214,
              34.793421
            ],
            [
              126.42635,
              34.793631
            ],
            [
              126.426378,
              34.793673
            ],
            [
              126.426472,
              34.793842
            ],
            [
              126.426519,
              34.793822
            ],
            [
              126.426574,
              34.793806
            ],
            [
              126.42661,
              34.793805
            ],
            [
              126.426657,
              34.793813
            ],
            [
              126.426701,
              34.793832
            ],
            [
              126.426796,
              34.793872
            ],
            [
              126.426896,
              34.793914
            ],
            [
              126.426964,
              34.793939
            ],
            [
              126.427056,
              34.793968
            ],
            [
              126.427153,
              34.793987
            ],
            [
              126.427256,
              34.794001
            ],
            [
              126.427343,
              34.794008
            ],
            [
              126.427354,
              34.794009
            ],
            [
              126.427446,
              34.794014
            ],
            [
              126.427525,
              34.794012
            ],
            [
              126.4276,
              34.794007
            ],
            [
              126.427677,
              34.793996
            ],
            [
              126.42772,
              34.793986
            ],
            [
              126.42776,
              34.793979
            ],
            [
              126.427793,
              34.793978
            ],
            [
              126.427829,
              34.793981
            ],
            [
              126.427885,
              34.793996
            ],
            [
              126.427946,
              34.794026
            ],
            [
              126.428174,
              34.794133
            ],
            [
              126.428459,
              34.794283
            ],
            [
              126.428438,
              34.794229
            ],
            [
              126.428466,
              34.794171
            ],
            [
              126.428646,
              34.793939
            ],
            [
              126.428702,
              34.793883
            ],
            [
              126.429915,
              34.794454
            ],
            [
              126.43013,
              34.794557
            ]
          ],
          [
            [
              126.43013,
              34.794557
            ],
            [
              126.430962,
              34.794955
            ],
            [
              126.430638,
              34.795435
            ],
            [
              126.43052,
              34.795599
            ]
          ],
          [
            [
              126.43052,
              34.795599
            ],
            [
              126.430638,
              34.795435
            ],
            [
              126.430177,
              34.79521
            ],
            [
              126.430071,
              34.795357
            ]
          ]
        ]
      },
      "properties": {
        "id": "mokpo-gatbawi-023456",
        "region": "mokpo",
        "themeId": "gatbawi",
        "title": "갓바위 문화타운",
        "weekdays": [
          0,
          2,
          3,
          4,
          5,
          6
        ],
        "dayNames": [
          "일",
          "화",
          "수",
          "목",
          "금",
          "토"
        ],
        "status": "needs-review",
        "issues": [
          "갓바위 해상보행교 2026년 보수 통제 뒤 재개방 여부 미확인: 현장 접근 확인 전 추천 보류"
        ],
        "stopIds": [
          "p43",
          "p33",
          "p25",
          "p16",
          "p7",
          "p55",
          "p101",
          "p56"
        ],
        "walkMeters": 2292,
        "walkMinutes": 30,
        "busCount": 0,
        "mealFallbacks": [],
        "placeCountException": null,
        "routeProvider": "FOSSGIS OSRM foot / OpenStreetMap",
        "checkedOn": "2026-10-08"
      }
    },
    {
      "type": "Feature",
      "id": "mokpo-gatbawi-1",
      "geometry": {
        "type": "MultiLineString",
        "coordinates": [
          [
            [
              126.425448,
              34.791868
            ],
            [
              126.425745,
              34.791636
            ],
            [
              126.426057,
              34.791819
            ],
            [
              126.426268,
              34.792337
            ],
            [
              126.426185,
              34.792573
            ],
            [
              126.425983,
              34.792789
            ],
            [
              126.426024,
              34.793028
            ],
            [
              126.42617,
              34.793245
            ],
            [
              126.426214,
              34.793421
            ],
            [
              126.42635,
              34.793631
            ],
            [
              126.426499,
              34.793617
            ],
            [
              126.426618,
              34.79367
            ],
            [
              126.426872,
              34.793837
            ],
            [
              126.427241,
              34.793925
            ],
            [
              126.427619,
              34.793925
            ],
            [
              126.42804,
              34.793801
            ],
            [
              126.428444,
              34.793592
            ],
            [
              126.428628,
              34.793571
            ],
            [
              126.429044,
              34.793711
            ],
            [
              126.431972,
              34.795128
            ],
            [
              126.433308,
              34.795767
            ]
          ],
          [
            [
              126.433308,
              34.795767
            ],
            [
              126.431972,
              34.795128
            ],
            [
              126.429044,
              34.793711
            ],
            [
              126.428628,
              34.793571
            ],
            [
              126.428444,
              34.793592
            ],
            [
              126.42804,
              34.793801
            ],
            [
              126.427619,
              34.793925
            ],
            [
              126.427241,
              34.793925
            ],
            [
              126.426872,
              34.793837
            ],
            [
              126.426618,
              34.79367
            ],
            [
              126.426499,
              34.793617
            ],
            [
              126.42635,
              34.793631
            ],
            [
              126.426378,
              34.793673
            ],
            [
              126.426472,
              34.793842
            ],
            [
              126.426519,
              34.793822
            ],
            [
              126.426574,
              34.793806
            ],
            [
              126.42661,
              34.793805
            ],
            [
              126.426657,
              34.793813
            ],
            [
              126.426701,
              34.793832
            ],
            [
              126.426796,
              34.793872
            ],
            [
              126.426896,
              34.793914
            ],
            [
              126.426964,
              34.793939
            ],
            [
              126.427056,
              34.793968
            ],
            [
              126.427153,
              34.793987
            ],
            [
              126.427256,
              34.794001
            ],
            [
              126.427343,
              34.794008
            ],
            [
              126.427354,
              34.794009
            ],
            [
              126.427446,
              34.794014
            ],
            [
              126.427525,
              34.794012
            ],
            [
              126.4276,
              34.794007
            ],
            [
              126.427677,
              34.793996
            ],
            [
              126.42772,
              34.793986
            ],
            [
              126.42776,
              34.793979
            ],
            [
              126.427793,
              34.793978
            ],
            [
              126.427829,
              34.793981
            ],
            [
              126.427885,
              34.793996
            ],
            [
              126.427946,
              34.794026
            ],
            [
              126.428174,
              34.794133
            ],
            [
              126.428459,
              34.794283
            ],
            [
              126.428438,
              34.794229
            ],
            [
              126.428466,
              34.794171
            ],
            [
              126.428646,
              34.793939
            ],
            [
              126.428702,
              34.793883
            ],
            [
              126.429915,
              34.794454
            ],
            [
              126.43013,
              34.794557
            ]
          ],
          [
            [
              126.43013,
              34.794557
            ],
            [
              126.430962,
              34.794955
            ],
            [
              126.430638,
              34.795435
            ],
            [
              126.43052,
              34.795599
            ]
          ],
          [
            [
              126.43052,
              34.795599
            ],
            [
              126.430638,
              34.795435
            ],
            [
              126.430177,
              34.79521
            ],
            [
              126.430071,
              34.795357
            ]
          ]
        ]
      },
      "properties": {
        "id": "mokpo-gatbawi-1",
        "region": "mokpo",
        "themeId": "gatbawi",
        "title": "갓바위 문화타운",
        "weekdays": [
          1
        ],
        "dayNames": [
          "월"
        ],
        "status": "needs-review",
        "issues": [
          "갓바위 해상보행교 2026년 보수 통제 뒤 재개방 여부 미확인: 현장 접근 확인 전 추천 보류"
        ],
        "stopIds": [
          "p7",
          "p14",
          "p55",
          "p101",
          "p56"
        ],
        "walkMeters": 2416,
        "walkMinutes": 31,
        "busCount": 0,
        "mealFallbacks": [],
        "placeCountException": null,
        "routeProvider": "FOSSGIS OSRM foot / OpenStreetMap",
        "checkedOn": "2026-10-08"
      }
    },
    {
      "type": "Feature",
      "id": "mokpo-peace-0123456",
      "geometry": {
        "type": "MultiLineString",
        "coordinates": [
          [
            [
              126.425448,
              34.791868
            ],
            [
              126.425745,
              34.791636
            ],
            [
              126.426057,
              34.791819
            ],
            [
              126.426268,
              34.792337
            ],
            [
              126.426185,
              34.792573
            ],
            [
              126.425983,
              34.792789
            ],
            [
              126.426024,
              34.793028
            ],
            [
              126.42617,
              34.793245
            ],
            [
              126.426214,
              34.793421
            ],
            [
              126.42635,
              34.793631
            ],
            [
              126.426378,
              34.793673
            ],
            [
              126.426472,
              34.793842
            ],
            [
              126.426519,
              34.793822
            ],
            [
              126.426574,
              34.793806
            ],
            [
              126.42661,
              34.793805
            ],
            [
              126.426657,
              34.793813
            ],
            [
              126.426701,
              34.793832
            ],
            [
              126.426796,
              34.793872
            ],
            [
              126.426896,
              34.793914
            ],
            [
              126.426964,
              34.793939
            ],
            [
              126.427056,
              34.793968
            ],
            [
              126.427153,
              34.793987
            ],
            [
              126.427256,
              34.794001
            ],
            [
              126.427343,
              34.794008
            ],
            [
              126.427354,
              34.794009
            ],
            [
              126.427446,
              34.794014
            ],
            [
              126.427525,
              34.794012
            ],
            [
              126.4276,
              34.794007
            ],
            [
              126.427677,
              34.793996
            ],
            [
              126.42772,
              34.793986
            ],
            [
              126.42776,
              34.793979
            ],
            [
              126.427793,
              34.793978
            ],
            [
              126.427829,
              34.793981
            ],
            [
              126.427885,
              34.793996
            ],
            [
              126.427946,
              34.794026
            ],
            [
              126.428174,
              34.794133
            ],
            [
              126.428459,
              34.794283
            ],
            [
              126.428438,
              34.794229
            ],
            [
              126.428466,
              34.794171
            ],
            [
              126.428646,
              34.793939
            ],
            [
              126.428702,
              34.793883
            ],
            [
              126.429766,
              34.794384
            ]
          ],
          [
            [
              126.429766,
              34.794384
            ],
            [
              126.429915,
              34.794454
            ],
            [
              126.430962,
              34.794955
            ],
            [
              126.430638,
              34.795435
            ],
            [
              126.43052,
              34.795599
            ]
          ],
          [
            [
              126.43052,
              34.795599
            ],
            [
              126.430638,
              34.795435
            ],
            [
              126.430177,
              34.79521
            ],
            [
              126.42959,
              34.79493
            ],
            [
              126.428512,
              34.794346
            ],
            [
              126.428459,
              34.794283
            ],
            [
              126.428174,
              34.794133
            ],
            [
              126.427946,
              34.794026
            ],
            [
              126.427885,
              34.793996
            ],
            [
              126.427829,
              34.793981
            ],
            [
              126.427793,
              34.793978
            ],
            [
              126.42776,
              34.793979
            ],
            [
              126.42772,
              34.793986
            ],
            [
              126.427677,
              34.793996
            ],
            [
              126.4276,
              34.794007
            ],
            [
              126.427525,
              34.794012
            ],
            [
              126.427446,
              34.794014
            ],
            [
              126.427354,
              34.794009
            ],
            [
              126.427343,
              34.794008
            ],
            [
              126.427256,
              34.794001
            ],
            [
              126.427153,
              34.793987
            ],
            [
              126.427056,
              34.793968
            ],
            [
              126.426964,
              34.793939
            ],
            [
              126.426896,
              34.793914
            ],
            [
              126.426796,
              34.793872
            ],
            [
              126.426701,
              34.793832
            ],
            [
              126.426657,
              34.793813
            ],
            [
              126.42661,
              34.793805
            ],
            [
              126.426574,
              34.793806
            ],
            [
              126.426519,
              34.793822
            ],
            [
              126.426472,
              34.793842
            ],
            [
              126.426378,
              34.793673
            ],
            [
              126.42635,
              34.793631
            ],
            [
              126.426499,
              34.793617
            ],
            [
              126.426618,
              34.79367
            ],
            [
              126.426872,
              34.793837
            ],
            [
              126.427241,
              34.793925
            ],
            [
              126.427619,
              34.793925
            ],
            [
              126.42804,
              34.793801
            ],
            [
              126.428444,
              34.793592
            ],
            [
              126.428628,
              34.793571
            ],
            [
              126.429044,
              34.793711
            ],
            [
              126.431972,
              34.795128
            ],
            [
              126.433308,
              34.795767
            ]
          ],
          [
            [
              126.433308,
              34.795767
            ],
            [
              126.431972,
              34.795128
            ],
            [
              126.429044,
              34.793711
            ],
            [
              126.428628,
              34.793571
            ],
            [
              126.428444,
              34.793592
            ],
            [
              126.42804,
              34.793801
            ],
            [
              126.427619,
              34.793925
            ],
            [
              126.427241,
              34.793925
            ],
            [
              126.426872,
              34.793837
            ],
            [
              126.426618,
              34.79367
            ],
            [
              126.426499,
              34.793617
            ],
            [
              126.42635,
              34.793631
            ],
            [
              126.426378,
              34.793673
            ],
            [
              126.426472,
              34.793842
            ],
            [
              126.426519,
              34.793822
            ],
            [
              126.426574,
              34.793806
            ],
            [
              126.42661,
              34.793805
            ],
            [
              126.426657,
              34.793813
            ],
            [
              126.426701,
              34.793832
            ],
            [
              126.426796,
              34.793872
            ],
            [
              126.426896,
              34.793914
            ],
            [
              126.426964,
              34.793939
            ],
            [
              126.427056,
              34.793968
            ],
            [
              126.427153,
              34.793987
            ],
            [
              126.427256,
              34.794001
            ],
            [
              126.427343,
              34.794008
            ],
            [
              126.427354,
              34.794009
            ],
            [
              126.427446,
              34.794014
            ],
            [
              126.427525,
              34.794012
            ],
            [
              126.4276,
              34.794007
            ],
            [
              126.427677,
              34.793996
            ],
            [
              126.42772,
              34.793986
            ],
            [
              126.42776,
              34.793979
            ],
            [
              126.427793,
              34.793978
            ],
            [
              126.427829,
              34.793981
            ],
            [
              126.427885,
              34.793996
            ],
            [
              126.427946,
              34.794026
            ],
            [
              126.428174,
              34.794133
            ],
            [
              126.428459,
              34.794283
            ],
            [
              126.428438,
              34.794229
            ],
            [
              126.428466,
              34.794171
            ],
            [
              126.428646,
              34.793939
            ],
            [
              126.428702,
              34.793883
            ],
            [
              126.429915,
              34.794454
            ],
            [
              126.43013,
              34.794557
            ]
          ],
          [
            [
              126.43013,
              34.794557
            ],
            [
              126.430962,
              34.794955
            ],
            [
              126.431991,
              34.795448
            ],
            [
              126.431915,
              34.79556
            ],
            [
              126.431755,
              34.795795
            ],
            [
              126.431739,
              34.795965
            ],
            [
              126.431492,
              34.796307
            ],
            [
              126.431446,
              34.796374
            ],
            [
              126.431371,
              34.796486
            ],
            [
              126.431154,
              34.796796
            ],
            [
              126.430879,
              34.797187
            ],
            [
              126.431262,
              34.797368
            ],
            [
              126.431331,
              34.797419
            ],
            [
              126.431379,
              34.797486
            ],
            [
              126.431427,
              34.797579
            ],
            [
              126.431434,
              34.797773
            ],
            [
              126.431345,
              34.797903
            ]
          ]
        ]
      },
      "properties": {
        "id": "mokpo-peace-0123456",
        "region": "mokpo",
        "themeId": "peace",
        "title": "평화광장·밤바다",
        "weekdays": [
          0,
          1,
          2,
          3,
          4,
          5,
          6
        ],
        "dayNames": [
          "일",
          "월",
          "화",
          "수",
          "목",
          "금",
          "토"
        ],
        "status": "needs-review",
        "issues": [
          "갓바위 해상보행교 2026년 보수 통제 뒤 재개방 여부 미확인: 현장 접근 확인 전 추천 보류"
        ],
        "stopIds": [
          "p7",
          "p62",
          "p101",
          "p14",
          "p55",
          "p74"
        ],
        "walkMeters": 3758,
        "walkMinutes": 50,
        "busCount": 0,
        "mealFallbacks": [],
        "placeCountException": null,
        "routeProvider": "FOSSGIS OSRM foot / OpenStreetMap",
        "checkedOn": "2026-10-08"
      }
    },
    {
      "type": "Feature",
      "id": "mokpo-samhakdo-023456",
      "geometry": {
        "type": "MultiLineString",
        "coordinates": [
          [
            [
              126.3843,
              34.792355
            ],
            [
              126.384274,
              34.792273
            ],
            [
              126.384238,
              34.792174
            ],
            [
              126.384101,
              34.7918
            ],
            [
              126.384065,
              34.791719
            ],
            [
              126.383872,
              34.791823
            ],
            [
              126.38405,
              34.791298
            ],
            [
              126.384188,
              34.790846
            ],
            [
              126.384219,
              34.790776
            ],
            [
              126.384403,
              34.790733
            ],
            [
              126.384989,
              34.790589
            ],
            [
              126.385631,
              34.790471
            ],
            [
              126.385677,
              34.790602
            ],
            [
              126.386112,
              34.790476
            ],
            [
              126.386293,
              34.790421
            ],
            [
              126.386504,
              34.790311
            ],
            [
              126.386554,
              34.7903
            ],
            [
              126.387347,
              34.79011
            ],
            [
              126.387457,
              34.790002
            ],
            [
              126.388107,
              34.789826
            ],
            [
              126.388343,
              34.789754
            ],
            [
              126.388089,
              34.789525
            ],
            [
              126.388206,
              34.789437
            ],
            [
              126.388803,
              34.788988
            ],
            [
              126.389521,
              34.788447
            ],
            [
              126.389715,
              34.7883
            ],
            [
              126.390197,
              34.787941
            ]
          ],
          [
            [
              126.390197,
              34.787941
            ],
            [
              126.389715,
              34.7883
            ],
            [
              126.389521,
              34.788447
            ],
            [
              126.389137,
              34.7881
            ],
            [
              126.388978,
              34.787956
            ],
            [
              126.388788,
              34.787784
            ],
            [
              126.388527,
              34.787548
            ],
            [
              126.388432,
              34.787463
            ],
            [
              126.388332,
              34.787372
            ],
            [
              126.388034,
              34.787102
            ],
            [
              126.387292,
              34.786435
            ],
            [
              126.386592,
              34.785831
            ],
            [
              126.386098,
              34.785374
            ],
            [
              126.38549,
              34.784748
            ],
            [
              126.385182,
              34.784878
            ],
            [
              126.384736,
              34.785046
            ],
            [
              126.384675,
              34.78506
            ],
            [
              126.384601,
              34.785059
            ],
            [
              126.384623,
              34.785104
            ],
            [
              126.384788,
              34.785272
            ]
          ],
          [
            [
              126.384788,
              34.785272
            ],
            [
              126.384623,
              34.785104
            ],
            [
              126.384601,
              34.785059
            ],
            [
              126.384675,
              34.78506
            ],
            [
              126.384736,
              34.785046
            ],
            [
              126.385182,
              34.784878
            ],
            [
              126.38549,
              34.784748
            ],
            [
              126.386098,
              34.785374
            ],
            [
              126.386435,
              34.785686
            ]
          ],
          [
            [
              126.386435,
              34.785686
            ],
            [
              126.386592,
              34.785831
            ],
            [
              126.386895,
              34.785555
            ],
            [
              126.387755,
              34.78603
            ],
            [
              126.387869,
              34.785883
            ],
            [
              126.389507,
              34.786782
            ],
            [
              126.390056,
              34.787091
            ],
            [
              126.390164,
              34.787159
            ],
            [
              126.390443,
              34.787368
            ],
            [
              126.390917,
              34.787772
            ],
            [
              126.391685,
              34.788346
            ],
            [
              126.391952,
              34.788212
            ],
            [
              126.392009,
              34.788183
            ],
            [
              126.392358,
              34.787952
            ],
            [
              126.393493,
              34.787084
            ],
            [
              126.393772,
              34.787208
            ],
            [
              126.393849,
              34.787171
            ],
            [
              126.393963,
              34.787148
            ],
            [
              126.394074,
              34.787141
            ],
            [
              126.394104,
              34.786886
            ],
            [
              126.394275,
              34.786644
            ],
            [
              126.394314,
              34.786569
            ],
            [
              126.394352,
              34.786521
            ],
            [
              126.39451,
              34.78631
            ],
            [
              126.394569,
              34.786207
            ],
            [
              126.394605,
              34.78613
            ],
            [
              126.394621,
              34.786084
            ],
            [
              126.394627,
              34.786034
            ],
            [
              126.394633,
              34.78592
            ],
            [
              126.394626,
              34.785838
            ],
            [
              126.394619,
              34.785748
            ],
            [
              126.39462,
              34.785709
            ],
            [
              126.394674,
              34.785715
            ],
            [
              126.394711,
              34.785713
            ],
            [
              126.394789,
              34.78568
            ],
            [
              126.394832,
              34.785545
            ],
            [
              126.39486,
              34.785443
            ],
            [
              126.394953,
              34.78516
            ],
            [
              126.395001,
              34.785061
            ],
            [
              126.39517,
              34.784891
            ],
            [
              126.395339,
              34.784796
            ],
            [
              126.395639,
              34.784691
            ],
            [
              126.395856,
              34.784607
            ],
            [
              126.39602,
              34.78451
            ],
            [
              126.396176,
              34.784435
            ],
            [
              126.396287,
              34.784439
            ],
            [
              126.396387,
              34.784509
            ],
            [
              126.396491,
              34.784471
            ]
          ],
          [
            [
              126.396491,
              34.784471
            ],
            [
              126.396387,
              34.784509
            ],
            [
              126.396287,
              34.784439
            ],
            [
              126.396176,
              34.784435
            ],
            [
              126.39602,
              34.78451
            ],
            [
              126.395856,
              34.784607
            ],
            [
              126.395639,
              34.784691
            ],
            [
              126.395339,
              34.784796
            ],
            [
              126.39517,
              34.784891
            ],
            [
              126.395001,
              34.785061
            ],
            [
              126.394953,
              34.78516
            ],
            [
              126.39486,
              34.785443
            ],
            [
              126.394832,
              34.785545
            ],
            [
              126.394789,
              34.78568
            ],
            [
              126.394711,
              34.785713
            ],
            [
              126.394674,
              34.785715
            ],
            [
              126.39462,
              34.785709
            ],
            [
              126.394676,
              34.785359
            ],
            [
              126.394603,
              34.784867
            ],
            [
              126.394298,
              34.784781
            ],
            [
              126.394161,
              34.784732
            ],
            [
              126.3941,
              34.784686
            ],
            [
              126.39407,
              34.78462
            ],
            [
              126.394014,
              34.784569
            ],
            [
              126.393888,
              34.784497
            ],
            [
              126.393703,
              34.784413
            ],
            [
              126.393595,
              34.784325
            ],
            [
              126.393558,
              34.784264
            ],
            [
              126.393459,
              34.7841
            ],
            [
              126.393198,
              34.783684
            ],
            [
              126.393056,
              34.783481
            ],
            [
              126.39304,
              34.783459
            ],
            [
              126.392941,
              34.78334
            ],
            [
              126.392918,
              34.783324
            ],
            [
              126.392801,
              34.783246
            ],
            [
              126.392667,
              34.783195
            ],
            [
              126.392549,
              34.783179
            ],
            [
              126.392386,
              34.783182
            ],
            [
              126.392263,
              34.78319
            ]
          ],
          [
            [
              126.392263,
              34.78319
            ],
            [
              126.392187,
              34.783195
            ],
            [
              126.392064,
              34.783186
            ],
            [
              126.391887,
              34.783149
            ],
            [
              126.391721,
              34.783076
            ],
            [
              126.391533,
              34.782988
            ],
            [
              126.391417,
              34.782955
            ],
            [
              126.391297,
              34.782942
            ],
            [
              126.39113,
              34.78293
            ],
            [
              126.39102,
              34.782895
            ],
            [
              126.390927,
              34.78282
            ],
            [
              126.390827,
              34.782653
            ],
            [
              126.390771,
              34.782549
            ],
            [
              126.390699,
              34.782494
            ],
            [
              126.390559,
              34.782422
            ],
            [
              126.390422,
              34.782358
            ],
            [
              126.390318,
              34.7823
            ],
            [
              126.390216,
              34.782197
            ],
            [
              126.39013,
              34.782067
            ],
            [
              126.390087,
              34.781994
            ],
            [
              126.390033,
              34.781952
            ],
            [
              126.389786,
              34.781905
            ],
            [
              126.389818,
              34.781814
            ],
            [
              126.3896,
              34.781769
            ],
            [
              126.389478,
              34.781774
            ],
            [
              126.389373,
              34.781802
            ],
            [
              126.389317,
              34.781829
            ],
            [
              126.389267,
              34.781887
            ],
            [
              126.389173,
              34.782105
            ]
          ],
          [
            [
              126.389173,
              34.782105
            ],
            [
              126.389267,
              34.781887
            ],
            [
              126.389317,
              34.781829
            ],
            [
              126.389244,
              34.781777
            ],
            [
              126.389209,
              34.781705
            ],
            [
              126.389148,
              34.78158
            ],
            [
              126.3891,
              34.78148
            ],
            [
              126.38895,
              34.781516
            ],
            [
              126.388884,
              34.781523
            ],
            [
              126.388829,
              34.781523
            ],
            [
              126.388782,
              34.781514
            ],
            [
              126.388697,
              34.781487
            ],
            [
              126.388635,
              34.781457
            ],
            [
              126.388611,
              34.781436
            ],
            [
              126.388598,
              34.781414
            ],
            [
              126.388506,
              34.781235
            ],
            [
              126.388456,
              34.781138
            ]
          ]
        ]
      },
      "properties": {
        "id": "mokpo-samhakdo-023456",
        "region": "mokpo",
        "themeId": "samhakdo",
        "title": "삼학도 해양·평화",
        "weekdays": [
          0,
          2,
          3,
          4,
          5,
          6
        ],
        "dayNames": [
          "일",
          "화",
          "수",
          "목",
          "금",
          "토"
        ],
        "status": "walking-geometry-checked",
        "issues": [],
        "stopIds": [
          "p61",
          "p114",
          "p31",
          "p51",
          "p26",
          "p30",
          "p32",
          "p53"
        ],
        "walkMeters": 4441,
        "walkMinutes": 59,
        "busCount": 0,
        "mealFallbacks": [],
        "placeCountException": null,
        "routeProvider": "FOSSGIS OSRM foot / OpenStreetMap",
        "checkedOn": "2026-10-08"
      }
    },
    {
      "type": "Feature",
      "id": "mokpo-samhakdo-1",
      "geometry": {
        "type": "MultiLineString",
        "coordinates": [
          [
            [
              126.3843,
              34.792355
            ],
            [
              126.384274,
              34.792273
            ],
            [
              126.384238,
              34.792174
            ],
            [
              126.384101,
              34.7918
            ],
            [
              126.384065,
              34.791719
            ],
            [
              126.383872,
              34.791823
            ],
            [
              126.38405,
              34.791298
            ],
            [
              126.384188,
              34.790846
            ],
            [
              126.384219,
              34.790776
            ],
            [
              126.384403,
              34.790733
            ],
            [
              126.384989,
              34.790589
            ],
            [
              126.385631,
              34.790471
            ],
            [
              126.385677,
              34.790602
            ],
            [
              126.386112,
              34.790476
            ],
            [
              126.386293,
              34.790421
            ],
            [
              126.386504,
              34.790311
            ],
            [
              126.386554,
              34.7903
            ],
            [
              126.387347,
              34.79011
            ],
            [
              126.387457,
              34.790002
            ],
            [
              126.388107,
              34.789826
            ],
            [
              126.388343,
              34.789754
            ],
            [
              126.388089,
              34.789525
            ],
            [
              126.388206,
              34.789437
            ],
            [
              126.388803,
              34.788988
            ],
            [
              126.389521,
              34.788447
            ],
            [
              126.389715,
              34.7883
            ],
            [
              126.390197,
              34.787941
            ]
          ],
          [
            [
              126.390197,
              34.787941
            ],
            [
              126.389715,
              34.7883
            ],
            [
              126.389521,
              34.788447
            ],
            [
              126.389137,
              34.7881
            ],
            [
              126.388978,
              34.787956
            ],
            [
              126.388788,
              34.787784
            ],
            [
              126.388527,
              34.787548
            ],
            [
              126.388432,
              34.787463
            ],
            [
              126.388332,
              34.787372
            ],
            [
              126.388034,
              34.787102
            ],
            [
              126.387292,
              34.786435
            ],
            [
              126.386592,
              34.785831
            ],
            [
              126.386435,
              34.785686
            ]
          ],
          [
            [
              126.386435,
              34.785686
            ],
            [
              126.386592,
              34.785831
            ],
            [
              126.386895,
              34.785555
            ],
            [
              126.387755,
              34.78603
            ],
            [
              126.387869,
              34.785883
            ],
            [
              126.389507,
              34.786782
            ],
            [
              126.390056,
              34.787091
            ],
            [
              126.390164,
              34.787159
            ],
            [
              126.390443,
              34.787368
            ],
            [
              126.390917,
              34.787772
            ],
            [
              126.391685,
              34.788346
            ],
            [
              126.391952,
              34.788212
            ],
            [
              126.392009,
              34.788183
            ],
            [
              126.392358,
              34.787952
            ],
            [
              126.393493,
              34.787084
            ],
            [
              126.393772,
              34.787208
            ],
            [
              126.393849,
              34.787171
            ],
            [
              126.393963,
              34.787148
            ],
            [
              126.394074,
              34.787141
            ],
            [
              126.394104,
              34.786886
            ],
            [
              126.394275,
              34.786644
            ],
            [
              126.394314,
              34.786569
            ],
            [
              126.394352,
              34.786521
            ],
            [
              126.39451,
              34.78631
            ],
            [
              126.394569,
              34.786207
            ],
            [
              126.394605,
              34.78613
            ],
            [
              126.394621,
              34.786084
            ],
            [
              126.394627,
              34.786034
            ],
            [
              126.394633,
              34.78592
            ],
            [
              126.394626,
              34.785838
            ],
            [
              126.394619,
              34.785748
            ],
            [
              126.39462,
              34.785709
            ],
            [
              126.394674,
              34.785715
            ],
            [
              126.394711,
              34.785713
            ],
            [
              126.394789,
              34.78568
            ],
            [
              126.394832,
              34.785545
            ],
            [
              126.39486,
              34.785443
            ],
            [
              126.394953,
              34.78516
            ],
            [
              126.395001,
              34.785061
            ],
            [
              126.39517,
              34.784891
            ],
            [
              126.395339,
              34.784796
            ],
            [
              126.395639,
              34.784691
            ],
            [
              126.395856,
              34.784607
            ],
            [
              126.39602,
              34.78451
            ],
            [
              126.396176,
              34.784435
            ],
            [
              126.396287,
              34.784439
            ],
            [
              126.396387,
              34.784509
            ],
            [
              126.396491,
              34.784471
            ]
          ],
          [
            [
              126.396491,
              34.784471
            ],
            [
              126.396387,
              34.784509
            ],
            [
              126.396287,
              34.784439
            ],
            [
              126.396176,
              34.784435
            ],
            [
              126.39602,
              34.78451
            ],
            [
              126.395856,
              34.784607
            ],
            [
              126.395639,
              34.784691
            ],
            [
              126.395339,
              34.784796
            ],
            [
              126.39517,
              34.784891
            ],
            [
              126.395001,
              34.785061
            ],
            [
              126.394953,
              34.78516
            ],
            [
              126.39486,
              34.785443
            ],
            [
              126.394832,
              34.785545
            ],
            [
              126.394789,
              34.78568
            ],
            [
              126.394711,
              34.785713
            ],
            [
              126.394674,
              34.785715
            ],
            [
              126.39462,
              34.785709
            ],
            [
              126.394676,
              34.785359
            ],
            [
              126.394603,
              34.784867
            ],
            [
              126.394298,
              34.784781
            ],
            [
              126.394161,
              34.784732
            ],
            [
              126.3941,
              34.784686
            ],
            [
              126.39407,
              34.78462
            ],
            [
              126.394014,
              34.784569
            ],
            [
              126.393888,
              34.784497
            ],
            [
              126.393703,
              34.784413
            ],
            [
              126.393595,
              34.784325
            ],
            [
              126.393558,
              34.784264
            ],
            [
              126.393459,
              34.7841
            ],
            [
              126.393198,
              34.783684
            ],
            [
              126.393056,
              34.783481
            ],
            [
              126.39304,
              34.783459
            ],
            [
              126.392941,
              34.78334
            ],
            [
              126.392918,
              34.783324
            ],
            [
              126.392801,
              34.783246
            ],
            [
              126.392667,
              34.783195
            ],
            [
              126.392549,
              34.783179
            ],
            [
              126.392386,
              34.783182
            ],
            [
              126.392187,
              34.783195
            ],
            [
              126.392064,
              34.783186
            ],
            [
              126.391887,
              34.783149
            ],
            [
              126.391721,
              34.783076
            ],
            [
              126.391533,
              34.782988
            ],
            [
              126.391417,
              34.782955
            ],
            [
              126.391297,
              34.782942
            ],
            [
              126.39113,
              34.78293
            ],
            [
              126.39102,
              34.782895
            ],
            [
              126.390927,
              34.78282
            ],
            [
              126.390827,
              34.782653
            ],
            [
              126.390771,
              34.782549
            ],
            [
              126.390699,
              34.782494
            ],
            [
              126.390559,
              34.782422
            ],
            [
              126.390422,
              34.782358
            ],
            [
              126.390318,
              34.7823
            ],
            [
              126.390216,
              34.782197
            ],
            [
              126.39013,
              34.782067
            ],
            [
              126.390087,
              34.781994
            ],
            [
              126.390033,
              34.781952
            ],
            [
              126.389786,
              34.781905
            ],
            [
              126.389818,
              34.781814
            ],
            [
              126.3896,
              34.781769
            ],
            [
              126.389478,
              34.781774
            ],
            [
              126.389373,
              34.781802
            ],
            [
              126.389317,
              34.781829
            ],
            [
              126.389244,
              34.781777
            ],
            [
              126.389209,
              34.781705
            ],
            [
              126.389148,
              34.78158
            ],
            [
              126.3891,
              34.78148
            ],
            [
              126.38895,
              34.781516
            ],
            [
              126.388884,
              34.781523
            ],
            [
              126.388829,
              34.781523
            ],
            [
              126.388782,
              34.781514
            ],
            [
              126.388697,
              34.781487
            ],
            [
              126.388635,
              34.781457
            ],
            [
              126.388611,
              34.781436
            ],
            [
              126.388598,
              34.781414
            ],
            [
              126.388506,
              34.781235
            ],
            [
              126.388456,
              34.781138
            ]
          ]
        ]
      },
      "properties": {
        "id": "mokpo-samhakdo-1",
        "region": "mokpo",
        "themeId": "samhakdo",
        "title": "삼학도 해양·평화",
        "weekdays": [
          1
        ],
        "dayNames": [
          "월"
        ],
        "status": "walking-geometry-checked",
        "issues": [],
        "stopIds": [
          "p61",
          "p114",
          "p51",
          "p26",
          "p53"
        ],
        "walkMeters": 3865,
        "walkMinutes": 52,
        "busCount": 0,
        "mealFallbacks": [],
        "placeCountException": null,
        "routeProvider": "FOSSGIS OSRM foot / OpenStreetMap",
        "checkedOn": "2026-10-08"
      }
    },
    {
      "type": "Feature",
      "id": "mokpo-cafeWalk-06",
      "geometry": {
        "type": "MultiLineString",
        "coordinates": [
          [
            [
              126.385214,
              34.791277
            ],
            [
              126.385155,
              34.791094
            ],
            [
              126.384989,
              34.790589
            ],
            [
              126.385631,
              34.790471
            ],
            [
              126.38554,
              34.790206
            ],
            [
              126.38551,
              34.790167
            ],
            [
              126.385314,
              34.789714
            ],
            [
              126.386189,
              34.78906
            ],
            [
              126.386446,
              34.788855
            ],
            [
              126.386912,
              34.788486
            ],
            [
              126.386707,
              34.788326
            ]
          ],
          [
            [
              126.386707,
              34.788326
            ],
            [
              126.386594,
              34.788238
            ],
            [
              126.385824,
              34.787525
            ],
            [
              126.385139,
              34.786958
            ],
            [
              126.385333,
              34.786807
            ]
          ],
          [
            [
              126.385333,
              34.786807
            ],
            [
              126.385139,
              34.786958
            ],
            [
              126.384161,
              34.786922
            ],
            [
              126.383961,
              34.786912
            ],
            [
              126.383165,
              34.786898
            ],
            [
              126.382155,
              34.786843
            ],
            [
              126.381282,
              34.786795
            ],
            [
              126.381134,
              34.786787
            ]
          ],
          [
            [
              126.381134,
              34.786787
            ],
            [
              126.381282,
              34.786795
            ],
            [
              126.381341,
              34.786087
            ],
            [
              126.381557,
              34.786097
            ]
          ],
          [
            [
              126.381557,
              34.786097
            ],
            [
              126.38222,
              34.786129
            ],
            [
              126.382266,
              34.785506
            ],
            [
              126.382315,
              34.784867
            ],
            [
              126.382343,
              34.784284
            ],
            [
              126.382369,
              34.784043
            ]
          ],
          [
            [
              126.382369,
              34.784043
            ],
            [
              126.382415,
              34.783625
            ],
            [
              126.382509,
              34.783235
            ],
            [
              126.381656,
              34.78308
            ],
            [
              126.381907,
              34.782187
            ],
            [
              126.380998,
              34.782012
            ],
            [
              126.379119,
              34.781664
            ],
            [
              126.378719,
              34.781601
            ],
            [
              126.37864,
              34.781574
            ],
            [
              126.378558,
              34.781528
            ],
            [
              126.377884,
              34.781162
            ],
            [
              126.377802,
              34.781136
            ],
            [
              126.376851,
              34.781028
            ],
            [
              126.376375,
              34.780665
            ],
            [
              126.376366,
              34.78054
            ],
            [
              126.375917,
              34.780495
            ],
            [
              126.374883,
              34.780358
            ],
            [
              126.374079,
              34.780256
            ],
            [
              126.373787,
              34.780233
            ],
            [
              126.373609,
              34.780241
            ],
            [
              126.373153,
              34.780304
            ],
            [
              126.373167,
              34.780507
            ]
          ]
        ]
      },
      "properties": {
        "id": "mokpo-cafeWalk-06",
        "region": "mokpo",
        "themeId": "cafeWalk",
        "title": "원도심 카페 산책",
        "weekdays": [
          0,
          6
        ],
        "dayNames": [
          "일",
          "토"
        ],
        "status": "walking-geometry-checked",
        "issues": [],
        "stopIds": [
          "p102",
          "p93",
          "p98",
          "p96",
          "p95",
          "p94",
          "p97"
        ],
        "walkMeters": 2635,
        "walkMinutes": 34,
        "busCount": 0,
        "mealFallbacks": [],
        "placeCountException": null,
        "routeProvider": "FOSSGIS OSRM foot / OpenStreetMap",
        "checkedOn": "2026-10-08"
      }
    },
    {
      "type": "Feature",
      "id": "mokpo-cafeWalk-1",
      "geometry": {
        "type": "MultiLineString",
        "coordinates": [
          [
            [
              126.384936,
              34.792291
            ],
            [
              126.384687,
              34.791559
            ],
            [
              126.384577,
              34.791243
            ],
            [
              126.384403,
              34.790733
            ],
            [
              126.384219,
              34.790776
            ],
            [
              126.384486,
              34.790053
            ],
            [
              126.384578,
              34.789843
            ],
            [
              126.384616,
              34.789795
            ],
            [
              126.384734,
              34.789647
            ],
            [
              126.385139,
              34.789306
            ],
            [
              126.385877,
              34.788788
            ],
            [
              126.386131,
              34.78859
            ],
            [
              126.386594,
              34.788238
            ],
            [
              126.386707,
              34.788326
            ]
          ],
          [
            [
              126.386707,
              34.788326
            ],
            [
              126.386594,
              34.788238
            ],
            [
              126.385824,
              34.787525
            ],
            [
              126.385139,
              34.786958
            ],
            [
              126.385333,
              34.786807
            ]
          ],
          [
            [
              126.385333,
              34.786807
            ],
            [
              126.385139,
              34.786958
            ],
            [
              126.384659,
              34.786493
            ],
            [
              126.384367,
              34.786258
            ],
            [
              126.383998,
              34.786239
            ],
            [
              126.383195,
              34.786211
            ],
            [
              126.38222,
              34.786129
            ],
            [
              126.382266,
              34.785506
            ],
            [
              126.382315,
              34.784867
            ],
            [
              126.382343,
              34.784284
            ],
            [
              126.382369,
              34.784043
            ]
          ],
          [
            [
              126.382369,
              34.784043
            ],
            [
              126.382415,
              34.783625
            ],
            [
              126.382509,
              34.783235
            ],
            [
              126.381656,
              34.78308
            ],
            [
              126.381907,
              34.782187
            ],
            [
              126.380998,
              34.782012
            ],
            [
              126.379119,
              34.781664
            ],
            [
              126.378719,
              34.781601
            ],
            [
              126.37864,
              34.781574
            ],
            [
              126.378558,
              34.781528
            ],
            [
              126.377884,
              34.781162
            ],
            [
              126.377802,
              34.781136
            ],
            [
              126.376851,
              34.781028
            ],
            [
              126.376375,
              34.780665
            ],
            [
              126.376366,
              34.78054
            ],
            [
              126.375917,
              34.780495
            ],
            [
              126.374883,
              34.780358
            ],
            [
              126.374079,
              34.780256
            ],
            [
              126.373787,
              34.780233
            ],
            [
              126.373609,
              34.780241
            ],
            [
              126.373153,
              34.780304
            ],
            [
              126.373167,
              34.780507
            ]
          ]
        ]
      },
      "properties": {
        "id": "mokpo-cafeWalk-1",
        "region": "mokpo",
        "themeId": "cafeWalk",
        "title": "원도심 카페 산책",
        "weekdays": [
          1
        ],
        "dayNames": [
          "월"
        ],
        "status": "walking-geometry-checked",
        "issues": [],
        "stopIds": [
          "p103",
          "p93",
          "p98",
          "p94",
          "p97"
        ],
        "walkMeters": 2520,
        "walkMinutes": 33,
        "busCount": 0,
        "mealFallbacks": [],
        "placeCountException": null,
        "routeProvider": "FOSSGIS OSRM foot / OpenStreetMap",
        "checkedOn": "2026-10-08"
      }
    },
    {
      "type": "Feature",
      "id": "mokpo-cafeWalk-2345",
      "geometry": {
        "type": "MultiLineString",
        "coordinates": [
          [
            [
              126.385214,
              34.791277
            ],
            [
              126.385275,
              34.791468
            ],
            [
              126.384687,
              34.791559
            ],
            [
              126.384936,
              34.792291
            ]
          ],
          [
            [
              126.384936,
              34.792291
            ],
            [
              126.384687,
              34.791559
            ],
            [
              126.384577,
              34.791243
            ],
            [
              126.384403,
              34.790733
            ],
            [
              126.384219,
              34.790776
            ],
            [
              126.384486,
              34.790053
            ],
            [
              126.384578,
              34.789843
            ],
            [
              126.384616,
              34.789795
            ],
            [
              126.384734,
              34.789647
            ],
            [
              126.385139,
              34.789306
            ],
            [
              126.385877,
              34.788788
            ],
            [
              126.386131,
              34.78859
            ],
            [
              126.386594,
              34.788238
            ],
            [
              126.386707,
              34.788326
            ]
          ],
          [
            [
              126.386707,
              34.788326
            ],
            [
              126.386594,
              34.788238
            ],
            [
              126.385824,
              34.787525
            ],
            [
              126.385139,
              34.786958
            ],
            [
              126.385333,
              34.786807
            ]
          ],
          [
            [
              126.385333,
              34.786807
            ],
            [
              126.385139,
              34.786958
            ],
            [
              126.384161,
              34.786922
            ],
            [
              126.383961,
              34.786912
            ],
            [
              126.383165,
              34.786898
            ],
            [
              126.382155,
              34.786843
            ],
            [
              126.381282,
              34.786795
            ],
            [
              126.381134,
              34.786787
            ]
          ],
          [
            [
              126.381134,
              34.786787
            ],
            [
              126.381282,
              34.786795
            ],
            [
              126.381341,
              34.786087
            ],
            [
              126.381557,
              34.786097
            ]
          ],
          [
            [
              126.381557,
              34.786097
            ],
            [
              126.38222,
              34.786129
            ],
            [
              126.382266,
              34.785506
            ],
            [
              126.382315,
              34.784867
            ],
            [
              126.382343,
              34.784284
            ],
            [
              126.382369,
              34.784043
            ]
          ],
          [
            [
              126.382369,
              34.784043
            ],
            [
              126.382415,
              34.783625
            ],
            [
              126.382509,
              34.783235
            ],
            [
              126.381656,
              34.78308
            ],
            [
              126.381907,
              34.782187
            ],
            [
              126.380998,
              34.782012
            ],
            [
              126.379119,
              34.781664
            ],
            [
              126.378719,
              34.781601
            ],
            [
              126.37864,
              34.781574
            ],
            [
              126.378558,
              34.781528
            ],
            [
              126.377884,
              34.781162
            ],
            [
              126.377802,
              34.781136
            ],
            [
              126.376851,
              34.781028
            ],
            [
              126.376375,
              34.780665
            ],
            [
              126.376366,
              34.78054
            ],
            [
              126.375917,
              34.780495
            ],
            [
              126.374883,
              34.780358
            ],
            [
              126.374079,
              34.780256
            ],
            [
              126.373787,
              34.780233
            ],
            [
              126.373609,
              34.780241
            ],
            [
              126.373153,
              34.780304
            ],
            [
              126.373167,
              34.780507
            ]
          ]
        ]
      },
      "properties": {
        "id": "mokpo-cafeWalk-2345",
        "region": "mokpo",
        "themeId": "cafeWalk",
        "title": "원도심 카페 산책",
        "weekdays": [
          2,
          3,
          4,
          5
        ],
        "dayNames": [
          "화",
          "수",
          "목",
          "금"
        ],
        "status": "walking-geometry-checked",
        "issues": [],
        "stopIds": [
          "p102",
          "p103",
          "p93",
          "p98",
          "p96",
          "p95",
          "p94",
          "p97"
        ],
        "walkMeters": 2919,
        "walkMinutes": 38,
        "busCount": 0,
        "mealFallbacks": [],
        "placeCountException": null,
        "routeProvider": "FOSSGIS OSRM foot / OpenStreetMap",
        "checkedOn": "2026-10-08"
      }
    },
    {
      "type": "Feature",
      "id": "gangneung-food-0456",
      "geometry": {
        "type": "MultiLineString",
        "coordinates": [
          [
            [
              128.907827,
              37.791776
            ],
            [
              128.907663,
              37.792162
            ],
            [
              128.907361,
              37.793096
            ],
            [
              128.907162,
              37.793548
            ],
            [
              128.907424,
              37.793729
            ],
            [
              128.907689,
              37.793725
            ],
            [
              128.907846,
              37.793301
            ],
            [
              128.908067,
              37.793188
            ],
            [
              128.908236,
              37.793034
            ],
            [
              128.908557,
              37.792888
            ],
            [
              128.908759,
              37.792658
            ],
            [
              128.90897,
              37.792387
            ],
            [
              128.909127,
              37.79198
            ],
            [
              128.909185,
              37.791875
            ],
            [
              128.909219,
              37.791775
            ],
            [
              128.909275,
              37.791743
            ],
            [
              128.90941,
              37.791665
            ],
            [
              128.909517,
              37.791587
            ],
            [
              128.909604,
              37.791597
            ],
            [
              128.909694,
              37.79159
            ]
          ],
          [
            [
              128.909694,
              37.79159
            ],
            [
              128.909604,
              37.791597
            ],
            [
              128.909517,
              37.791587
            ],
            [
              128.909565,
              37.791542
            ],
            [
              128.909895,
              37.791455
            ],
            [
              128.910279,
              37.791335
            ],
            [
              128.910302,
              37.791329
            ]
          ],
          [
            [
              128.910302,
              37.791329
            ],
            [
              128.910462,
              37.79129
            ],
            [
              128.910991,
              37.791189
            ],
            [
              128.911016,
              37.791155
            ],
            [
              128.911034,
              37.791128
            ],
            [
              128.911302,
              37.790789
            ],
            [
              128.911427,
              37.790808
            ],
            [
              128.911749,
              37.790863
            ],
            [
              128.912027,
              37.790974
            ],
            [
              128.912171,
              37.791051
            ],
            [
              128.912403,
              37.791192
            ],
            [
              128.912542,
              37.791307
            ],
            [
              128.913444,
              37.792299
            ],
            [
              128.913496,
              37.792363
            ],
            [
              128.913698,
              37.792584
            ],
            [
              128.913893,
              37.792791
            ],
            [
              128.91415,
              37.791379
            ],
            [
              128.914325,
              37.790837
            ],
            [
              128.914472,
              37.79048
            ]
          ],
          [
            [
              128.914472,
              37.79048
            ],
            [
              128.914325,
              37.790837
            ],
            [
              128.91415,
              37.791379
            ],
            [
              128.913893,
              37.792791
            ],
            [
              128.914135,
              37.793068
            ]
          ],
          [
            [
              128.914135,
              37.793068
            ],
            [
              128.914151,
              37.793086
            ],
            [
              128.914218,
              37.79316
            ],
            [
              128.914712,
              37.793708
            ],
            [
              128.916325,
              37.791703
            ],
            [
              128.916444,
              37.791782
            ],
            [
              128.916546,
              37.791845
            ],
            [
              128.916679,
              37.791965
            ],
            [
              128.916758,
              37.792061
            ],
            [
              128.916852,
              37.792191
            ],
            [
              128.916996,
              37.792354
            ]
          ],
          [
            [
              128.916996,
              37.792354
            ],
            [
              128.917137,
              37.792513
            ],
            [
              128.917321,
              37.792776
            ],
            [
              128.917489,
              37.793049
            ],
            [
              128.917341,
              37.793636
            ],
            [
              128.917259,
              37.794514
            ],
            [
              128.917225,
              37.794851
            ],
            [
              128.917205,
              37.79502
            ],
            [
              128.917406,
              37.794907
            ],
            [
              128.917572,
              37.794835
            ],
            [
              128.917854,
              37.794739
            ],
            [
              128.918047,
              37.794678
            ],
            [
              128.918253,
              37.794603
            ],
            [
              128.918366,
              37.794529
            ],
            [
              128.918455,
              37.794463
            ],
            [
              128.91858,
              37.794343
            ],
            [
              128.918686,
              37.794216
            ],
            [
              128.918907,
              37.79394
            ]
          ],
          [
            [
              128.918907,
              37.79394
            ],
            [
              128.918686,
              37.794216
            ],
            [
              128.91858,
              37.794343
            ],
            [
              128.918455,
              37.794463
            ],
            [
              128.918366,
              37.794529
            ],
            [
              128.918253,
              37.794603
            ],
            [
              128.918047,
              37.794678
            ],
            [
              128.917854,
              37.794739
            ],
            [
              128.917572,
              37.794835
            ],
            [
              128.917471,
              37.794879
            ]
          ],
          [
            [
              128.917471,
              37.794879
            ],
            [
              128.917572,
              37.794835
            ],
            [
              128.917854,
              37.794739
            ],
            [
              128.918047,
              37.794678
            ],
            [
              128.918253,
              37.794603
            ],
            [
              128.918326,
              37.794555
            ]
          ],
          [
            [
              128.918326,
              37.794555
            ],
            [
              128.918253,
              37.794603
            ],
            [
              128.918047,
              37.794678
            ],
            [
              128.917854,
              37.794739
            ],
            [
              128.917572,
              37.794835
            ],
            [
              128.917406,
              37.794907
            ],
            [
              128.917205,
              37.79502
            ],
            [
              128.917029,
              37.795148
            ],
            [
              128.916936,
              37.795232
            ],
            [
              128.916828,
              37.795354
            ],
            [
              128.916753,
              37.795446
            ]
          ],
          [
            [
              128.916753,
              37.795446
            ],
            [
              128.916701,
              37.795511
            ],
            [
              128.91659,
              37.795642
            ],
            [
              128.916367,
              37.795951
            ],
            [
              128.916245,
              37.796134
            ],
            [
              128.916227,
              37.796173
            ],
            [
              128.916208,
              37.796214
            ],
            [
              128.916139,
              37.796435
            ],
            [
              128.916612,
              37.796651
            ],
            [
              128.916791,
              37.796766
            ],
            [
              128.916859,
              37.79679
            ],
            [
              128.916897,
              37.796856
            ],
            [
              128.917196,
              37.797038
            ],
            [
              128.917197,
              37.797099
            ],
            [
              128.917153,
              37.797148
            ],
            [
              128.916767,
              37.797512
            ],
            [
              128.916685,
              37.797595
            ],
            [
              128.916676,
              37.797707
            ],
            [
              128.916675,
              37.797725
            ]
          ]
        ]
      },
      "properties": {
        "id": "gangneung-food-0456",
        "region": "gangneung",
        "themeId": "food",
        "title": "강문·초당마을 · 확정 방문 순서",
        "weekdays": [
          0,
          4,
          5,
          6
        ],
        "dayNames": [
          "일",
          "목",
          "금",
          "토"
        ],
        "status": "walking-geometry-checked",
        "issues": [],
        "stopIds": [
          "g45",
          "g22",
          "g49",
          "g88",
          "g98",
          "g30",
          "g5",
          "g181",
          "g56",
          "g257",
          "g35"
        ],
        "walkMeters": 3385,
        "walkMinutes": 44,
        "busCount": 0,
        "mealFallbacks": [],
        "placeCountException": null,
        "routeProvider": "FOSSGIS OSRM foot / OpenStreetMap",
        "checkedOn": "2026-10-08"
      }
    },
    {
      "type": "Feature",
      "id": "gangneung-food-1",
      "geometry": {
        "type": "MultiLineString",
        "coordinates": [
          [
            [
              128.907827,
              37.791776
            ],
            [
              128.907663,
              37.792162
            ],
            [
              128.907361,
              37.793096
            ],
            [
              128.907162,
              37.793548
            ],
            [
              128.907424,
              37.793729
            ],
            [
              128.907689,
              37.793725
            ],
            [
              128.907846,
              37.793301
            ],
            [
              128.908067,
              37.793188
            ],
            [
              128.908236,
              37.793034
            ],
            [
              128.908557,
              37.792888
            ],
            [
              128.908759,
              37.792658
            ],
            [
              128.90897,
              37.792387
            ],
            [
              128.909127,
              37.79198
            ],
            [
              128.909185,
              37.791875
            ],
            [
              128.909219,
              37.791775
            ],
            [
              128.909275,
              37.791743
            ],
            [
              128.90941,
              37.791665
            ],
            [
              128.909517,
              37.791587
            ],
            [
              128.909604,
              37.791597
            ],
            [
              128.909694,
              37.79159
            ]
          ],
          [
            [
              128.909694,
              37.79159
            ],
            [
              128.909604,
              37.791597
            ],
            [
              128.909517,
              37.791587
            ],
            [
              128.909565,
              37.791542
            ],
            [
              128.909895,
              37.791455
            ],
            [
              128.910279,
              37.791335
            ],
            [
              128.910462,
              37.79129
            ],
            [
              128.910991,
              37.791189
            ],
            [
              128.911016,
              37.791155
            ],
            [
              128.911034,
              37.791128
            ],
            [
              128.911302,
              37.790789
            ],
            [
              128.911427,
              37.790808
            ],
            [
              128.911749,
              37.790863
            ],
            [
              128.912027,
              37.790974
            ],
            [
              128.912171,
              37.791051
            ],
            [
              128.912403,
              37.791192
            ],
            [
              128.912542,
              37.791307
            ],
            [
              128.913444,
              37.792299
            ],
            [
              128.913496,
              37.792363
            ],
            [
              128.913698,
              37.792584
            ],
            [
              128.913893,
              37.792791
            ],
            [
              128.91415,
              37.791379
            ],
            [
              128.914325,
              37.790837
            ],
            [
              128.914472,
              37.79048
            ]
          ],
          [
            [
              128.914472,
              37.79048
            ],
            [
              128.914325,
              37.790837
            ],
            [
              128.91415,
              37.791379
            ],
            [
              128.913893,
              37.792791
            ],
            [
              128.914135,
              37.793068
            ]
          ],
          [
            [
              128.914135,
              37.793068
            ],
            [
              128.914151,
              37.793086
            ],
            [
              128.914218,
              37.79316
            ],
            [
              128.914712,
              37.793708
            ],
            [
              128.916325,
              37.791703
            ],
            [
              128.916444,
              37.791782
            ],
            [
              128.916546,
              37.791845
            ],
            [
              128.916679,
              37.791965
            ],
            [
              128.916758,
              37.792061
            ],
            [
              128.916852,
              37.792191
            ],
            [
              128.916996,
              37.792354
            ]
          ],
          [
            [
              128.916996,
              37.792354
            ],
            [
              128.917137,
              37.792513
            ],
            [
              128.917321,
              37.792776
            ],
            [
              128.917489,
              37.793049
            ],
            [
              128.917341,
              37.793636
            ],
            [
              128.917259,
              37.794514
            ],
            [
              128.917225,
              37.794851
            ],
            [
              128.917205,
              37.79502
            ],
            [
              128.917406,
              37.794907
            ],
            [
              128.917572,
              37.794835
            ],
            [
              128.917854,
              37.794739
            ],
            [
              128.918047,
              37.794678
            ],
            [
              128.918253,
              37.794603
            ],
            [
              128.918366,
              37.794529
            ],
            [
              128.918455,
              37.794463
            ],
            [
              128.91858,
              37.794343
            ],
            [
              128.918686,
              37.794216
            ],
            [
              128.918907,
              37.79394
            ]
          ],
          [
            [
              128.918907,
              37.79394
            ],
            [
              128.918686,
              37.794216
            ],
            [
              128.91858,
              37.794343
            ],
            [
              128.918455,
              37.794463
            ],
            [
              128.918366,
              37.794529
            ],
            [
              128.918253,
              37.794603
            ],
            [
              128.918047,
              37.794678
            ],
            [
              128.917854,
              37.794739
            ],
            [
              128.917572,
              37.794835
            ],
            [
              128.917471,
              37.794879
            ]
          ],
          [
            [
              128.917471,
              37.794879
            ],
            [
              128.917572,
              37.794835
            ],
            [
              128.917854,
              37.794739
            ],
            [
              128.918047,
              37.794678
            ],
            [
              128.918253,
              37.794603
            ],
            [
              128.918326,
              37.794555
            ]
          ],
          [
            [
              128.918326,
              37.794555
            ],
            [
              128.918253,
              37.794603
            ],
            [
              128.918047,
              37.794678
            ],
            [
              128.917854,
              37.794739
            ],
            [
              128.917572,
              37.794835
            ],
            [
              128.917406,
              37.794907
            ],
            [
              128.917205,
              37.79502
            ],
            [
              128.917029,
              37.795148
            ],
            [
              128.916936,
              37.795232
            ],
            [
              128.916828,
              37.795354
            ],
            [
              128.916753,
              37.795446
            ]
          ],
          [
            [
              128.916753,
              37.795446
            ],
            [
              128.916701,
              37.795511
            ],
            [
              128.91659,
              37.795642
            ],
            [
              128.916367,
              37.795951
            ],
            [
              128.916245,
              37.796134
            ],
            [
              128.916227,
              37.796173
            ],
            [
              128.916208,
              37.796214
            ],
            [
              128.916139,
              37.796435
            ],
            [
              128.916612,
              37.796651
            ],
            [
              128.916791,
              37.796766
            ],
            [
              128.916859,
              37.79679
            ],
            [
              128.916897,
              37.796856
            ],
            [
              128.917196,
              37.797038
            ],
            [
              128.917197,
              37.797099
            ],
            [
              128.917153,
              37.797148
            ],
            [
              128.916767,
              37.797512
            ],
            [
              128.916685,
              37.797595
            ],
            [
              128.916676,
              37.797707
            ],
            [
              128.916675,
              37.797725
            ]
          ]
        ]
      },
      "properties": {
        "id": "gangneung-food-1",
        "region": "gangneung",
        "themeId": "food",
        "title": "강문·초당마을 · 확정 방문 순서",
        "weekdays": [
          1
        ],
        "dayNames": [
          "월"
        ],
        "status": "walking-geometry-checked",
        "issues": [],
        "stopIds": [
          "g45",
          "g22",
          "g88",
          "g98",
          "g30",
          "g5",
          "g181",
          "g56",
          "g257",
          "g35"
        ],
        "walkMeters": 3385,
        "walkMinutes": 45,
        "busCount": 0,
        "mealFallbacks": [],
        "placeCountException": null,
        "routeProvider": "FOSSGIS OSRM foot / OpenStreetMap",
        "checkedOn": "2026-10-08"
      }
    },
    {
      "type": "Feature",
      "id": "gangneung-food-2",
      "geometry": {
        "type": "MultiLineString",
        "coordinates": [
          [
            [
              128.907827,
              37.791776
            ],
            [
              128.907663,
              37.792162
            ],
            [
              128.907361,
              37.793096
            ],
            [
              128.907162,
              37.793548
            ],
            [
              128.907424,
              37.793729
            ],
            [
              128.907689,
              37.793725
            ],
            [
              128.907846,
              37.793301
            ],
            [
              128.908067,
              37.793188
            ],
            [
              128.908236,
              37.793034
            ],
            [
              128.908557,
              37.792888
            ],
            [
              128.908759,
              37.792658
            ],
            [
              128.90897,
              37.792387
            ],
            [
              128.909127,
              37.79198
            ],
            [
              128.909185,
              37.791875
            ],
            [
              128.909219,
              37.791775
            ],
            [
              128.909275,
              37.791743
            ],
            [
              128.90941,
              37.791665
            ],
            [
              128.909517,
              37.791587
            ],
            [
              128.909604,
              37.791597
            ],
            [
              128.909694,
              37.79159
            ]
          ],
          [
            [
              128.909694,
              37.79159
            ],
            [
              128.909604,
              37.791597
            ],
            [
              128.909517,
              37.791587
            ],
            [
              128.909565,
              37.791542
            ],
            [
              128.909895,
              37.791455
            ],
            [
              128.910279,
              37.791335
            ],
            [
              128.910302,
              37.791329
            ]
          ],
          [
            [
              128.910302,
              37.791329
            ],
            [
              128.910462,
              37.79129
            ],
            [
              128.910991,
              37.791189
            ],
            [
              128.911016,
              37.791155
            ],
            [
              128.911034,
              37.791128
            ],
            [
              128.911302,
              37.790789
            ],
            [
              128.911427,
              37.790808
            ],
            [
              128.911568,
              37.790646
            ],
            [
              128.911744,
              37.790531
            ],
            [
              128.911935,
              37.790384
            ],
            [
              128.912072,
              37.790246
            ],
            [
              128.912342,
              37.789957
            ],
            [
              128.912514,
              37.789754
            ],
            [
              128.912601,
              37.789607
            ],
            [
              128.912672,
              37.789532
            ],
            [
              128.912835,
              37.789331
            ],
            [
              128.913007,
              37.789231
            ],
            [
              128.913101,
              37.789161
            ],
            [
              128.913158,
              37.789069
            ],
            [
              128.913193,
              37.788908
            ],
            [
              128.913295,
              37.788502
            ],
            [
              128.913444,
              37.787881
            ],
            [
              128.913644,
              37.787969
            ],
            [
              128.91382,
              37.788043
            ],
            [
              128.913904,
              37.788078
            ],
            [
              128.91418,
              37.788177
            ],
            [
              128.914307,
              37.788248
            ],
            [
              128.914408,
              37.788304
            ],
            [
              128.914683,
              37.788501
            ],
            [
              128.915153,
              37.788925
            ],
            [
              128.915086,
              37.788991
            ],
            [
              128.915462,
              37.789359
            ],
            [
              128.915566,
              37.78949
            ],
            [
              128.915609,
              37.789694
            ],
            [
              128.91565,
              37.78988
            ],
            [
              128.915673,
              37.790156
            ],
            [
              128.91573,
              37.790397
            ],
            [
              128.915687,
              37.790562
            ],
            [
              128.915598,
              37.790665
            ]
          ],
          [
            [
              128.915598,
              37.790665
            ],
            [
              128.915497,
              37.79078
            ],
            [
              128.915444,
              37.790857
            ],
            [
              128.915416,
              37.790971
            ],
            [
              128.915439,
              37.791108
            ],
            [
              128.915764,
              37.791336
            ],
            [
              128.916023,
              37.791506
            ],
            [
              128.916271,
              37.79168
            ],
            [
              128.916325,
              37.791703
            ],
            [
              128.916444,
              37.791782
            ],
            [
              128.916546,
              37.791845
            ],
            [
              128.916679,
              37.791965
            ],
            [
              128.916758,
              37.792061
            ],
            [
              128.916852,
              37.792191
            ],
            [
              128.916996,
              37.792354
            ]
          ],
          [
            [
              128.916996,
              37.792354
            ],
            [
              128.917137,
              37.792513
            ],
            [
              128.917321,
              37.792776
            ],
            [
              128.917489,
              37.793049
            ],
            [
              128.917341,
              37.793636
            ],
            [
              128.917259,
              37.794514
            ],
            [
              128.917225,
              37.794851
            ],
            [
              128.917205,
              37.79502
            ],
            [
              128.917406,
              37.794907
            ],
            [
              128.917572,
              37.794835
            ],
            [
              128.917854,
              37.794739
            ],
            [
              128.918047,
              37.794678
            ],
            [
              128.918253,
              37.794603
            ],
            [
              128.918366,
              37.794529
            ],
            [
              128.918455,
              37.794463
            ],
            [
              128.91858,
              37.794343
            ],
            [
              128.918686,
              37.794216
            ],
            [
              128.918907,
              37.79394
            ]
          ],
          [
            [
              128.918907,
              37.79394
            ],
            [
              128.918686,
              37.794216
            ],
            [
              128.91858,
              37.794343
            ],
            [
              128.918455,
              37.794463
            ],
            [
              128.918366,
              37.794529
            ],
            [
              128.918253,
              37.794603
            ],
            [
              128.918047,
              37.794678
            ],
            [
              128.917854,
              37.794739
            ],
            [
              128.917572,
              37.794835
            ],
            [
              128.917471,
              37.794879
            ]
          ],
          [
            [
              128.917471,
              37.794879
            ],
            [
              128.917572,
              37.794835
            ],
            [
              128.917854,
              37.794739
            ],
            [
              128.918047,
              37.794678
            ],
            [
              128.918253,
              37.794603
            ],
            [
              128.918326,
              37.794555
            ]
          ],
          [
            [
              128.918326,
              37.794555
            ],
            [
              128.918253,
              37.794603
            ],
            [
              128.918047,
              37.794678
            ],
            [
              128.917854,
              37.794739
            ],
            [
              128.917572,
              37.794835
            ],
            [
              128.917406,
              37.794907
            ],
            [
              128.917205,
              37.79502
            ],
            [
              128.917029,
              37.795148
            ],
            [
              128.916936,
              37.795232
            ],
            [
              128.916828,
              37.795354
            ],
            [
              128.916753,
              37.795446
            ]
          ],
          [
            [
              128.916753,
              37.795446
            ],
            [
              128.916701,
              37.795511
            ],
            [
              128.91659,
              37.795642
            ],
            [
              128.916367,
              37.795951
            ],
            [
              128.916245,
              37.796134
            ],
            [
              128.916227,
              37.796173
            ],
            [
              128.916208,
              37.796214
            ],
            [
              128.916139,
              37.796435
            ],
            [
              128.916612,
              37.796651
            ],
            [
              128.916791,
              37.796766
            ],
            [
              128.916859,
              37.79679
            ],
            [
              128.916897,
              37.796856
            ],
            [
              128.917196,
              37.797038
            ],
            [
              128.917197,
              37.797099
            ],
            [
              128.917153,
              37.797148
            ],
            [
              128.916767,
              37.797512
            ],
            [
              128.916685,
              37.797595
            ],
            [
              128.916676,
              37.797707
            ],
            [
              128.916675,
              37.797725
            ]
          ]
        ]
      },
      "properties": {
        "id": "gangneung-food-2",
        "region": "gangneung",
        "themeId": "food",
        "title": "강문·초당마을 · 확정 방문 순서",
        "weekdays": [
          2
        ],
        "dayNames": [
          "화"
        ],
        "status": "walking-geometry-checked",
        "issues": [],
        "stopIds": [
          "g45",
          "g22",
          "g49",
          "g41",
          "g30",
          "g5",
          "g181",
          "g56",
          "g257",
          "g35"
        ],
        "walkMeters": 3097,
        "walkMinutes": 40,
        "busCount": 0,
        "mealFallbacks": [],
        "placeCountException": null,
        "routeProvider": "FOSSGIS OSRM foot / OpenStreetMap",
        "checkedOn": "2026-10-08"
      }
    },
    {
      "type": "Feature",
      "id": "gangneung-food-3",
      "geometry": {
        "type": "MultiLineString",
        "coordinates": [
          [
            [
              128.907827,
              37.791776
            ],
            [
              128.907663,
              37.792162
            ],
            [
              128.907361,
              37.793096
            ],
            [
              128.907162,
              37.793548
            ],
            [
              128.907424,
              37.793729
            ],
            [
              128.907689,
              37.793725
            ],
            [
              128.907846,
              37.793301
            ],
            [
              128.908067,
              37.793188
            ],
            [
              128.908236,
              37.793034
            ],
            [
              128.908557,
              37.792888
            ],
            [
              128.908759,
              37.792658
            ],
            [
              128.90897,
              37.792387
            ],
            [
              128.909127,
              37.79198
            ],
            [
              128.909185,
              37.791875
            ],
            [
              128.909219,
              37.791775
            ],
            [
              128.909275,
              37.791743
            ],
            [
              128.90941,
              37.791665
            ],
            [
              128.909517,
              37.791587
            ],
            [
              128.909604,
              37.791597
            ],
            [
              128.909694,
              37.79159
            ]
          ],
          [
            [
              128.909694,
              37.79159
            ],
            [
              128.909604,
              37.791597
            ],
            [
              128.909517,
              37.791587
            ],
            [
              128.909565,
              37.791542
            ],
            [
              128.909895,
              37.791455
            ],
            [
              128.910279,
              37.791335
            ],
            [
              128.910302,
              37.791329
            ]
          ],
          [
            [
              128.910302,
              37.791329
            ],
            [
              128.910462,
              37.79129
            ],
            [
              128.910991,
              37.791189
            ],
            [
              128.911016,
              37.791155
            ],
            [
              128.911034,
              37.791128
            ],
            [
              128.911302,
              37.790789
            ],
            [
              128.911427,
              37.790808
            ],
            [
              128.911749,
              37.790863
            ],
            [
              128.912027,
              37.790974
            ],
            [
              128.912171,
              37.791051
            ],
            [
              128.912403,
              37.791192
            ],
            [
              128.912542,
              37.791307
            ],
            [
              128.913444,
              37.792299
            ],
            [
              128.913496,
              37.792363
            ],
            [
              128.913698,
              37.792584
            ],
            [
              128.913893,
              37.792791
            ],
            [
              128.91415,
              37.791379
            ],
            [
              128.914325,
              37.790837
            ],
            [
              128.914472,
              37.79048
            ]
          ],
          [
            [
              128.914472,
              37.79048
            ],
            [
              128.914325,
              37.790837
            ],
            [
              128.91415,
              37.791379
            ],
            [
              128.913893,
              37.792791
            ],
            [
              128.914135,
              37.793068
            ]
          ],
          [
            [
              128.914135,
              37.793068
            ],
            [
              128.914151,
              37.793086
            ],
            [
              128.914218,
              37.79316
            ],
            [
              128.914712,
              37.793708
            ],
            [
              128.916325,
              37.791703
            ],
            [
              128.916444,
              37.791782
            ],
            [
              128.916546,
              37.791845
            ],
            [
              128.916679,
              37.791965
            ],
            [
              128.916758,
              37.792061
            ],
            [
              128.916852,
              37.792191
            ],
            [
              128.916996,
              37.792354
            ]
          ],
          [
            [
              128.916996,
              37.792354
            ],
            [
              128.917137,
              37.792513
            ],
            [
              128.917321,
              37.792776
            ],
            [
              128.917489,
              37.793049
            ],
            [
              128.917341,
              37.793636
            ],
            [
              128.917259,
              37.794514
            ],
            [
              128.917225,
              37.794851
            ],
            [
              128.917205,
              37.79502
            ],
            [
              128.917406,
              37.794907
            ],
            [
              128.917572,
              37.794835
            ],
            [
              128.917854,
              37.794739
            ],
            [
              128.918047,
              37.794678
            ],
            [
              128.918253,
              37.794603
            ],
            [
              128.918366,
              37.794529
            ],
            [
              128.918455,
              37.794463
            ],
            [
              128.91858,
              37.794343
            ],
            [
              128.918686,
              37.794216
            ],
            [
              128.918907,
              37.79394
            ]
          ],
          [
            [
              128.918907,
              37.79394
            ],
            [
              128.918686,
              37.794216
            ],
            [
              128.91858,
              37.794343
            ],
            [
              128.918455,
              37.794463
            ],
            [
              128.918366,
              37.794529
            ],
            [
              128.918253,
              37.794603
            ],
            [
              128.918047,
              37.794678
            ],
            [
              128.917854,
              37.794739
            ],
            [
              128.917572,
              37.794835
            ],
            [
              128.917406,
              37.794907
            ],
            [
              128.917205,
              37.79502
            ],
            [
              128.917225,
              37.794851
            ]
          ],
          [
            [
              128.917225,
              37.794851
            ],
            [
              128.917205,
              37.79502
            ],
            [
              128.917406,
              37.794907
            ],
            [
              128.917572,
              37.794835
            ],
            [
              128.917854,
              37.794739
            ],
            [
              128.918047,
              37.794678
            ],
            [
              128.918253,
              37.794603
            ],
            [
              128.918326,
              37.794555
            ]
          ],
          [
            [
              128.918326,
              37.794555
            ],
            [
              128.918253,
              37.794603
            ],
            [
              128.918047,
              37.794678
            ],
            [
              128.917854,
              37.794739
            ],
            [
              128.917572,
              37.794835
            ],
            [
              128.917406,
              37.794907
            ],
            [
              128.917205,
              37.79502
            ],
            [
              128.917029,
              37.795148
            ],
            [
              128.916936,
              37.795232
            ],
            [
              128.916828,
              37.795354
            ],
            [
              128.916753,
              37.795446
            ]
          ],
          [
            [
              128.916753,
              37.795446
            ],
            [
              128.916701,
              37.795511
            ],
            [
              128.91659,
              37.795642
            ],
            [
              128.916367,
              37.795951
            ],
            [
              128.916245,
              37.796134
            ],
            [
              128.916227,
              37.796173
            ],
            [
              128.916208,
              37.796214
            ],
            [
              128.916139,
              37.796435
            ],
            [
              128.916612,
              37.796651
            ],
            [
              128.916791,
              37.796766
            ],
            [
              128.916859,
              37.79679
            ],
            [
              128.916897,
              37.796856
            ],
            [
              128.917196,
              37.797038
            ],
            [
              128.917197,
              37.797099
            ],
            [
              128.917153,
              37.797148
            ],
            [
              128.916767,
              37.797512
            ],
            [
              128.916685,
              37.797595
            ],
            [
              128.916676,
              37.797707
            ],
            [
              128.916675,
              37.797725
            ]
          ]
        ]
      },
      "properties": {
        "id": "gangneung-food-3",
        "region": "gangneung",
        "themeId": "food",
        "title": "강문·초당마을 · 확정 방문 순서",
        "weekdays": [
          3
        ],
        "dayNames": [
          "수"
        ],
        "status": "walking-geometry-checked",
        "issues": [],
        "stopIds": [
          "g45",
          "g22",
          "g49",
          "g88",
          "g98",
          "g30",
          "g5",
          "g180",
          "g56",
          "g257",
          "g35"
        ],
        "walkMeters": 3479,
        "walkMinutes": 46,
        "busCount": 0,
        "mealFallbacks": [],
        "placeCountException": null,
        "routeProvider": "FOSSGIS OSRM foot / OpenStreetMap",
        "checkedOn": "2026-10-08"
      }
    },
    {
      "type": "Feature",
      "id": "gangneung-sea-023456",
      "geometry": {
        "type": "MultiLineString",
        "coordinates": [
          [
            [
              128.936969,
              37.779964
            ],
            [
              128.937218,
              37.779779
            ],
            [
              128.937282,
              37.779728
            ],
            [
              128.936251,
              37.778367
            ],
            [
              128.936585,
              37.778231
            ],
            [
              128.938012,
              37.777658
            ],
            [
              128.938621,
              37.777414
            ],
            [
              128.938933,
              37.777289
            ],
            [
              128.939199,
              37.777168
            ],
            [
              128.939405,
              37.777074
            ],
            [
              128.939661,
              37.776915
            ],
            [
              128.943029,
              37.774128
            ]
          ],
          [
            [
              128.943029,
              37.774128
            ],
            [
              128.943199,
              37.773988
            ],
            [
              128.943665,
              37.773648
            ],
            [
              128.943897,
              37.773502
            ],
            [
              128.944069,
              37.773415
            ],
            [
              128.944704,
              37.773087
            ],
            [
              128.944829,
              37.773022
            ],
            [
              128.945874,
              37.772482
            ],
            [
              128.946015,
              37.77241
            ],
            [
              128.945959,
              37.772624
            ],
            [
              128.945832,
              37.772947
            ],
            [
              128.945731,
              37.773155
            ],
            [
              128.945612,
              37.773385
            ],
            [
              128.94558,
              37.773396
            ],
            [
              128.945552,
              37.773413
            ],
            [
              128.94553,
              37.773435
            ],
            [
              128.945517,
              37.77346
            ],
            [
              128.945512,
              37.773488
            ],
            [
              128.945517,
              37.773515
            ],
            [
              128.94553,
              37.773541
            ],
            [
              128.945395,
              37.773695
            ],
            [
              128.944959,
              37.774085
            ],
            [
              128.944899,
              37.774136
            ]
          ],
          [
            [
              128.944899,
              37.774136
            ],
            [
              128.944959,
              37.774085
            ],
            [
              128.945395,
              37.773695
            ],
            [
              128.94553,
              37.773541
            ],
            [
              128.945517,
              37.773515
            ],
            [
              128.945512,
              37.773488
            ],
            [
              128.945517,
              37.77346
            ],
            [
              128.94553,
              37.773435
            ],
            [
              128.945552,
              37.773413
            ],
            [
              128.94558,
              37.773396
            ],
            [
              128.945612,
              37.773385
            ],
            [
              128.945731,
              37.773155
            ],
            [
              128.945832,
              37.772947
            ],
            [
              128.945959,
              37.772624
            ],
            [
              128.946015,
              37.77241
            ],
            [
              128.945874,
              37.772482
            ],
            [
              128.944829,
              37.773022
            ],
            [
              128.945075,
              37.77318
            ],
            [
              128.9451,
              37.773161
            ]
          ],
          [
            [
              128.9451,
              37.773161
            ],
            [
              128.945075,
              37.77318
            ],
            [
              128.944829,
              37.773022
            ],
            [
              128.945874,
              37.772482
            ],
            [
              128.946015,
              37.77241
            ],
            [
              128.945959,
              37.772624
            ],
            [
              128.945832,
              37.772947
            ],
            [
              128.945731,
              37.773155
            ],
            [
              128.945612,
              37.773385
            ],
            [
              128.945653,
              37.773382
            ],
            [
              128.945692,
              37.773388
            ],
            [
              128.945728,
              37.773404
            ],
            [
              128.945756,
              37.773427
            ],
            [
              128.945774,
              37.773456
            ],
            [
              128.94578,
              37.773487
            ],
            [
              128.945774,
              37.773519
            ],
            [
              128.945757,
              37.773548
            ],
            [
              128.946002,
              37.773512
            ],
            [
              128.946374,
              37.773321
            ],
            [
              128.94693,
              37.773027
            ],
            [
              128.947113,
              37.772886
            ],
            [
              128.947324,
              37.772687
            ]
          ],
          [
            [
              128.947324,
              37.772687
            ],
            [
              128.94811,
              37.771948
            ],
            [
              128.948529,
              37.771623
            ],
            [
              128.948938,
              37.771333
            ],
            [
              128.949267,
              37.771152
            ],
            [
              128.949572,
              37.771012
            ],
            [
              128.949965,
              37.770903
            ],
            [
              128.950464,
              37.772112
            ],
            [
              128.950796,
              37.772414
            ],
            [
              128.951057,
              37.772651
            ],
            [
              128.951338,
              37.772899
            ],
            [
              128.95186,
              37.772914
            ],
            [
              128.953039,
              37.772938
            ]
          ],
          [
            [
              128.953039,
              37.772938
            ],
            [
              128.95186,
              37.772914
            ],
            [
              128.951338,
              37.772899
            ],
            [
              128.951057,
              37.772651
            ],
            [
              128.950796,
              37.772414
            ],
            [
              128.950464,
              37.772112
            ],
            [
              128.949965,
              37.770903
            ],
            [
              128.950029,
              37.770888
            ],
            [
              128.950259,
              37.770855
            ],
            [
              128.950252,
              37.770816
            ],
            [
              128.950263,
              37.770777
            ],
            [
              128.95029,
              37.770743
            ],
            [
              128.95033,
              37.770719
            ],
            [
              128.950377,
              37.770706
            ],
            [
              128.950233,
              37.770671
            ],
            [
              128.950046,
              37.770617
            ],
            [
              128.950011,
              37.770606
            ],
            [
              128.949873,
              37.770563
            ],
            [
              128.949563,
              37.770493
            ],
            [
              128.949352,
              37.770518
            ],
            [
              128.950399,
              37.769605
            ],
            [
              128.950648,
              37.769389
            ],
            [
              128.950869,
              37.769184
            ],
            [
              128.951052,
              37.76911
            ],
            [
              128.951155,
              37.769084
            ],
            [
              128.951227,
              37.769038
            ],
            [
              128.951336,
              37.768988
            ],
            [
              128.95135,
              37.768346
            ],
            [
              128.951354,
              37.768135
            ]
          ],
          [
            [
              128.951354,
              37.768135
            ],
            [
              128.951359,
              37.767865
            ],
            [
              128.951379,
              37.76725
            ],
            [
              128.951381,
              37.767197
            ],
            [
              128.951425,
              37.767098
            ],
            [
              128.951963,
              37.766393
            ],
            [
              128.952075,
              37.766222
            ],
            [
              128.952759,
              37.765771
            ]
          ],
          [
            [
              128.952759,
              37.765771
            ],
            [
              128.952928,
              37.76566
            ],
            [
              128.953083,
              37.765558
            ],
            [
              128.953507,
              37.76515
            ],
            [
              128.953807,
              37.764794
            ],
            [
              128.95399,
              37.764305
            ],
            [
              128.954006,
              37.764264
            ]
          ]
        ]
      },
      "properties": {
        "id": "gangneung-sea-023456",
        "region": "gangneung",
        "themeId": "sea",
        "title": "커피거리·안목 · 확정 방문 순서",
        "weekdays": [
          0,
          2,
          3,
          4,
          5,
          6
        ],
        "dayNames": [
          "일",
          "화",
          "수",
          "목",
          "금",
          "토"
        ],
        "status": "walking-geometry-checked",
        "issues": [],
        "stopIds": [
          "g14",
          "g156",
          "g4",
          "g171",
          "g189",
          "g158",
          "g37",
          "g297",
          "g38"
        ],
        "walkMeters": 4501,
        "walkMinutes": 60,
        "busCount": 0,
        "mealFallbacks": [],
        "placeCountException": null,
        "routeProvider": "FOSSGIS OSRM foot / OpenStreetMap",
        "checkedOn": "2026-10-08"
      }
    },
    {
      "type": "Feature",
      "id": "gangneung-sea-1",
      "geometry": {
        "type": "MultiLineString",
        "coordinates": [
          [
            [
              128.936969,
              37.779964
            ],
            [
              128.937218,
              37.779779
            ],
            [
              128.937282,
              37.779728
            ],
            [
              128.936251,
              37.778367
            ],
            [
              128.936585,
              37.778231
            ],
            [
              128.938012,
              37.777658
            ],
            [
              128.938621,
              37.777414
            ],
            [
              128.938933,
              37.777289
            ],
            [
              128.939199,
              37.777168
            ],
            [
              128.939405,
              37.777074
            ],
            [
              128.939661,
              37.776915
            ],
            [
              128.943029,
              37.774128
            ]
          ],
          [
            [
              128.943029,
              37.774128
            ],
            [
              128.943199,
              37.773988
            ],
            [
              128.943665,
              37.773648
            ],
            [
              128.943897,
              37.773502
            ],
            [
              128.944069,
              37.773415
            ],
            [
              128.944704,
              37.773087
            ],
            [
              128.944829,
              37.773022
            ],
            [
              128.945874,
              37.772482
            ],
            [
              128.946015,
              37.77241
            ],
            [
              128.945959,
              37.772624
            ],
            [
              128.945832,
              37.772947
            ],
            [
              128.945731,
              37.773155
            ],
            [
              128.945612,
              37.773385
            ],
            [
              128.94558,
              37.773396
            ],
            [
              128.945552,
              37.773413
            ],
            [
              128.94553,
              37.773435
            ],
            [
              128.945517,
              37.77346
            ],
            [
              128.945512,
              37.773488
            ],
            [
              128.945517,
              37.773515
            ],
            [
              128.94553,
              37.773541
            ],
            [
              128.945395,
              37.773695
            ],
            [
              128.944959,
              37.774085
            ],
            [
              128.944899,
              37.774136
            ]
          ],
          [
            [
              128.944899,
              37.774136
            ],
            [
              128.944959,
              37.774085
            ],
            [
              128.945395,
              37.773695
            ],
            [
              128.94553,
              37.773541
            ],
            [
              128.945517,
              37.773515
            ],
            [
              128.945512,
              37.773488
            ],
            [
              128.945517,
              37.77346
            ],
            [
              128.94553,
              37.773435
            ],
            [
              128.945552,
              37.773413
            ],
            [
              128.94558,
              37.773396
            ],
            [
              128.945612,
              37.773385
            ],
            [
              128.945731,
              37.773155
            ],
            [
              128.945832,
              37.772947
            ],
            [
              128.945959,
              37.772624
            ],
            [
              128.946015,
              37.77241
            ],
            [
              128.945874,
              37.772482
            ],
            [
              128.944829,
              37.773022
            ],
            [
              128.944704,
              37.773087
            ],
            [
              128.944069,
              37.773415
            ],
            [
              128.943897,
              37.773502
            ],
            [
              128.943665,
              37.773648
            ],
            [
              128.943199,
              37.773988
            ],
            [
              128.94139,
              37.775485
            ]
          ],
          [
            [
              128.94139,
              37.775485
            ],
            [
              128.943199,
              37.773988
            ],
            [
              128.943665,
              37.773648
            ],
            [
              128.943897,
              37.773502
            ],
            [
              128.944069,
              37.773415
            ],
            [
              128.944704,
              37.773087
            ],
            [
              128.944829,
              37.773022
            ],
            [
              128.945874,
              37.772482
            ],
            [
              128.946015,
              37.77241
            ],
            [
              128.945959,
              37.772624
            ],
            [
              128.945832,
              37.772947
            ],
            [
              128.945731,
              37.773155
            ],
            [
              128.945612,
              37.773385
            ],
            [
              128.945653,
              37.773382
            ],
            [
              128.945692,
              37.773388
            ],
            [
              128.945728,
              37.773404
            ],
            [
              128.945756,
              37.773427
            ],
            [
              128.945774,
              37.773456
            ],
            [
              128.94578,
              37.773487
            ],
            [
              128.945774,
              37.773519
            ],
            [
              128.945757,
              37.773548
            ],
            [
              128.946002,
              37.773512
            ],
            [
              128.946374,
              37.773321
            ],
            [
              128.94693,
              37.773027
            ],
            [
              128.947113,
              37.772886
            ],
            [
              128.947324,
              37.772687
            ]
          ],
          [
            [
              128.947324,
              37.772687
            ],
            [
              128.94811,
              37.771948
            ],
            [
              128.948529,
              37.771623
            ],
            [
              128.948938,
              37.771333
            ],
            [
              128.949267,
              37.771152
            ],
            [
              128.949572,
              37.771012
            ],
            [
              128.949965,
              37.770903
            ],
            [
              128.950464,
              37.772112
            ],
            [
              128.950796,
              37.772414
            ],
            [
              128.951057,
              37.772651
            ],
            [
              128.951338,
              37.772899
            ],
            [
              128.95186,
              37.772914
            ],
            [
              128.953039,
              37.772938
            ]
          ],
          [
            [
              128.953039,
              37.772938
            ],
            [
              128.95186,
              37.772914
            ],
            [
              128.951338,
              37.772899
            ],
            [
              128.951057,
              37.772651
            ],
            [
              128.950796,
              37.772414
            ],
            [
              128.950464,
              37.772112
            ],
            [
              128.949965,
              37.770903
            ],
            [
              128.950029,
              37.770888
            ],
            [
              128.950259,
              37.770855
            ],
            [
              128.950252,
              37.770816
            ],
            [
              128.950263,
              37.770777
            ],
            [
              128.95029,
              37.770743
            ],
            [
              128.95033,
              37.770719
            ],
            [
              128.950377,
              37.770706
            ],
            [
              128.950233,
              37.770671
            ],
            [
              128.950046,
              37.770617
            ],
            [
              128.950011,
              37.770606
            ],
            [
              128.949873,
              37.770563
            ],
            [
              128.949563,
              37.770493
            ],
            [
              128.949352,
              37.770518
            ],
            [
              128.950399,
              37.769605
            ],
            [
              128.950648,
              37.769389
            ],
            [
              128.950869,
              37.769184
            ],
            [
              128.951052,
              37.76911
            ],
            [
              128.951155,
              37.769084
            ],
            [
              128.951227,
              37.769038
            ],
            [
              128.951336,
              37.768988
            ],
            [
              128.95135,
              37.768346
            ],
            [
              128.951354,
              37.768135
            ]
          ],
          [
            [
              128.951354,
              37.768135
            ],
            [
              128.951359,
              37.767865
            ],
            [
              128.951379,
              37.76725
            ],
            [
              128.951381,
              37.767197
            ],
            [
              128.951425,
              37.767098
            ],
            [
              128.951963,
              37.766393
            ],
            [
              128.952075,
              37.766222
            ],
            [
              128.952759,
              37.765771
            ]
          ],
          [
            [
              128.952759,
              37.765771
            ],
            [
              128.952928,
              37.76566
            ],
            [
              128.953083,
              37.765558
            ],
            [
              128.953507,
              37.76515
            ],
            [
              128.953807,
              37.764794
            ],
            [
              128.95399,
              37.764305
            ],
            [
              128.954006,
              37.764264
            ]
          ]
        ]
      },
      "properties": {
        "id": "gangneung-sea-1",
        "region": "gangneung",
        "themeId": "sea",
        "title": "커피거리·안목 · 확정 방문 순서",
        "weekdays": [
          1
        ],
        "dayNames": [
          "월"
        ],
        "status": "walking-geometry-checked",
        "issues": [],
        "stopIds": [
          "g14",
          "g156",
          "g4",
          "g82",
          "g189",
          "g158",
          "g37",
          "g297",
          "g38"
        ],
        "walkMeters": 5259,
        "walkMinutes": 70,
        "busCount": 0,
        "mealFallbacks": [],
        "placeCountException": null,
        "routeProvider": "FOSSGIS OSRM foot / OpenStreetMap",
        "checkedOn": "2026-10-08"
      }
    },
    {
      "type": "Feature",
      "id": "gangneung-shops-0",
      "geometry": {
        "type": "MultiLineString",
        "coordinates": [
          [
            [
              128.895931,
              37.75603
            ],
            [
              128.896037,
              37.755913
            ],
            [
              128.896264,
              37.755765
            ],
            [
              128.896843,
              37.7551
            ],
            [
              128.89697,
              37.755186
            ],
            [
              128.897221,
              37.755338
            ],
            [
              128.897727,
              37.755606
            ],
            [
              128.897439,
              37.755871
            ]
          ],
          [
            [
              128.897439,
              37.755871
            ],
            [
              128.897727,
              37.755606
            ],
            [
              128.89804,
              37.755328
            ],
            [
              128.897243,
              37.754881
            ],
            [
              128.897555,
              37.754535
            ],
            [
              128.896506,
              37.753851
            ],
            [
              128.896996,
              37.753344
            ],
            [
              128.89716,
              37.753154
            ]
          ],
          [
            [
              128.89716,
              37.753154
            ],
            [
              128.897351,
              37.752933
            ],
            [
              128.897647,
              37.753119
            ],
            [
              128.89843,
              37.753582
            ],
            [
              128.898736,
              37.753768
            ],
            [
              128.898818,
              37.753816
            ]
          ],
          [
            [
              128.898818,
              37.753816
            ],
            [
              128.898974,
              37.753906
            ],
            [
              128.899096,
              37.753763
            ]
          ],
          [
            [
              128.899096,
              37.753763
            ],
            [
              128.898974,
              37.753906
            ],
            [
              128.898736,
              37.753768
            ],
            [
              128.898877,
              37.753613
            ]
          ],
          [
            [
              128.898877,
              37.753613
            ],
            [
              128.899022,
              37.753454
            ],
            [
              128.898653,
              37.753286
            ],
            [
              128.898888,
              37.753012
            ],
            [
              128.899387,
              37.753182
            ]
          ],
          [
            [
              128.899387,
              37.753182
            ],
            [
              128.898888,
              37.753012
            ],
            [
              128.898018,
              37.752722
            ],
            [
              128.897665,
              37.752594
            ],
            [
              128.897057,
              37.75239
            ],
            [
              128.896488,
              37.752167
            ],
            [
              128.895998,
              37.751974
            ],
            [
              128.895691,
              37.751853
            ],
            [
              128.894945,
              37.751557
            ],
            [
              128.89474,
              37.751535
            ],
            [
              128.894389,
              37.751338
            ],
            [
              128.894293,
              37.751428
            ],
            [
              128.893988,
              37.751228
            ],
            [
              128.89389,
              37.751152
            ],
            [
              128.893534,
              37.751023
            ],
            [
              128.893207,
              37.750839
            ],
            [
              128.893088,
              37.750808
            ],
            [
              128.893058,
              37.750846
            ],
            [
              128.893141,
              37.750901
            ]
          ],
          [
            [
              128.893141,
              37.750901
            ],
            [
              128.894142,
              37.751566
            ],
            [
              128.893797,
              37.751904
            ],
            [
              128.893606,
              37.752072
            ],
            [
              128.893344,
              37.752359
            ],
            [
              128.893007,
              37.752682
            ],
            [
              128.892632,
              37.753052
            ],
            [
              128.891846,
              37.752761
            ]
          ]
        ]
      },
      "properties": {
        "id": "gangneung-shops-0",
        "region": "gangneung",
        "themeId": "shops",
        "title": "시장·먹거리 · 확정 방문 순서",
        "weekdays": [
          0
        ],
        "dayNames": [
          "일"
        ],
        "status": "walking-geometry-checked",
        "issues": [],
        "stopIds": [
          "g33",
          "g3",
          "g40",
          "g1",
          "g2",
          "g58",
          "g73",
          "g200",
          "g27"
        ],
        "walkMeters": 2181,
        "walkMinutes": 31,
        "busCount": 0,
        "mealFallbacks": [],
        "placeCountException": null,
        "routeProvider": "FOSSGIS OSRM foot / OpenStreetMap",
        "checkedOn": "2026-10-08"
      }
    },
    {
      "type": "Feature",
      "id": "gangneung-shops-1",
      "geometry": {
        "type": "MultiLineString",
        "coordinates": [
          [
            [
              128.895931,
              37.75603
            ],
            [
              128.896037,
              37.755913
            ],
            [
              128.896264,
              37.755765
            ],
            [
              128.896843,
              37.7551
            ],
            [
              128.89697,
              37.755186
            ],
            [
              128.897221,
              37.755338
            ],
            [
              128.897727,
              37.755606
            ],
            [
              128.897439,
              37.755871
            ]
          ],
          [
            [
              128.897439,
              37.755871
            ],
            [
              128.897727,
              37.755606
            ],
            [
              128.89804,
              37.755328
            ],
            [
              128.897243,
              37.754881
            ],
            [
              128.897555,
              37.754535
            ],
            [
              128.896506,
              37.753851
            ],
            [
              128.896996,
              37.753344
            ],
            [
              128.89716,
              37.753154
            ]
          ],
          [
            [
              128.89716,
              37.753154
            ],
            [
              128.897351,
              37.752933
            ],
            [
              128.897647,
              37.753119
            ],
            [
              128.89843,
              37.753582
            ],
            [
              128.898736,
              37.753768
            ],
            [
              128.898818,
              37.753816
            ]
          ],
          [
            [
              128.898818,
              37.753816
            ],
            [
              128.898974,
              37.753906
            ],
            [
              128.899096,
              37.753763
            ]
          ],
          [
            [
              128.899096,
              37.753763
            ],
            [
              128.898974,
              37.753906
            ],
            [
              128.898736,
              37.753768
            ],
            [
              128.898877,
              37.753613
            ]
          ],
          [
            [
              128.898877,
              37.753613
            ],
            [
              128.899022,
              37.753454
            ],
            [
              128.898653,
              37.753286
            ],
            [
              128.898888,
              37.753012
            ],
            [
              128.899387,
              37.753182
            ]
          ],
          [
            [
              128.899387,
              37.753182
            ],
            [
              128.898888,
              37.753012
            ],
            [
              128.898018,
              37.752722
            ],
            [
              128.897665,
              37.752594
            ],
            [
              128.897057,
              37.75239
            ],
            [
              128.896488,
              37.752167
            ],
            [
              128.895998,
              37.751974
            ],
            [
              128.895691,
              37.751853
            ],
            [
              128.894945,
              37.751557
            ],
            [
              128.89474,
              37.751535
            ],
            [
              128.894389,
              37.751338
            ],
            [
              128.894293,
              37.751428
            ],
            [
              128.893988,
              37.751228
            ],
            [
              128.89389,
              37.751152
            ],
            [
              128.893534,
              37.751023
            ],
            [
              128.893207,
              37.750839
            ],
            [
              128.893088,
              37.750808
            ],
            [
              128.893058,
              37.750846
            ],
            [
              128.893141,
              37.750901
            ]
          ]
        ]
      },
      "properties": {
        "id": "gangneung-shops-1",
        "region": "gangneung",
        "themeId": "shops",
        "title": "시장·먹거리 · 확정 방문 순서",
        "weekdays": [
          1
        ],
        "dayNames": [
          "월"
        ],
        "status": "walking-geometry-checked",
        "issues": [],
        "stopIds": [
          "g33",
          "g3",
          "g40",
          "g1",
          "g2",
          "g58",
          "g73",
          "g200"
        ],
        "walkMeters": 1778,
        "walkMinutes": 26,
        "busCount": 0,
        "mealFallbacks": [],
        "placeCountException": null,
        "routeProvider": "FOSSGIS OSRM foot / OpenStreetMap",
        "checkedOn": "2026-10-08"
      }
    },
    {
      "type": "Feature",
      "id": "gangneung-shops-2456",
      "geometry": {
        "type": "MultiLineString",
        "coordinates": [
          [
            [
              128.895931,
              37.75603
            ],
            [
              128.896037,
              37.755913
            ],
            [
              128.896264,
              37.755765
            ],
            [
              128.896843,
              37.7551
            ],
            [
              128.89697,
              37.755186
            ],
            [
              128.897221,
              37.755338
            ],
            [
              128.897727,
              37.755606
            ],
            [
              128.897439,
              37.755871
            ]
          ],
          [
            [
              128.897439,
              37.755871
            ],
            [
              128.897727,
              37.755606
            ],
            [
              128.89804,
              37.755328
            ],
            [
              128.897243,
              37.754881
            ],
            [
              128.897555,
              37.754535
            ],
            [
              128.896506,
              37.753851
            ],
            [
              128.896996,
              37.753344
            ],
            [
              128.89716,
              37.753154
            ]
          ],
          [
            [
              128.89716,
              37.753154
            ],
            [
              128.897351,
              37.752933
            ],
            [
              128.897647,
              37.753119
            ],
            [
              128.89843,
              37.753582
            ],
            [
              128.898736,
              37.753768
            ],
            [
              128.898818,
              37.753816
            ]
          ],
          [
            [
              128.898818,
              37.753816
            ],
            [
              128.898974,
              37.753906
            ],
            [
              128.899096,
              37.753763
            ]
          ],
          [
            [
              128.899096,
              37.753763
            ],
            [
              128.898974,
              37.753906
            ],
            [
              128.898736,
              37.753768
            ],
            [
              128.898877,
              37.753613
            ]
          ],
          [
            [
              128.898877,
              37.753613
            ],
            [
              128.899022,
              37.753454
            ],
            [
              128.898653,
              37.753286
            ],
            [
              128.898888,
              37.753012
            ],
            [
              128.899387,
              37.753182
            ]
          ],
          [
            [
              128.899387,
              37.753182
            ],
            [
              128.898888,
              37.753012
            ],
            [
              128.898018,
              37.752722
            ],
            [
              128.897665,
              37.752594
            ],
            [
              128.897057,
              37.75239
            ],
            [
              128.896488,
              37.752167
            ],
            [
              128.895998,
              37.751974
            ],
            [
              128.895691,
              37.751853
            ],
            [
              128.894945,
              37.751557
            ],
            [
              128.89474,
              37.751535
            ],
            [
              128.894389,
              37.751338
            ],
            [
              128.894293,
              37.751428
            ],
            [
              128.893988,
              37.751228
            ],
            [
              128.89389,
              37.751152
            ],
            [
              128.893534,
              37.751023
            ],
            [
              128.893207,
              37.750839
            ],
            [
              128.893088,
              37.750808
            ],
            [
              128.893058,
              37.750846
            ],
            [
              128.893141,
              37.750901
            ]
          ],
          [
            [
              128.893141,
              37.750901
            ],
            [
              128.893058,
              37.750846
            ],
            [
              128.892783,
              37.751083
            ],
            [
              128.892549,
              37.750923
            ]
          ],
          [
            [
              128.892549,
              37.750923
            ],
            [
              128.892783,
              37.751083
            ],
            [
              128.893797,
              37.751904
            ],
            [
              128.893606,
              37.752072
            ],
            [
              128.893344,
              37.752359
            ],
            [
              128.893007,
              37.752682
            ],
            [
              128.892632,
              37.753052
            ],
            [
              128.891846,
              37.752761
            ]
          ]
        ]
      },
      "properties": {
        "id": "gangneung-shops-2456",
        "region": "gangneung",
        "themeId": "shops",
        "title": "시장·먹거리 · 확정 방문 순서",
        "weekdays": [
          2,
          4,
          5,
          6
        ],
        "dayNames": [
          "화",
          "목",
          "금",
          "토"
        ],
        "status": "walking-geometry-checked",
        "issues": [],
        "stopIds": [
          "g33",
          "g3",
          "g40",
          "g1",
          "g2",
          "g58",
          "g73",
          "g200",
          "g24",
          "g27"
        ],
        "walkMeters": 2246,
        "walkMinutes": 32,
        "busCount": 0,
        "mealFallbacks": [],
        "placeCountException": null,
        "routeProvider": "FOSSGIS OSRM foot / OpenStreetMap",
        "checkedOn": "2026-10-08"
      }
    },
    {
      "type": "Feature",
      "id": "gangneung-shops-3",
      "geometry": {
        "type": "MultiLineString",
        "coordinates": [
          [
            [
              128.897439,
              37.755871
            ],
            [
              128.897727,
              37.755606
            ],
            [
              128.89804,
              37.755328
            ],
            [
              128.897243,
              37.754881
            ],
            [
              128.897555,
              37.754535
            ],
            [
              128.896506,
              37.753851
            ],
            [
              128.896996,
              37.753344
            ],
            [
              128.89716,
              37.753154
            ]
          ],
          [
            [
              128.89716,
              37.753154
            ],
            [
              128.897351,
              37.752933
            ],
            [
              128.897647,
              37.753119
            ],
            [
              128.89843,
              37.753582
            ],
            [
              128.898736,
              37.753768
            ],
            [
              128.898818,
              37.753816
            ]
          ],
          [
            [
              128.898818,
              37.753816
            ],
            [
              128.898974,
              37.753906
            ],
            [
              128.899096,
              37.753763
            ]
          ],
          [
            [
              128.899096,
              37.753763
            ],
            [
              128.898974,
              37.753906
            ],
            [
              128.898736,
              37.753768
            ],
            [
              128.898877,
              37.753613
            ]
          ],
          [
            [
              128.898877,
              37.753613
            ],
            [
              128.899022,
              37.753454
            ],
            [
              128.898653,
              37.753286
            ],
            [
              128.897839,
              37.752916
            ],
            [
              128.898018,
              37.752722
            ],
            [
              128.897665,
              37.752594
            ],
            [
              128.897057,
              37.75239
            ],
            [
              128.896488,
              37.752167
            ],
            [
              128.895998,
              37.751974
            ],
            [
              128.895691,
              37.751853
            ],
            [
              128.894945,
              37.751557
            ],
            [
              128.89474,
              37.751535
            ],
            [
              128.894389,
              37.751338
            ],
            [
              128.894293,
              37.751428
            ],
            [
              128.893988,
              37.751228
            ],
            [
              128.89389,
              37.751152
            ],
            [
              128.893534,
              37.751023
            ],
            [
              128.893207,
              37.750839
            ],
            [
              128.893088,
              37.750808
            ],
            [
              128.893058,
              37.750846
            ],
            [
              128.893141,
              37.750901
            ]
          ],
          [
            [
              128.893141,
              37.750901
            ],
            [
              128.893058,
              37.750846
            ],
            [
              128.892783,
              37.751083
            ],
            [
              128.892549,
              37.750923
            ]
          ],
          [
            [
              128.892549,
              37.750923
            ],
            [
              128.892783,
              37.751083
            ],
            [
              128.893797,
              37.751904
            ],
            [
              128.893606,
              37.752072
            ],
            [
              128.893344,
              37.752359
            ],
            [
              128.893007,
              37.752682
            ],
            [
              128.892632,
              37.753052
            ],
            [
              128.891846,
              37.752761
            ]
          ]
        ]
      },
      "properties": {
        "id": "gangneung-shops-3",
        "region": "gangneung",
        "themeId": "shops",
        "title": "시장·먹거리 · 확정 방문 순서",
        "weekdays": [
          3
        ],
        "dayNames": [
          "수"
        ],
        "status": "walking-geometry-checked",
        "issues": [],
        "stopIds": [
          "g3",
          "g40",
          "g1",
          "g2",
          "g58",
          "g200",
          "g24",
          "g27"
        ],
        "walkMeters": 1872,
        "walkMinutes": 26,
        "busCount": 0,
        "mealFallbacks": [],
        "placeCountException": null,
        "routeProvider": "FOSSGIS OSRM foot / OpenStreetMap",
        "checkedOn": "2026-10-08"
      }
    },
    {
      "type": "Feature",
      "id": "gangneung-history-01456",
      "geometry": {
        "type": "MultiLineString",
        "coordinates": [
          [
            [
              128.879834,
              37.779203
            ],
            [
              128.879862,
              37.779161
            ],
            [
              128.879931,
              37.77905
            ],
            [
              128.88,
              37.779133
            ],
            [
              128.880131,
              37.779175
            ],
            [
              128.880404,
              37.779263
            ],
            [
              128.881731,
              37.779749
            ],
            [
              128.882407,
              37.780299
            ],
            [
              128.879956,
              37.782278
            ],
            [
              128.879952,
              37.782448
            ],
            [
              128.879948,
              37.782589
            ],
            [
              128.879932,
              37.78274
            ],
            [
              128.879961,
              37.782798
            ],
            [
              128.879982,
              37.782852
            ],
            [
              128.880159,
              37.783279
            ],
            [
              128.880299,
              37.78361
            ],
            [
              128.880313,
              37.783653
            ],
            [
              128.880452,
              37.783973
            ],
            [
              128.8805,
              37.784064
            ],
            [
              128.880564,
              37.784149
            ],
            [
              128.880648,
              37.784212
            ],
            [
              128.880744,
              37.784245
            ],
            [
              128.880856,
              37.784257
            ],
            [
              128.880984,
              37.78425
            ],
            [
              128.881104,
              37.784226
            ],
            [
              128.881262,
              37.784189
            ],
            [
              128.881537,
              37.784086
            ],
            [
              128.881614,
              37.784059
            ],
            [
              128.881807,
              37.784018
            ],
            [
              128.882008,
              37.784013
            ],
            [
              128.882158,
              37.784046
            ],
            [
              128.882982,
              37.784326
            ],
            [
              128.883064,
              37.784372
            ],
            [
              128.883367,
              37.784532
            ],
            [
              128.88389,
              37.784837
            ],
            [
              128.884018,
              37.784896
            ],
            [
              128.884726,
              37.785174
            ],
            [
              128.884946,
              37.785374
            ],
            [
              128.884879,
              37.78549
            ]
          ],
          [
            [
              128.884879,
              37.78549
            ],
            [
              128.884946,
              37.785374
            ],
            [
              128.886074,
              37.78594
            ],
            [
              128.886615,
              37.786049
            ],
            [
              128.886962,
              37.786064
            ],
            [
              128.887003,
              37.786064
            ],
            [
              128.88842,
              37.786073
            ],
            [
              128.888944,
              37.786029
            ],
            [
              128.889358,
              37.785879
            ],
            [
              128.889581,
              37.785732
            ],
            [
              128.889624,
              37.785704
            ],
            [
              128.889868,
              37.785604
            ],
            [
              128.890711,
              37.785493
            ],
            [
              128.891523,
              37.785692
            ],
            [
              128.891757,
              37.785902
            ],
            [
              128.891935,
              37.7861
            ],
            [
              128.891965,
              37.786124
            ],
            [
              128.892276,
              37.786373
            ],
            [
              128.8929,
              37.786551
            ],
            [
              128.893379,
              37.786698
            ],
            [
              128.893529,
              37.78665
            ],
            [
              128.893937,
              37.787618
            ],
            [
              128.89419,
              37.788239
            ],
            [
              128.89421,
              37.788289
            ],
            [
              128.894443,
              37.788857
            ],
            [
              128.893606,
              37.790831
            ],
            [
              128.893598,
              37.790849
            ],
            [
              128.893573,
              37.790904
            ],
            [
              128.893567,
              37.790917
            ],
            [
              128.893509,
              37.791076
            ],
            [
              128.894266,
              37.791426
            ],
            [
              128.895001,
              37.791913
            ],
            [
              128.896095,
              37.793219
            ],
            [
              128.896385,
              37.793529
            ],
            [
              128.896442,
              37.793576
            ],
            [
              128.896598,
              37.794103
            ],
            [
              128.89663,
              37.79431
            ],
            [
              128.896659,
              37.794622
            ],
            [
              128.896655,
              37.794793
            ],
            [
              128.896655,
              37.794818
            ],
            [
              128.89665,
              37.794862
            ],
            [
              128.896647,
              37.794899
            ],
            [
              128.896646,
              37.794918
            ],
            [
              128.896729,
              37.794929
            ],
            [
              128.896696,
              37.795068
            ],
            [
              128.89664,
              37.795059
            ]
          ],
          [
            [
              128.89664,
              37.795059
            ],
            [
              128.896696,
              37.795068
            ],
            [
              128.896729,
              37.794929
            ],
            [
              128.896646,
              37.794918
            ],
            [
              128.896647,
              37.794899
            ],
            [
              128.896566,
              37.794893
            ],
            [
              128.896526,
              37.79485
            ],
            [
              128.896264,
              37.794798
            ],
            [
              128.896247,
              37.794953
            ],
            [
              128.896334,
              37.795169
            ],
            [
              128.896476,
              37.795371
            ],
            [
              128.896756,
              37.795516
            ],
            [
              128.896697,
              37.795555
            ],
            [
              128.896632,
              37.795699
            ],
            [
              128.896635,
              37.796314
            ],
            [
              128.896652,
              37.796409
            ],
            [
              128.89687,
              37.79708
            ],
            [
              128.896944,
              37.797329
            ],
            [
              128.897061,
              37.797618
            ],
            [
              128.897191,
              37.797787
            ]
          ],
          [
            [
              128.897191,
              37.797787
            ],
            [
              128.897287,
              37.797913
            ],
            [
              128.897533,
              37.798208
            ],
            [
              128.897643,
              37.798319
            ],
            [
              128.898271,
              37.798747
            ],
            [
              128.898607,
              37.798949
            ],
            [
              128.899635,
              37.799496
            ],
            [
              128.899688,
              37.799514
            ],
            [
              128.899749,
              37.799533
            ],
            [
              128.900398,
              37.799747
            ],
            [
              128.9006,
              37.799792
            ],
            [
              128.900723,
              37.799798
            ],
            [
              128.900793,
              37.79978
            ],
            [
              128.901799,
              37.800428
            ],
            [
              128.902981,
              37.801154
            ],
            [
              128.903374,
              37.801517
            ],
            [
              128.90384,
              37.802053
            ],
            [
              128.90409,
              37.802341
            ],
            [
              128.904266,
              37.802546
            ],
            [
              128.904434,
              37.80289
            ],
            [
              128.904814,
              37.803553
            ],
            [
              128.904427,
              37.803733
            ],
            [
              128.904612,
              37.804057
            ],
            [
              128.904173,
              37.804342
            ]
          ],
          [
            [
              128.904173,
              37.804342
            ],
            [
              128.904612,
              37.804057
            ],
            [
              128.905035,
              37.804802
            ],
            [
              128.905192,
              37.804764
            ],
            [
              128.905212,
              37.804813
            ],
            [
              128.905422,
              37.80476
            ],
            [
              128.905857,
              37.804631
            ],
            [
              128.906076,
              37.80456
            ],
            [
              128.906543,
              37.804407
            ],
            [
              128.906656,
              37.804367
            ],
            [
              128.906761,
              37.804327
            ],
            [
              128.906726,
              37.804272
            ],
            [
              128.906653,
              37.804168
            ],
            [
              128.906902,
              37.804071
            ],
            [
              128.907321,
              37.803875
            ],
            [
              128.907736,
              37.803616
            ],
            [
              128.908222,
              37.803335
            ],
            [
              128.90826,
              37.803312
            ],
            [
              128.90891,
              37.802843
            ],
            [
              128.909091,
              37.802691
            ],
            [
              128.909164,
              37.80263
            ],
            [
              128.90955,
              37.802308
            ],
            [
              128.909998,
              37.801895
            ],
            [
              128.910278,
              37.801636
            ],
            [
              128.910401,
              37.801504
            ],
            [
              128.910517,
              37.801363
            ],
            [
              128.910596,
              37.801245
            ],
            [
              128.910753,
              37.801013
            ],
            [
              128.910982,
              37.800652
            ],
            [
              128.911128,
              37.800305
            ],
            [
              128.911247,
              37.799927
            ],
            [
              128.911272,
              37.799725
            ],
            [
              128.911277,
              37.799543
            ],
            [
              128.911266,
              37.799374
            ],
            [
              128.911185,
              37.799178
            ],
            [
              128.910964,
              37.798893
            ],
            [
              128.910857,
              37.798818
            ],
            [
              128.910729,
              37.798754
            ],
            [
              128.910495,
              37.798684
            ],
            [
              128.910107,
              37.798587
            ],
            [
              128.909815,
              37.798535
            ],
            [
              128.909728,
              37.798523
            ],
            [
              128.909817,
              37.798018
            ],
            [
              128.909758,
              37.798035
            ],
            [
              128.9096,
              37.797896
            ],
            [
              128.909454,
              37.797853
            ],
            [
              128.909437,
              37.797813
            ]
          ],
          [
            [
              128.909437,
              37.797813
            ],
            [
              128.909454,
              37.797853
            ],
            [
              128.9096,
              37.797896
            ],
            [
              128.909758,
              37.798035
            ],
            [
              128.909817,
              37.798018
            ],
            [
              128.909728,
              37.798523
            ],
            [
              128.909815,
              37.798535
            ],
            [
              128.910107,
              37.798587
            ],
            [
              128.910495,
              37.798684
            ],
            [
              128.910729,
              37.798754
            ],
            [
              128.910857,
              37.798818
            ],
            [
              128.910964,
              37.798893
            ],
            [
              128.911185,
              37.799178
            ],
            [
              128.911266,
              37.799374
            ],
            [
              128.911446,
              37.799477
            ],
            [
              128.911573,
              37.798984
            ],
            [
              128.911705,
              37.798418
            ],
            [
              128.91181,
              37.797921
            ],
            [
              128.912208,
              37.797876
            ],
            [
              128.912491,
              37.797761
            ],
            [
              128.912689,
              37.797671
            ],
            [
              128.91292,
              37.797568
            ],
            [
              128.91329,
              37.797469
            ],
            [
              128.913503,
              37.797406
            ],
            [
              128.914014,
              37.797165
            ],
            [
              128.914214,
              37.797049
            ],
            [
              128.914463,
              37.796887
            ],
            [
              128.914753,
              37.796854
            ],
            [
              128.915001,
              37.796846
            ],
            [
              128.915174,
              37.796856
            ],
            [
              128.915391,
              37.796912
            ],
            [
              128.915568,
              37.796971
            ],
            [
              128.915873,
              37.797098
            ],
            [
              128.916201,
              37.797208
            ],
            [
              128.916124,
              37.796998
            ],
            [
              128.916102,
              37.796878
            ],
            [
              128.916093,
              37.796754
            ],
            [
              128.916117,
              37.796529
            ],
            [
              128.916139,
              37.796435
            ],
            [
              128.916208,
              37.796214
            ],
            [
              128.916227,
              37.796173
            ],
            [
              128.916245,
              37.796134
            ],
            [
              128.916367,
              37.795951
            ],
            [
              128.91659,
              37.795642
            ],
            [
              128.916701,
              37.795511
            ],
            [
              128.916828,
              37.795354
            ],
            [
              128.916936,
              37.795232
            ],
            [
              128.917029,
              37.795148
            ],
            [
              128.917205,
              37.79502
            ],
            [
              128.917406,
              37.794907
            ],
            [
              128.917471,
              37.794879
            ]
          ],
          [
            [
              128.917471,
              37.794879
            ],
            [
              128.917406,
              37.794907
            ],
            [
              128.917205,
              37.79502
            ],
            [
              128.917029,
              37.795148
            ],
            [
              128.916936,
              37.795232
            ],
            [
              128.916828,
              37.795354
            ],
            [
              128.916701,
              37.795511
            ],
            [
              128.91659,
              37.795642
            ],
            [
              128.915454,
              37.794529
            ],
            [
              128.91474,
              37.793743
            ],
            [
              128.914712,
              37.793708
            ],
            [
              128.914218,
              37.79316
            ],
            [
              128.914151,
              37.793086
            ],
            [
              128.913893,
              37.792791
            ],
            [
              128.913698,
              37.792584
            ],
            [
              128.913496,
              37.792363
            ],
            [
              128.913444,
              37.792299
            ],
            [
              128.912542,
              37.791307
            ],
            [
              128.912403,
              37.791192
            ],
            [
              128.912171,
              37.791051
            ],
            [
              128.912027,
              37.790974
            ],
            [
              128.911749,
              37.790863
            ],
            [
              128.911427,
              37.790808
            ],
            [
              128.911302,
              37.790789
            ],
            [
              128.911034,
              37.791128
            ],
            [
              128.911016,
              37.791155
            ],
            [
              128.910991,
              37.791189
            ],
            [
              128.910462,
              37.79129
            ],
            [
              128.910279,
              37.791335
            ],
            [
              128.909895,
              37.791455
            ],
            [
              128.909565,
              37.791542
            ],
            [
              128.909517,
              37.791587
            ],
            [
              128.909604,
              37.791597
            ],
            [
              128.909694,
              37.79159
            ]
          ],
          [
            [
              128.909694,
              37.79159
            ],
            [
              128.909604,
              37.791597
            ],
            [
              128.909517,
              37.791587
            ],
            [
              128.909565,
              37.791542
            ],
            [
              128.909895,
              37.791455
            ],
            [
              128.910279,
              37.791335
            ],
            [
              128.910462,
              37.79129
            ],
            [
              128.910991,
              37.791189
            ],
            [
              128.911016,
              37.791155
            ],
            [
              128.911034,
              37.791128
            ],
            [
              128.911302,
              37.790789
            ],
            [
              128.91107,
              37.790739
            ],
            [
              128.910879,
              37.790695
            ],
            [
              128.910719,
              37.790634
            ],
            [
              128.910539,
              37.790507
            ],
            [
              128.910274,
              37.790271
            ],
            [
              128.909981,
              37.790034
            ],
            [
              128.90948,
              37.789629
            ],
            [
              128.909317,
              37.789496
            ],
            [
              128.909197,
              37.789197
            ],
            [
              128.908789,
              37.788488
            ],
            [
              128.908744,
              37.788417
            ],
            [
              128.908284,
              37.787925
            ],
            [
              128.907968,
              37.787578
            ]
          ]
        ]
      },
      "properties": {
        "id": "gangneung-history-01456",
        "region": "gangneung",
        "themeId": "history",
        "title": "경포·오죽헌 역사·문화 · 확정 방문 순서",
        "weekdays": [
          0,
          1,
          4,
          5,
          6
        ],
        "dayNames": [
          "일",
          "월",
          "목",
          "금",
          "토"
        ],
        "status": "needs-review",
        "issues": [
          "강릉 선교장→경포대 도보 26분·1932m: 구간 재검토",
          "강문떡갈비 식사까지 편도 도보 16분: 15분 초과",
          "총 도보 8.9km: 8km 기준 초과"
        ],
        "stopIds": [
          "g9",
          "g10",
          "g11",
          "g121",
          "g236",
          "g12",
          "g181",
          "g22",
          "g21"
        ],
        "walkMeters": 8947,
        "walkMinutes": 119,
        "busCount": 0,
        "mealFallbacks": [],
        "placeCountException": null,
        "routeProvider": "FOSSGIS OSRM foot / OpenStreetMap",
        "checkedOn": "2026-10-08"
      }
    },
    {
      "type": "Feature",
      "id": "gangneung-history-2",
      "geometry": {
        "type": "MultiLineString",
        "coordinates": [
          [
            [
              128.879834,
              37.779203
            ],
            [
              128.879862,
              37.779161
            ],
            [
              128.879931,
              37.77905
            ],
            [
              128.88,
              37.779133
            ],
            [
              128.880131,
              37.779175
            ],
            [
              128.880404,
              37.779263
            ],
            [
              128.881731,
              37.779749
            ],
            [
              128.882407,
              37.780299
            ],
            [
              128.879956,
              37.782278
            ],
            [
              128.879952,
              37.782448
            ],
            [
              128.879948,
              37.782589
            ],
            [
              128.879932,
              37.78274
            ],
            [
              128.879961,
              37.782798
            ],
            [
              128.879982,
              37.782852
            ],
            [
              128.880159,
              37.783279
            ],
            [
              128.880299,
              37.78361
            ],
            [
              128.880313,
              37.783653
            ],
            [
              128.880452,
              37.783973
            ],
            [
              128.8805,
              37.784064
            ],
            [
              128.880564,
              37.784149
            ],
            [
              128.880648,
              37.784212
            ],
            [
              128.880744,
              37.784245
            ],
            [
              128.880856,
              37.784257
            ],
            [
              128.880984,
              37.78425
            ],
            [
              128.881104,
              37.784226
            ],
            [
              128.881262,
              37.784189
            ],
            [
              128.881537,
              37.784086
            ],
            [
              128.881614,
              37.784059
            ],
            [
              128.881807,
              37.784018
            ],
            [
              128.882008,
              37.784013
            ],
            [
              128.882158,
              37.784046
            ],
            [
              128.882982,
              37.784326
            ],
            [
              128.883064,
              37.784372
            ],
            [
              128.883367,
              37.784532
            ],
            [
              128.88389,
              37.784837
            ],
            [
              128.884018,
              37.784896
            ],
            [
              128.884726,
              37.785174
            ],
            [
              128.884946,
              37.785374
            ],
            [
              128.884879,
              37.78549
            ]
          ],
          [
            [
              128.884879,
              37.78549
            ],
            [
              128.884946,
              37.785374
            ],
            [
              128.886074,
              37.78594
            ],
            [
              128.886615,
              37.786049
            ],
            [
              128.886962,
              37.786064
            ],
            [
              128.887003,
              37.786064
            ],
            [
              128.88842,
              37.786073
            ],
            [
              128.888944,
              37.786029
            ],
            [
              128.889358,
              37.785879
            ],
            [
              128.889581,
              37.785732
            ],
            [
              128.889624,
              37.785704
            ],
            [
              128.889868,
              37.785604
            ],
            [
              128.890711,
              37.785493
            ],
            [
              128.891523,
              37.785692
            ],
            [
              128.891757,
              37.785902
            ],
            [
              128.891935,
              37.7861
            ],
            [
              128.891965,
              37.786124
            ],
            [
              128.892276,
              37.786373
            ],
            [
              128.8929,
              37.786551
            ],
            [
              128.893379,
              37.786698
            ],
            [
              128.893529,
              37.78665
            ],
            [
              128.893937,
              37.787618
            ],
            [
              128.89419,
              37.788239
            ],
            [
              128.89421,
              37.788289
            ],
            [
              128.894443,
              37.788857
            ],
            [
              128.893606,
              37.790831
            ],
            [
              128.893598,
              37.790849
            ],
            [
              128.893573,
              37.790904
            ],
            [
              128.893567,
              37.790917
            ],
            [
              128.893509,
              37.791076
            ],
            [
              128.894266,
              37.791426
            ],
            [
              128.895001,
              37.791913
            ],
            [
              128.896095,
              37.793219
            ],
            [
              128.896385,
              37.793529
            ],
            [
              128.896442,
              37.793576
            ],
            [
              128.896598,
              37.794103
            ],
            [
              128.89663,
              37.79431
            ],
            [
              128.896659,
              37.794622
            ],
            [
              128.896655,
              37.794793
            ],
            [
              128.896655,
              37.794818
            ],
            [
              128.89665,
              37.794862
            ],
            [
              128.896647,
              37.794899
            ],
            [
              128.896646,
              37.794918
            ],
            [
              128.896729,
              37.794929
            ],
            [
              128.896696,
              37.795068
            ],
            [
              128.89664,
              37.795059
            ]
          ],
          [
            [
              128.89664,
              37.795059
            ],
            [
              128.896696,
              37.795068
            ],
            [
              128.896729,
              37.794929
            ],
            [
              128.896646,
              37.794918
            ],
            [
              128.896647,
              37.794899
            ],
            [
              128.896566,
              37.794893
            ],
            [
              128.896526,
              37.79485
            ],
            [
              128.896264,
              37.794798
            ],
            [
              128.896247,
              37.794953
            ],
            [
              128.896334,
              37.795169
            ],
            [
              128.896476,
              37.795371
            ],
            [
              128.896756,
              37.795516
            ],
            [
              128.896697,
              37.795555
            ],
            [
              128.896632,
              37.795699
            ],
            [
              128.896635,
              37.796314
            ],
            [
              128.896652,
              37.796409
            ],
            [
              128.89687,
              37.79708
            ],
            [
              128.896944,
              37.797329
            ],
            [
              128.897061,
              37.797618
            ],
            [
              128.897287,
              37.797913
            ],
            [
              128.897533,
              37.798208
            ],
            [
              128.897643,
              37.798319
            ],
            [
              128.898271,
              37.798747
            ],
            [
              128.898607,
              37.798949
            ],
            [
              128.899635,
              37.799496
            ],
            [
              128.899688,
              37.799514
            ],
            [
              128.899749,
              37.799533
            ],
            [
              128.900398,
              37.799747
            ],
            [
              128.9006,
              37.799792
            ],
            [
              128.900723,
              37.799798
            ],
            [
              128.900793,
              37.79978
            ],
            [
              128.901799,
              37.800428
            ],
            [
              128.902981,
              37.801154
            ],
            [
              128.903374,
              37.801517
            ],
            [
              128.90384,
              37.802053
            ],
            [
              128.90409,
              37.802341
            ],
            [
              128.904266,
              37.802546
            ],
            [
              128.904434,
              37.80289
            ],
            [
              128.904814,
              37.803553
            ],
            [
              128.904427,
              37.803733
            ],
            [
              128.904612,
              37.804057
            ],
            [
              128.904173,
              37.804342
            ]
          ],
          [
            [
              128.904173,
              37.804342
            ],
            [
              128.904612,
              37.804057
            ],
            [
              128.905035,
              37.804802
            ],
            [
              128.905192,
              37.804764
            ],
            [
              128.905212,
              37.804813
            ],
            [
              128.905422,
              37.80476
            ],
            [
              128.905857,
              37.804631
            ],
            [
              128.906076,
              37.80456
            ],
            [
              128.906543,
              37.804407
            ],
            [
              128.906656,
              37.804367
            ],
            [
              128.906761,
              37.804327
            ],
            [
              128.906726,
              37.804272
            ],
            [
              128.906653,
              37.804168
            ],
            [
              128.906902,
              37.804071
            ],
            [
              128.907321,
              37.803875
            ],
            [
              128.907736,
              37.803616
            ],
            [
              128.908222,
              37.803335
            ],
            [
              128.90826,
              37.803312
            ],
            [
              128.90891,
              37.802843
            ],
            [
              128.909091,
              37.802691
            ],
            [
              128.909164,
              37.80263
            ],
            [
              128.90955,
              37.802308
            ],
            [
              128.909998,
              37.801895
            ],
            [
              128.910278,
              37.801636
            ],
            [
              128.910401,
              37.801504
            ],
            [
              128.910517,
              37.801363
            ],
            [
              128.910596,
              37.801245
            ],
            [
              128.910753,
              37.801013
            ],
            [
              128.910982,
              37.800652
            ],
            [
              128.911128,
              37.800305
            ],
            [
              128.911247,
              37.799927
            ],
            [
              128.911272,
              37.799725
            ],
            [
              128.911277,
              37.799543
            ],
            [
              128.911266,
              37.799374
            ],
            [
              128.911185,
              37.799178
            ],
            [
              128.910964,
              37.798893
            ],
            [
              128.910857,
              37.798818
            ],
            [
              128.910729,
              37.798754
            ],
            [
              128.910495,
              37.798684
            ],
            [
              128.910107,
              37.798587
            ],
            [
              128.909815,
              37.798535
            ],
            [
              128.909728,
              37.798523
            ],
            [
              128.909817,
              37.798018
            ],
            [
              128.909758,
              37.798035
            ],
            [
              128.9096,
              37.797896
            ],
            [
              128.909454,
              37.797853
            ],
            [
              128.909437,
              37.797813
            ]
          ],
          [
            [
              128.909437,
              37.797813
            ],
            [
              128.909454,
              37.797853
            ],
            [
              128.9096,
              37.797896
            ],
            [
              128.909758,
              37.798035
            ],
            [
              128.909817,
              37.798018
            ],
            [
              128.909728,
              37.798523
            ],
            [
              128.909815,
              37.798535
            ],
            [
              128.910107,
              37.798587
            ],
            [
              128.910495,
              37.798684
            ],
            [
              128.910729,
              37.798754
            ],
            [
              128.910857,
              37.798818
            ],
            [
              128.910964,
              37.798893
            ],
            [
              128.911185,
              37.799178
            ],
            [
              128.911266,
              37.799374
            ],
            [
              128.911446,
              37.799477
            ],
            [
              128.911573,
              37.798984
            ],
            [
              128.911705,
              37.798418
            ],
            [
              128.91181,
              37.797921
            ],
            [
              128.912208,
              37.797876
            ],
            [
              128.912491,
              37.797761
            ],
            [
              128.912689,
              37.797671
            ],
            [
              128.91292,
              37.797568
            ],
            [
              128.91329,
              37.797469
            ],
            [
              128.913503,
              37.797406
            ],
            [
              128.914014,
              37.797165
            ],
            [
              128.914214,
              37.797049
            ],
            [
              128.914463,
              37.796887
            ],
            [
              128.914753,
              37.796854
            ],
            [
              128.915001,
              37.796846
            ],
            [
              128.915174,
              37.796856
            ],
            [
              128.915391,
              37.796912
            ],
            [
              128.915568,
              37.796971
            ],
            [
              128.915873,
              37.797098
            ],
            [
              128.916201,
              37.797208
            ],
            [
              128.916124,
              37.796998
            ],
            [
              128.916102,
              37.796878
            ],
            [
              128.916093,
              37.796754
            ],
            [
              128.916117,
              37.796529
            ],
            [
              128.916139,
              37.796435
            ],
            [
              128.916208,
              37.796214
            ],
            [
              128.916227,
              37.796173
            ],
            [
              128.916245,
              37.796134
            ],
            [
              128.916367,
              37.795951
            ],
            [
              128.91659,
              37.795642
            ],
            [
              128.916701,
              37.795511
            ],
            [
              128.916828,
              37.795354
            ],
            [
              128.916936,
              37.795232
            ],
            [
              128.917029,
              37.795148
            ],
            [
              128.917205,
              37.79502
            ],
            [
              128.917406,
              37.794907
            ],
            [
              128.917471,
              37.794879
            ]
          ],
          [
            [
              128.917471,
              37.794879
            ],
            [
              128.917406,
              37.794907
            ],
            [
              128.917205,
              37.79502
            ],
            [
              128.917029,
              37.795148
            ],
            [
              128.916936,
              37.795232
            ],
            [
              128.916828,
              37.795354
            ],
            [
              128.916701,
              37.795511
            ],
            [
              128.91659,
              37.795642
            ],
            [
              128.915454,
              37.794529
            ],
            [
              128.91474,
              37.793743
            ],
            [
              128.914712,
              37.793708
            ],
            [
              128.914218,
              37.79316
            ],
            [
              128.914151,
              37.793086
            ],
            [
              128.913893,
              37.792791
            ],
            [
              128.913698,
              37.792584
            ],
            [
              128.913496,
              37.792363
            ],
            [
              128.913444,
              37.792299
            ],
            [
              128.912542,
              37.791307
            ],
            [
              128.912403,
              37.791192
            ],
            [
              128.912171,
              37.791051
            ],
            [
              128.912027,
              37.790974
            ],
            [
              128.911749,
              37.790863
            ],
            [
              128.911427,
              37.790808
            ],
            [
              128.911302,
              37.790789
            ],
            [
              128.911034,
              37.791128
            ],
            [
              128.911016,
              37.791155
            ],
            [
              128.910991,
              37.791189
            ],
            [
              128.910462,
              37.79129
            ],
            [
              128.910279,
              37.791335
            ],
            [
              128.909895,
              37.791455
            ],
            [
              128.909565,
              37.791542
            ],
            [
              128.909517,
              37.791587
            ],
            [
              128.909604,
              37.791597
            ],
            [
              128.909694,
              37.79159
            ]
          ],
          [
            [
              128.909694,
              37.79159
            ],
            [
              128.909604,
              37.791597
            ],
            [
              128.909517,
              37.791587
            ],
            [
              128.909565,
              37.791542
            ],
            [
              128.909895,
              37.791455
            ],
            [
              128.910279,
              37.791335
            ],
            [
              128.910462,
              37.79129
            ],
            [
              128.910991,
              37.791189
            ],
            [
              128.911016,
              37.791155
            ],
            [
              128.911034,
              37.791128
            ],
            [
              128.911302,
              37.790789
            ],
            [
              128.91107,
              37.790739
            ],
            [
              128.910879,
              37.790695
            ],
            [
              128.910719,
              37.790634
            ],
            [
              128.910539,
              37.790507
            ],
            [
              128.910274,
              37.790271
            ],
            [
              128.909981,
              37.790034
            ],
            [
              128.90948,
              37.789629
            ],
            [
              128.909317,
              37.789496
            ],
            [
              128.909197,
              37.789197
            ],
            [
              128.908789,
              37.788488
            ],
            [
              128.908744,
              37.788417
            ],
            [
              128.908284,
              37.787925
            ],
            [
              128.907968,
              37.787578
            ]
          ]
        ]
      },
      "properties": {
        "id": "gangneung-history-2",
        "region": "gangneung",
        "themeId": "history",
        "title": "경포·오죽헌 역사·문화 · 확정 방문 순서",
        "weekdays": [
          2
        ],
        "dayNames": [
          "화"
        ],
        "status": "needs-review",
        "issues": [
          "강릉 선교장→경포대 도보 26분·1932m: 구간 재검토",
          "경포별난해물찜 식사까지 편도 도보 20분: 15분 초과",
          "강문떡갈비 식사까지 편도 도보 16분: 15분 초과",
          "총 도보 8.9km: 8km 기준 초과"
        ],
        "stopIds": [
          "g9",
          "g10",
          "g11",
          "g236",
          "g12",
          "g181",
          "g22",
          "g21"
        ],
        "walkMeters": 8947,
        "walkMinutes": 119,
        "busCount": 0,
        "mealFallbacks": [],
        "placeCountException": null,
        "routeProvider": "FOSSGIS OSRM foot / OpenStreetMap",
        "checkedOn": "2026-10-08"
      }
    },
    {
      "type": "Feature",
      "id": "gangneung-history-3",
      "geometry": {
        "type": "MultiLineString",
        "coordinates": [
          [
            [
              128.879834,
              37.779203
            ],
            [
              128.879862,
              37.779161
            ],
            [
              128.879931,
              37.77905
            ],
            [
              128.88,
              37.779133
            ],
            [
              128.880131,
              37.779175
            ],
            [
              128.880404,
              37.779263
            ],
            [
              128.881731,
              37.779749
            ],
            [
              128.882407,
              37.780299
            ],
            [
              128.879956,
              37.782278
            ],
            [
              128.879952,
              37.782448
            ],
            [
              128.879948,
              37.782589
            ],
            [
              128.879932,
              37.78274
            ],
            [
              128.879961,
              37.782798
            ],
            [
              128.879982,
              37.782852
            ],
            [
              128.880159,
              37.783279
            ],
            [
              128.880299,
              37.78361
            ],
            [
              128.880313,
              37.783653
            ],
            [
              128.880452,
              37.783973
            ],
            [
              128.8805,
              37.784064
            ],
            [
              128.880564,
              37.784149
            ],
            [
              128.880648,
              37.784212
            ],
            [
              128.880744,
              37.784245
            ],
            [
              128.880856,
              37.784257
            ],
            [
              128.880984,
              37.78425
            ],
            [
              128.881104,
              37.784226
            ],
            [
              128.881262,
              37.784189
            ],
            [
              128.881537,
              37.784086
            ],
            [
              128.881614,
              37.784059
            ],
            [
              128.881807,
              37.784018
            ],
            [
              128.882008,
              37.784013
            ],
            [
              128.882158,
              37.784046
            ],
            [
              128.882982,
              37.784326
            ],
            [
              128.883064,
              37.784372
            ],
            [
              128.883367,
              37.784532
            ],
            [
              128.88389,
              37.784837
            ],
            [
              128.884018,
              37.784896
            ],
            [
              128.884726,
              37.785174
            ],
            [
              128.884946,
              37.785374
            ],
            [
              128.884879,
              37.78549
            ]
          ],
          [
            [
              128.884879,
              37.78549
            ],
            [
              128.884946,
              37.785374
            ],
            [
              128.886074,
              37.78594
            ],
            [
              128.886615,
              37.786049
            ],
            [
              128.886962,
              37.786064
            ],
            [
              128.887003,
              37.786064
            ],
            [
              128.88842,
              37.786073
            ],
            [
              128.888944,
              37.786029
            ],
            [
              128.889358,
              37.785879
            ],
            [
              128.889581,
              37.785732
            ],
            [
              128.889624,
              37.785704
            ],
            [
              128.889868,
              37.785604
            ],
            [
              128.890711,
              37.785493
            ],
            [
              128.891523,
              37.785692
            ],
            [
              128.891757,
              37.785902
            ],
            [
              128.891935,
              37.7861
            ],
            [
              128.891965,
              37.786124
            ],
            [
              128.892276,
              37.786373
            ],
            [
              128.8929,
              37.786551
            ],
            [
              128.893379,
              37.786698
            ],
            [
              128.893529,
              37.78665
            ],
            [
              128.893937,
              37.787618
            ],
            [
              128.89419,
              37.788239
            ],
            [
              128.89421,
              37.788289
            ],
            [
              128.894443,
              37.788857
            ],
            [
              128.893606,
              37.790831
            ],
            [
              128.893598,
              37.790849
            ],
            [
              128.893573,
              37.790904
            ],
            [
              128.893567,
              37.790917
            ],
            [
              128.893509,
              37.791076
            ],
            [
              128.894266,
              37.791426
            ],
            [
              128.895001,
              37.791913
            ],
            [
              128.896095,
              37.793219
            ],
            [
              128.896385,
              37.793529
            ],
            [
              128.896442,
              37.793576
            ],
            [
              128.896598,
              37.794103
            ],
            [
              128.89663,
              37.79431
            ],
            [
              128.896659,
              37.794622
            ],
            [
              128.896655,
              37.794793
            ],
            [
              128.896655,
              37.794818
            ],
            [
              128.89665,
              37.794862
            ],
            [
              128.896647,
              37.794899
            ],
            [
              128.896646,
              37.794918
            ],
            [
              128.896729,
              37.794929
            ],
            [
              128.896696,
              37.795068
            ],
            [
              128.89664,
              37.795059
            ]
          ],
          [
            [
              128.89664,
              37.795059
            ],
            [
              128.896696,
              37.795068
            ],
            [
              128.896729,
              37.794929
            ],
            [
              128.896646,
              37.794918
            ],
            [
              128.896647,
              37.794899
            ],
            [
              128.896566,
              37.794893
            ],
            [
              128.896526,
              37.79485
            ],
            [
              128.896264,
              37.794798
            ],
            [
              128.896247,
              37.794953
            ],
            [
              128.896334,
              37.795169
            ],
            [
              128.896476,
              37.795371
            ],
            [
              128.896756,
              37.795516
            ],
            [
              128.896697,
              37.795555
            ],
            [
              128.896632,
              37.795699
            ],
            [
              128.896635,
              37.796314
            ],
            [
              128.896652,
              37.796409
            ],
            [
              128.89687,
              37.79708
            ],
            [
              128.896944,
              37.797329
            ],
            [
              128.897061,
              37.797618
            ],
            [
              128.897191,
              37.797787
            ]
          ],
          [
            [
              128.897191,
              37.797787
            ],
            [
              128.897287,
              37.797913
            ],
            [
              128.897533,
              37.798208
            ],
            [
              128.897643,
              37.798319
            ],
            [
              128.898271,
              37.798747
            ],
            [
              128.898607,
              37.798949
            ],
            [
              128.899635,
              37.799496
            ],
            [
              128.899688,
              37.799514
            ],
            [
              128.899749,
              37.799533
            ],
            [
              128.900398,
              37.799747
            ],
            [
              128.9006,
              37.799792
            ],
            [
              128.900723,
              37.799798
            ],
            [
              128.900793,
              37.79978
            ],
            [
              128.901799,
              37.800428
            ],
            [
              128.902981,
              37.801154
            ],
            [
              128.903374,
              37.801517
            ],
            [
              128.90384,
              37.802053
            ],
            [
              128.90409,
              37.802341
            ],
            [
              128.904266,
              37.802546
            ],
            [
              128.904434,
              37.80289
            ],
            [
              128.904814,
              37.803553
            ],
            [
              128.904427,
              37.803733
            ],
            [
              128.904612,
              37.804057
            ],
            [
              128.904173,
              37.804342
            ]
          ],
          [
            [
              128.904173,
              37.804342
            ],
            [
              128.904612,
              37.804057
            ],
            [
              128.905035,
              37.804802
            ],
            [
              128.905192,
              37.804764
            ],
            [
              128.905212,
              37.804813
            ],
            [
              128.905422,
              37.80476
            ],
            [
              128.905857,
              37.804631
            ],
            [
              128.906076,
              37.80456
            ],
            [
              128.906543,
              37.804407
            ],
            [
              128.906656,
              37.804367
            ],
            [
              128.906761,
              37.804327
            ],
            [
              128.906726,
              37.804272
            ],
            [
              128.906653,
              37.804168
            ],
            [
              128.906902,
              37.804071
            ],
            [
              128.907321,
              37.803875
            ],
            [
              128.907736,
              37.803616
            ],
            [
              128.908222,
              37.803335
            ],
            [
              128.90826,
              37.803312
            ],
            [
              128.90891,
              37.802843
            ],
            [
              128.909091,
              37.802691
            ],
            [
              128.909164,
              37.80263
            ],
            [
              128.90955,
              37.802308
            ],
            [
              128.909998,
              37.801895
            ],
            [
              128.910278,
              37.801636
            ],
            [
              128.910401,
              37.801504
            ],
            [
              128.910517,
              37.801363
            ],
            [
              128.910596,
              37.801245
            ],
            [
              128.910753,
              37.801013
            ],
            [
              128.910982,
              37.800652
            ],
            [
              128.911128,
              37.800305
            ],
            [
              128.911247,
              37.799927
            ],
            [
              128.911272,
              37.799725
            ],
            [
              128.911277,
              37.799543
            ],
            [
              128.911266,
              37.799374
            ],
            [
              128.911185,
              37.799178
            ],
            [
              128.910964,
              37.798893
            ],
            [
              128.910857,
              37.798818
            ],
            [
              128.910729,
              37.798754
            ],
            [
              128.910495,
              37.798684
            ],
            [
              128.910107,
              37.798587
            ],
            [
              128.909815,
              37.798535
            ],
            [
              128.909728,
              37.798523
            ],
            [
              128.909817,
              37.798018
            ],
            [
              128.909758,
              37.798035
            ],
            [
              128.9096,
              37.797896
            ],
            [
              128.909454,
              37.797853
            ],
            [
              128.909437,
              37.797813
            ]
          ],
          [
            [
              128.909437,
              37.797813
            ],
            [
              128.909454,
              37.797853
            ],
            [
              128.9096,
              37.797896
            ],
            [
              128.909758,
              37.798035
            ],
            [
              128.909817,
              37.798018
            ],
            [
              128.909863,
              37.797733
            ],
            [
              128.909966,
              37.797635
            ],
            [
              128.910065,
              37.797545
            ],
            [
              128.910079,
              37.797425
            ],
            [
              128.910214,
              37.797291
            ],
            [
              128.910433,
              37.797187
            ],
            [
              128.91044,
              37.797118
            ],
            [
              128.910458,
              37.796927
            ],
            [
              128.910429,
              37.796877
            ],
            [
              128.910033,
              37.796609
            ],
            [
              128.90992,
              37.796533
            ],
            [
              128.909842,
              37.796491
            ],
            [
              128.908277,
              37.795464
            ],
            [
              128.907991,
              37.795217
            ],
            [
              128.907642,
              37.794804
            ],
            [
              128.907544,
              37.794688
            ],
            [
              128.907394,
              37.794546
            ],
            [
              128.906824,
              37.793867
            ],
            [
              128.906735,
              37.793797
            ],
            [
              128.90679,
              37.793774
            ],
            [
              128.907105,
              37.793609
            ],
            [
              128.907162,
              37.793548
            ],
            [
              128.907424,
              37.793729
            ],
            [
              128.907689,
              37.793725
            ],
            [
              128.907846,
              37.793301
            ],
            [
              128.908067,
              37.793188
            ],
            [
              128.908236,
              37.793034
            ],
            [
              128.908557,
              37.792888
            ],
            [
              128.908759,
              37.792658
            ],
            [
              128.90897,
              37.792387
            ],
            [
              128.909127,
              37.79198
            ],
            [
              128.909185,
              37.791875
            ],
            [
              128.909219,
              37.791775
            ],
            [
              128.909275,
              37.791743
            ],
            [
              128.90941,
              37.791665
            ],
            [
              128.909517,
              37.791587
            ],
            [
              128.909604,
              37.791597
            ],
            [
              128.909694,
              37.79159
            ]
          ],
          [
            [
              128.909694,
              37.79159
            ],
            [
              128.909604,
              37.791597
            ],
            [
              128.909517,
              37.791587
            ],
            [
              128.909565,
              37.791542
            ],
            [
              128.909895,
              37.791455
            ],
            [
              128.910279,
              37.791335
            ],
            [
              128.910462,
              37.79129
            ],
            [
              128.910991,
              37.791189
            ],
            [
              128.911016,
              37.791155
            ],
            [
              128.911034,
              37.791128
            ],
            [
              128.911302,
              37.790789
            ],
            [
              128.91107,
              37.790739
            ],
            [
              128.910879,
              37.790695
            ],
            [
              128.910719,
              37.790634
            ],
            [
              128.910539,
              37.790507
            ],
            [
              128.910274,
              37.790271
            ],
            [
              128.909981,
              37.790034
            ],
            [
              128.90948,
              37.789629
            ],
            [
              128.909317,
              37.789496
            ],
            [
              128.909197,
              37.789197
            ],
            [
              128.908789,
              37.788488
            ],
            [
              128.908744,
              37.788417
            ],
            [
              128.908284,
              37.787925
            ],
            [
              128.907968,
              37.787578
            ]
          ]
        ]
      },
      "properties": {
        "id": "gangneung-history-3",
        "region": "gangneung",
        "themeId": "history",
        "title": "경포·오죽헌 역사·문화 · 확정 방문 순서",
        "weekdays": [
          3
        ],
        "dayNames": [
          "수"
        ],
        "status": "needs-review",
        "issues": [
          "저녁 식사 누락",
          "강릉 선교장→경포대 도보 26분·1932m: 구간 재검토"
        ],
        "stopIds": [
          "g9",
          "g10",
          "g11",
          "g121",
          "g236",
          "g12",
          "g22",
          "g21"
        ],
        "walkMeters": 7784,
        "walkMinutes": 103,
        "busCount": 0,
        "mealFallbacks": [],
        "placeCountException": null,
        "routeProvider": "FOSSGIS OSRM foot / OpenStreetMap",
        "checkedOn": "2026-10-08"
      }
    },
    {
      "type": "Feature",
      "id": "gangneung-cafe-01",
      "geometry": {
        "type": "MultiLineString",
        "coordinates": [
          [
            [
              128.890569,
              37.749793
            ],
            [
              128.890449,
              37.749959
            ],
            [
              128.890714,
              37.750093
            ],
            [
              128.890437,
              37.750378
            ],
            [
              128.891016,
              37.750812
            ],
            [
              128.891159,
              37.750902
            ],
            [
              128.890688,
              37.751249
            ],
            [
              128.890514,
              37.751442
            ],
            [
              128.89034,
              37.751907
            ],
            [
              128.890056,
              37.752662
            ],
            [
              128.890732,
              37.75312
            ],
            [
              128.892039,
              37.754004
            ],
            [
              128.891892,
              37.754486
            ],
            [
              128.892209,
              37.754601
            ],
            [
              128.89244,
              37.754725
            ],
            [
              128.892643,
              37.754868
            ],
            [
              128.893247,
              37.755242
            ],
            [
              128.893494,
              37.755397
            ],
            [
              128.893275,
              37.755887
            ]
          ],
          [
            [
              128.915083,
              37.785655
            ],
            [
              128.914586,
              37.786136
            ],
            [
              128.91454,
              37.78618
            ],
            [
              128.914433,
              37.786284
            ],
            [
              128.914067,
              37.786832
            ],
            [
              128.913955,
              37.787024
            ],
            [
              128.913903,
              37.787114
            ],
            [
              128.913591,
              37.787575
            ],
            [
              128.913444,
              37.787881
            ],
            [
              128.913313,
              37.787857
            ],
            [
              128.912908,
              37.787876
            ]
          ],
          [
            [
              128.912908,
              37.787876
            ],
            [
              128.913313,
              37.787857
            ],
            [
              128.913444,
              37.787881
            ],
            [
              128.913644,
              37.787969
            ],
            [
              128.91382,
              37.788043
            ],
            [
              128.913904,
              37.788078
            ],
            [
              128.91418,
              37.788177
            ],
            [
              128.914307,
              37.788248
            ],
            [
              128.914392,
              37.788295
            ]
          ],
          [
            [
              128.914392,
              37.788295
            ],
            [
              128.914408,
              37.788304
            ],
            [
              128.914683,
              37.788501
            ],
            [
              128.915153,
              37.788925
            ],
            [
              128.915086,
              37.788991
            ],
            [
              128.914325,
              37.790837
            ],
            [
              128.91415,
              37.791379
            ],
            [
              128.913893,
              37.792791
            ],
            [
              128.914135,
              37.793068
            ]
          ],
          [
            [
              128.947324,
              37.772687
            ],
            [
              128.947808,
              37.772233
            ]
          ],
          [
            [
              128.947808,
              37.772233
            ],
            [
              128.947933,
              37.772115
            ]
          ]
        ]
      },
      "properties": {
        "id": "gangneung-cafe-01",
        "region": "gangneung",
        "themeId": "cafe",
        "title": "시내→초당→안목 카페 투어 · 10곳",
        "weekdays": [
          0,
          1
        ],
        "dayNames": [
          "일",
          "월"
        ],
        "status": "walking-geometry-checked",
        "issues": [],
        "stopIds": [
          "g25",
          "g258",
          "g223",
          "g195",
          "g193",
          "g98",
          "g189",
          "g187",
          "g17"
        ],
        "walkMeters": 2060,
        "walkMinutes": 28,
        "busCount": 2,
        "mealFallbacks": [],
        "placeCountException": null,
        "routeProvider": "FOSSGIS OSRM foot / OpenStreetMap",
        "checkedOn": "2026-10-08"
      }
    },
    {
      "type": "Feature",
      "id": "gangneung-cafe-2",
      "geometry": {
        "type": "MultiLineString",
        "coordinates": [
          [
            [
              128.892549,
              37.750923
            ],
            [
              128.891758,
              37.750384
            ],
            [
              128.891269,
              37.750051
            ],
            [
              128.890878,
              37.749907
            ],
            [
              128.890677,
              37.749644
            ],
            [
              128.890569,
              37.749793
            ]
          ],
          [
            [
              128.890569,
              37.749793
            ],
            [
              128.890449,
              37.749959
            ],
            [
              128.890714,
              37.750093
            ],
            [
              128.890437,
              37.750378
            ],
            [
              128.891016,
              37.750812
            ],
            [
              128.891159,
              37.750902
            ],
            [
              128.890688,
              37.751249
            ],
            [
              128.890514,
              37.751442
            ],
            [
              128.89034,
              37.751907
            ],
            [
              128.890056,
              37.752662
            ],
            [
              128.890732,
              37.75312
            ],
            [
              128.892039,
              37.754004
            ],
            [
              128.891892,
              37.754486
            ],
            [
              128.892209,
              37.754601
            ],
            [
              128.89244,
              37.754725
            ],
            [
              128.892643,
              37.754868
            ],
            [
              128.893247,
              37.755242
            ],
            [
              128.893494,
              37.755397
            ],
            [
              128.893275,
              37.755887
            ]
          ],
          [
            [
              128.947324,
              37.772687
            ],
            [
              128.947808,
              37.772233
            ]
          ],
          [
            [
              128.947808,
              37.772233
            ],
            [
              128.947933,
              37.772115
            ]
          ]
        ]
      },
      "properties": {
        "id": "gangneung-cafe-2",
        "region": "gangneung",
        "themeId": "cafe",
        "title": "시내→초당→안목 카페 투어 · 10곳",
        "weekdays": [
          2
        ],
        "dayNames": [
          "화"
        ],
        "status": "needs-review",
        "issues": [
          "일부 구간의 보행 길선 또는 버스 연결 미확인"
        ],
        "stopIds": [
          "g24",
          "g25",
          "g258",
          "g195",
          "g189",
          "g187",
          "g17"
        ],
        "walkMeters": 1239,
        "walkMinutes": 17,
        "busCount": 2,
        "mealFallbacks": [],
        "placeCountException": null,
        "routeProvider": "FOSSGIS OSRM foot / OpenStreetMap",
        "checkedOn": "2026-10-08"
      }
    },
    {
      "type": "Feature",
      "id": "gangneung-cafe-3",
      "geometry": {
        "type": "MultiLineString",
        "coordinates": [
          [
            [
              128.892549,
              37.750923
            ],
            [
              128.891758,
              37.750384
            ],
            [
              128.891269,
              37.750051
            ],
            [
              128.890878,
              37.749907
            ],
            [
              128.890677,
              37.749644
            ],
            [
              128.890569,
              37.749793
            ]
          ],
          [
            [
              128.890569,
              37.749793
            ],
            [
              128.890449,
              37.749959
            ],
            [
              128.890714,
              37.750093
            ],
            [
              128.890437,
              37.750378
            ],
            [
              128.891016,
              37.750812
            ],
            [
              128.891159,
              37.750902
            ],
            [
              128.890688,
              37.751249
            ],
            [
              128.890514,
              37.751442
            ],
            [
              128.89034,
              37.751907
            ],
            [
              128.890056,
              37.752662
            ],
            [
              128.890732,
              37.75312
            ],
            [
              128.892039,
              37.754004
            ],
            [
              128.891892,
              37.754486
            ],
            [
              128.892209,
              37.754601
            ],
            [
              128.89244,
              37.754725
            ],
            [
              128.892643,
              37.754868
            ],
            [
              128.893247,
              37.755242
            ],
            [
              128.893494,
              37.755397
            ],
            [
              128.893275,
              37.755887
            ]
          ],
          [
            [
              128.915083,
              37.785655
            ],
            [
              128.914586,
              37.786136
            ],
            [
              128.91454,
              37.78618
            ],
            [
              128.914433,
              37.786284
            ],
            [
              128.914067,
              37.786832
            ],
            [
              128.913955,
              37.787024
            ],
            [
              128.913903,
              37.787114
            ],
            [
              128.913591,
              37.787575
            ],
            [
              128.913444,
              37.787881
            ],
            [
              128.913644,
              37.787969
            ],
            [
              128.91382,
              37.788043
            ],
            [
              128.913904,
              37.788078
            ],
            [
              128.91418,
              37.788177
            ],
            [
              128.914307,
              37.788248
            ],
            [
              128.914392,
              37.788295
            ]
          ],
          [
            [
              128.914392,
              37.788295
            ],
            [
              128.914408,
              37.788304
            ],
            [
              128.914683,
              37.788501
            ],
            [
              128.915153,
              37.788925
            ],
            [
              128.915086,
              37.788991
            ],
            [
              128.914325,
              37.790837
            ],
            [
              128.91415,
              37.791379
            ],
            [
              128.913893,
              37.792791
            ],
            [
              128.914135,
              37.793068
            ]
          ],
          [
            [
              128.947324,
              37.772687
            ],
            [
              128.947808,
              37.772233
            ]
          ],
          [
            [
              128.947808,
              37.772233
            ],
            [
              128.947933,
              37.772115
            ]
          ]
        ]
      },
      "properties": {
        "id": "gangneung-cafe-3",
        "region": "gangneung",
        "themeId": "cafe",
        "title": "시내→초당→안목 카페 투어 · 10곳",
        "weekdays": [
          3
        ],
        "dayNames": [
          "수"
        ],
        "status": "walking-geometry-checked",
        "issues": [],
        "stopIds": [
          "g24",
          "g25",
          "g258",
          "g223",
          "g193",
          "g98",
          "g189",
          "g187",
          "g17"
        ],
        "walkMeters": 2203,
        "walkMinutes": 30,
        "busCount": 2,
        "mealFallbacks": [],
        "placeCountException": null,
        "routeProvider": "FOSSGIS OSRM foot / OpenStreetMap",
        "checkedOn": "2026-10-08"
      }
    },
    {
      "type": "Feature",
      "id": "gangneung-cafe-4",
      "geometry": {
        "type": "MultiLineString",
        "coordinates": [
          [
            [
              128.915083,
              37.785655
            ],
            [
              128.914586,
              37.786136
            ],
            [
              128.91454,
              37.78618
            ],
            [
              128.914433,
              37.786284
            ],
            [
              128.914067,
              37.786832
            ],
            [
              128.913955,
              37.787024
            ],
            [
              128.913903,
              37.787114
            ],
            [
              128.913591,
              37.787575
            ],
            [
              128.913444,
              37.787881
            ],
            [
              128.913313,
              37.787857
            ],
            [
              128.912908,
              37.787876
            ]
          ],
          [
            [
              128.912908,
              37.787876
            ],
            [
              128.913313,
              37.787857
            ],
            [
              128.913444,
              37.787881
            ],
            [
              128.913644,
              37.787969
            ],
            [
              128.91382,
              37.788043
            ],
            [
              128.913904,
              37.788078
            ],
            [
              128.91418,
              37.788177
            ],
            [
              128.914307,
              37.788248
            ],
            [
              128.914392,
              37.788295
            ]
          ],
          [
            [
              128.914392,
              37.788295
            ],
            [
              128.914408,
              37.788304
            ],
            [
              128.914683,
              37.788501
            ],
            [
              128.915153,
              37.788925
            ],
            [
              128.915086,
              37.788991
            ],
            [
              128.914325,
              37.790837
            ],
            [
              128.91415,
              37.791379
            ],
            [
              128.913893,
              37.792791
            ],
            [
              128.914135,
              37.793068
            ]
          ],
          [
            [
              128.947324,
              37.772687
            ],
            [
              128.947808,
              37.772233
            ]
          ],
          [
            [
              128.947808,
              37.772233
            ],
            [
              128.947933,
              37.772115
            ]
          ]
        ]
      },
      "properties": {
        "id": "gangneung-cafe-4",
        "region": "gangneung",
        "themeId": "cafe",
        "title": "시내→초당→안목 카페 투어 · 10곳",
        "weekdays": [
          4
        ],
        "dayNames": [
          "목"
        ],
        "status": "needs-review",
        "issues": [
          "일부 구간의 보행 길선 또는 버스 연결 미확인"
        ],
        "stopIds": [
          "g24",
          "g223",
          "g195",
          "g193",
          "g98",
          "g189",
          "g187",
          "g17"
        ],
        "walkMeters": 1144,
        "walkMinutes": 16,
        "busCount": 2,
        "mealFallbacks": [],
        "placeCountException": null,
        "routeProvider": "FOSSGIS OSRM foot / OpenStreetMap",
        "checkedOn": "2026-10-08"
      }
    },
    {
      "type": "Feature",
      "id": "gangneung-cafe-56",
      "geometry": {
        "type": "MultiLineString",
        "coordinates": [
          [
            [
              128.892549,
              37.750923
            ],
            [
              128.891758,
              37.750384
            ],
            [
              128.891269,
              37.750051
            ],
            [
              128.890878,
              37.749907
            ],
            [
              128.890677,
              37.749644
            ],
            [
              128.890569,
              37.749793
            ]
          ],
          [
            [
              128.890569,
              37.749793
            ],
            [
              128.890449,
              37.749959
            ],
            [
              128.890714,
              37.750093
            ],
            [
              128.890437,
              37.750378
            ],
            [
              128.891016,
              37.750812
            ],
            [
              128.891159,
              37.750902
            ],
            [
              128.890688,
              37.751249
            ],
            [
              128.890514,
              37.751442
            ],
            [
              128.89034,
              37.751907
            ],
            [
              128.890056,
              37.752662
            ],
            [
              128.890732,
              37.75312
            ],
            [
              128.892039,
              37.754004
            ],
            [
              128.891892,
              37.754486
            ],
            [
              128.892209,
              37.754601
            ],
            [
              128.89244,
              37.754725
            ],
            [
              128.892643,
              37.754868
            ],
            [
              128.893247,
              37.755242
            ],
            [
              128.893494,
              37.755397
            ],
            [
              128.893275,
              37.755887
            ]
          ],
          [
            [
              128.915083,
              37.785655
            ],
            [
              128.914586,
              37.786136
            ],
            [
              128.91454,
              37.78618
            ],
            [
              128.914433,
              37.786284
            ],
            [
              128.914067,
              37.786832
            ],
            [
              128.913955,
              37.787024
            ],
            [
              128.913903,
              37.787114
            ],
            [
              128.913591,
              37.787575
            ],
            [
              128.913444,
              37.787881
            ],
            [
              128.913313,
              37.787857
            ],
            [
              128.912908,
              37.787876
            ]
          ],
          [
            [
              128.912908,
              37.787876
            ],
            [
              128.913313,
              37.787857
            ],
            [
              128.913444,
              37.787881
            ],
            [
              128.913644,
              37.787969
            ],
            [
              128.91382,
              37.788043
            ],
            [
              128.913904,
              37.788078
            ],
            [
              128.91418,
              37.788177
            ],
            [
              128.914307,
              37.788248
            ],
            [
              128.914392,
              37.788295
            ]
          ],
          [
            [
              128.914392,
              37.788295
            ],
            [
              128.914408,
              37.788304
            ],
            [
              128.914683,
              37.788501
            ],
            [
              128.915153,
              37.788925
            ],
            [
              128.915086,
              37.788991
            ],
            [
              128.914325,
              37.790837
            ],
            [
              128.91415,
              37.791379
            ],
            [
              128.913893,
              37.792791
            ],
            [
              128.914135,
              37.793068
            ]
          ],
          [
            [
              128.947324,
              37.772687
            ],
            [
              128.947808,
              37.772233
            ]
          ],
          [
            [
              128.947808,
              37.772233
            ],
            [
              128.947933,
              37.772115
            ]
          ]
        ]
      },
      "properties": {
        "id": "gangneung-cafe-56",
        "region": "gangneung",
        "themeId": "cafe",
        "title": "시내→초당→안목 카페 투어 · 10곳",
        "weekdays": [
          5,
          6
        ],
        "dayNames": [
          "금",
          "토"
        ],
        "status": "walking-geometry-checked",
        "issues": [],
        "stopIds": [
          "g24",
          "g25",
          "g258",
          "g223",
          "g195",
          "g193",
          "g98",
          "g189",
          "g187",
          "g17"
        ],
        "walkMeters": 2300,
        "walkMinutes": 31,
        "busCount": 2,
        "mealFallbacks": [],
        "placeCountException": null,
        "routeProvider": "FOSSGIS OSRM foot / OpenStreetMap",
        "checkedOn": "2026-10-08"
      }
    },
    {
      "type": "Feature",
      "id": "gyeongju-hwangridan-0",
      "geometry": {
        "type": "MultiLineString",
        "coordinates": [
          [
            [
              129.21,
              35.837412
            ],
            [
              129.210013,
              35.837311
            ],
            [
              129.209701,
              35.837433
            ],
            [
              129.209694,
              35.837349
            ],
            [
              129.209641,
              35.836671
            ],
            [
              129.209622,
              35.836422
            ],
            [
              129.209519,
              35.835515
            ],
            [
              129.209502,
              35.835276
            ],
            [
              129.209462,
              35.834711
            ],
            [
              129.209466,
              35.834362
            ],
            [
              129.209467,
              35.834285
            ]
          ],
          [
            [
              129.209467,
              35.834285
            ],
            [
              129.209466,
              35.834362
            ],
            [
              129.209462,
              35.834711
            ],
            [
              129.209502,
              35.835276
            ],
            [
              129.209519,
              35.835515
            ],
            [
              129.209622,
              35.836422
            ],
            [
              129.209641,
              35.836671
            ],
            [
              129.209694,
              35.837349
            ],
            [
              129.209701,
              35.837433
            ],
            [
              129.210013,
              35.837311
            ],
            [
              129.209989,
              35.837502
            ],
            [
              129.210188,
              35.83751
            ]
          ],
          [
            [
              129.210188,
              35.83751
            ],
            [
              129.209989,
              35.837502
            ],
            [
              129.210013,
              35.837311
            ],
            [
              129.209701,
              35.837433
            ],
            [
              129.209694,
              35.837349
            ],
            [
              129.209641,
              35.836671
            ],
            [
              129.209622,
              35.836422
            ],
            [
              129.209519,
              35.835515
            ],
            [
              129.210015,
              35.835462
            ]
          ],
          [
            [
              129.210015,
              35.835462
            ],
            [
              129.209519,
              35.835515
            ],
            [
              129.209622,
              35.836422
            ],
            [
              129.209336,
              35.836473
            ],
            [
              129.209332,
              35.836912
            ],
            [
              129.20933,
              35.837205
            ],
            [
              129.209313,
              35.837471
            ],
            [
              129.209312,
              35.837588
            ],
            [
              129.209309,
              35.837848
            ]
          ],
          [
            [
              129.209309,
              35.837848
            ],
            [
              129.209308,
              35.837922
            ],
            [
              129.209305,
              35.838129
            ],
            [
              129.209304,
              35.838241
            ],
            [
              129.209243,
              35.838366
            ],
            [
              129.209105,
              35.83865
            ],
            [
              129.209282,
              35.838724
            ],
            [
              129.209373,
              35.838763
            ],
            [
              129.209866,
              35.83897
            ],
            [
              129.209918,
              35.839525
            ],
            [
              129.2108,
              35.83975
            ],
            [
              129.210867,
              35.839573
            ],
            [
              129.211031,
              35.839117
            ],
            [
              129.211374,
              35.839272
            ],
            [
              129.211599,
              35.839418
            ],
            [
              129.211805,
              35.83949
            ],
            [
              129.212016,
              35.839486
            ],
            [
              129.212245,
              35.839408
            ],
            [
              129.212566,
              35.839276
            ],
            [
              129.212707,
              35.839201
            ],
            [
              129.212672,
              35.839073
            ],
            [
              129.212715,
              35.838961
            ],
            [
              129.212733,
              35.838913
            ],
            [
              129.212727,
              35.838861
            ],
            [
              129.212693,
              35.838814
            ],
            [
              129.212625,
              35.838755
            ],
            [
              129.212602,
              35.838691
            ],
            [
              129.212575,
              35.838638
            ],
            [
              129.212529,
              35.83861
            ],
            [
              129.212447,
              35.838566
            ],
            [
              129.212396,
              35.838526
            ],
            [
              129.212374,
              35.83848
            ],
            [
              129.212376,
              35.83843
            ],
            [
              129.212402,
              35.838385
            ],
            [
              129.212449,
              35.838353
            ],
            [
              129.212507,
              35.838337
            ],
            [
              129.212568,
              35.838342
            ],
            [
              129.212622,
              35.838366
            ],
            [
              129.21269,
              35.838382
            ],
            [
              129.212769,
              35.838381
            ],
            [
              129.212835,
              35.838374
            ],
            [
              129.212896,
              35.838352
            ],
            [
              129.212946,
              35.838315
            ],
            [
              129.21298,
              35.838268
            ],
            [
              129.213224,
              35.838296
            ],
            [
              129.213311,
              35.838307
            ]
          ],
          [
            [
              129.213311,
              35.838307
            ],
            [
              129.213474,
              35.838329
            ],
            [
              129.213465,
              35.838294
            ],
            [
              129.213502,
              35.838167
            ],
            [
              129.213628,
              35.837918
            ],
            [
              129.213628,
              35.837835
            ],
            [
              129.2137,
              35.837658
            ],
            [
              129.213722,
              35.837566
            ],
            [
              129.213872,
              35.837414
            ],
            [
              129.213969,
              35.837147
            ],
            [
              129.213921,
              35.836791
            ],
            [
              129.214004,
              35.836669
            ],
            [
              129.214194,
              35.836565
            ],
            [
              129.214721,
              35.835947
            ],
            [
              129.214783,
              35.83576
            ],
            [
              129.214828,
              35.835673
            ],
            [
              129.214936,
              35.835684
            ],
            [
              129.215167,
              35.835552
            ],
            [
              129.215243,
              35.835467
            ],
            [
              129.215578,
              35.835665
            ],
            [
              129.215646,
              35.835763
            ],
            [
              129.215696,
              35.835741
            ],
            [
              129.215768,
              35.835708
            ],
            [
              129.21591,
              35.835561
            ],
            [
              129.216007,
              35.835475
            ],
            [
              129.216318,
              35.835125
            ],
            [
              129.216592,
              35.834873
            ],
            [
              129.216692,
              35.834778
            ],
            [
              129.216801,
              35.83467
            ],
            [
              129.216925,
              35.83454
            ],
            [
              129.217034,
              35.83444
            ],
            [
              129.217152,
              35.834355
            ],
            [
              129.217302,
              35.834297
            ],
            [
              129.217467,
              35.834265
            ],
            [
              129.217691,
              35.834248
            ],
            [
              129.217957,
              35.834244
            ],
            [
              129.218362,
              35.834273
            ],
            [
              129.218538,
              35.834291
            ],
            [
              129.218589,
              35.834305
            ],
            [
              129.218637,
              35.834397
            ],
            [
              129.218749,
              35.834474
            ],
            [
              129.218744,
              35.834564
            ],
            [
              129.218708,
              35.83464
            ],
            [
              129.218734,
              35.834743
            ],
            [
              129.218783,
              35.834842
            ],
            [
              129.21891,
              35.834896
            ],
            [
              129.218995,
              35.834897
            ]
          ],
          [
            [
              129.218995,
              35.834897
            ],
            [
              129.21891,
              35.834896
            ],
            [
              129.218783,
              35.834842
            ],
            [
              129.218734,
              35.834743
            ],
            [
              129.218708,
              35.83464
            ],
            [
              129.218744,
              35.834564
            ],
            [
              129.218749,
              35.834474
            ],
            [
              129.218637,
              35.834397
            ],
            [
              129.218589,
              35.834305
            ],
            [
              129.218889,
              35.834336
            ],
            [
              129.219551,
              35.834383
            ],
            [
              129.219921,
              35.834421
            ],
            [
              129.220342,
              35.834015
            ],
            [
              129.220569,
              35.833914
            ],
            [
              129.220772,
              35.833853
            ],
            [
              129.22082,
              35.833788
            ],
            [
              129.220955,
              35.833595
            ],
            [
              129.221072,
              35.833369
            ],
            [
              129.221164,
              35.833208
            ],
            [
              129.221546,
              35.833334
            ],
            [
              129.221706,
              35.833374
            ],
            [
              129.221899,
              35.833417
            ],
            [
              129.221977,
              35.833427
            ],
            [
              129.222043,
              35.833426
            ],
            [
              129.222082,
              35.83341
            ],
            [
              129.222094,
              35.833357
            ],
            [
              129.222385,
              35.833431
            ],
            [
              129.222675,
              35.833497
            ],
            [
              129.222791,
              35.833537
            ],
            [
              129.223081,
              35.833652
            ],
            [
              129.22323,
              35.833675
            ],
            [
              129.223459,
              35.833706
            ],
            [
              129.223677,
              35.83377
            ],
            [
              129.22377,
              35.833779
            ],
            [
              129.223982,
              35.833768
            ],
            [
              129.224136,
              35.833809
            ],
            [
              129.224205,
              35.833849
            ],
            [
              129.224263,
              35.83391
            ],
            [
              129.224746,
              35.833874
            ],
            [
              129.224936,
              35.833864
            ],
            [
              129.225047,
              35.833926
            ],
            [
              129.225248,
              35.833804
            ],
            [
              129.225359,
              35.83374
            ],
            [
              129.225377,
              35.83376
            ],
            [
              129.225406,
              35.833795
            ],
            [
              129.225458,
              35.833857
            ],
            [
              129.225735,
              35.833702
            ],
            [
              129.226397,
              35.833328
            ],
            [
              129.226501,
              35.833273
            ],
            [
              129.226651,
              35.833295
            ],
            [
              129.226761,
              35.833305
            ],
            [
              129.226765,
              35.833382
            ],
            [
              129.226753,
              35.833478
            ],
            [
              129.226718,
              35.833515
            ],
            [
              129.226696,
              35.833742
            ],
            [
              129.226668,
              35.833842
            ],
            [
              129.226589,
              35.834039
            ],
            [
              129.22653,
              35.83443
            ],
            [
              129.226494,
              35.834431
            ],
            [
              129.226467,
              35.834696
            ]
          ],
          [
            [
              129.226467,
              35.834696
            ],
            [
              129.226494,
              35.834431
            ],
            [
              129.22653,
              35.83443
            ],
            [
              129.226589,
              35.834039
            ],
            [
              129.226668,
              35.833842
            ],
            [
              129.226696,
              35.833742
            ],
            [
              129.226718,
              35.833515
            ],
            [
              129.226753,
              35.833478
            ],
            [
              129.226765,
              35.833382
            ],
            [
              129.226761,
              35.833305
            ],
            [
              129.227268,
              35.833336
            ],
            [
              129.227493,
              35.833339
            ],
            [
              129.227877,
              35.833343
            ],
            [
              129.229009,
              35.833325
            ],
            [
              129.229239,
              35.833321
            ],
            [
              129.229224,
              35.834312
            ],
            [
              129.229211,
              35.835139
            ],
            [
              129.229196,
              35.836082
            ],
            [
              129.229179,
              35.837204
            ],
            [
              129.229155,
              35.838861
            ],
            [
              129.229154,
              35.838914
            ],
            [
              129.22913,
              35.840113
            ],
            [
              129.22913,
              35.840231
            ],
            [
              129.229131,
              35.840616
            ],
            [
              129.229131,
              35.840828
            ],
            [
              129.229132,
              35.841389
            ],
            [
              129.229137,
              35.842318
            ],
            [
              129.22914,
              35.842674
            ],
            [
              129.22914,
              35.842689
            ],
            [
              129.229138,
              35.843004
            ]
          ]
        ]
      },
      "properties": {
        "id": "gyeongju-hwangridan-0",
        "region": "gyeongju",
        "themeId": "hwangridan",
        "title": "황리단길·대릉원 골목",
        "weekdays": [
          0
        ],
        "dayNames": [
          "일"
        ],
        "status": "walking-geometry-checked",
        "issues": [],
        "stopIds": [
          "j3",
          "j103",
          "j95",
          "j38",
          "j142",
          "j4",
          "j1",
          "j2",
          "j178"
        ],
        "walkMeters": 5670,
        "walkMinutes": 75,
        "busCount": 0,
        "mealFallbacks": [
          {
            "placeId": "j178",
            "minutes": 19,
            "reason": "편도 15분 안의 평점 4.0 이상·요일 영업 대안을 아직 확인하지 못해 사용자가 허용한 30분 이내 예외를 적용했습니다.",
            "checkedOn": "2026-10-08",
            "alternativesChecked": [
              "소사이어티나귀(Google 4.5, 동궁과 월지에서 19분)",
              "반월성화덕피자(Google 4.1, 동궁과 월지에서 23분)",
              "경주원조콩국(저장 장소, 동궁과 월지에서 20분)"
            ]
          }
        ],
        "placeCountException": null,
        "routeProvider": "FOSSGIS OSRM foot / OpenStreetMap",
        "checkedOn": "2026-10-08"
      }
    },
    {
      "type": "Feature",
      "id": "gyeongju-hwangridan-123456",
      "geometry": {
        "type": "MultiLineString",
        "coordinates": [
          [
            [
              129.21,
              35.837412
            ],
            [
              129.210013,
              35.837311
            ],
            [
              129.209701,
              35.837433
            ],
            [
              129.209694,
              35.837349
            ],
            [
              129.209641,
              35.836671
            ],
            [
              129.209622,
              35.836422
            ],
            [
              129.209519,
              35.835515
            ],
            [
              129.209502,
              35.835276
            ],
            [
              129.209462,
              35.834711
            ],
            [
              129.209466,
              35.834362
            ],
            [
              129.209467,
              35.834285
            ]
          ],
          [
            [
              129.209467,
              35.834285
            ],
            [
              129.209466,
              35.834362
            ],
            [
              129.209462,
              35.834711
            ],
            [
              129.209502,
              35.835276
            ],
            [
              129.209519,
              35.835515
            ],
            [
              129.209622,
              35.836422
            ],
            [
              129.209641,
              35.836671
            ],
            [
              129.209694,
              35.837349
            ],
            [
              129.209701,
              35.837433
            ],
            [
              129.210013,
              35.837311
            ],
            [
              129.209989,
              35.837502
            ],
            [
              129.210188,
              35.83751
            ]
          ],
          [
            [
              129.210188,
              35.83751
            ],
            [
              129.209989,
              35.837502
            ],
            [
              129.210013,
              35.837311
            ],
            [
              129.209701,
              35.837433
            ],
            [
              129.209694,
              35.837349
            ],
            [
              129.209641,
              35.836671
            ],
            [
              129.209622,
              35.836422
            ],
            [
              129.209519,
              35.835515
            ],
            [
              129.210015,
              35.835462
            ]
          ],
          [
            [
              129.210015,
              35.835462
            ],
            [
              129.209519,
              35.835515
            ],
            [
              129.209622,
              35.836422
            ],
            [
              129.209336,
              35.836473
            ],
            [
              129.209332,
              35.836912
            ],
            [
              129.20933,
              35.837205
            ],
            [
              129.209313,
              35.837471
            ],
            [
              129.209312,
              35.837588
            ],
            [
              129.209309,
              35.837848
            ]
          ],
          [
            [
              129.209309,
              35.837848
            ],
            [
              129.209308,
              35.837922
            ],
            [
              129.209305,
              35.838129
            ],
            [
              129.209304,
              35.838241
            ],
            [
              129.209243,
              35.838366
            ],
            [
              129.209105,
              35.83865
            ],
            [
              129.209282,
              35.838724
            ],
            [
              129.209373,
              35.838763
            ],
            [
              129.209866,
              35.83897
            ],
            [
              129.209918,
              35.839525
            ],
            [
              129.2108,
              35.83975
            ],
            [
              129.210867,
              35.839573
            ],
            [
              129.211031,
              35.839117
            ],
            [
              129.211374,
              35.839272
            ],
            [
              129.211599,
              35.839418
            ],
            [
              129.211805,
              35.83949
            ],
            [
              129.212016,
              35.839486
            ],
            [
              129.212245,
              35.839408
            ],
            [
              129.212566,
              35.839276
            ],
            [
              129.212707,
              35.839201
            ],
            [
              129.212672,
              35.839073
            ],
            [
              129.212715,
              35.838961
            ],
            [
              129.212733,
              35.838913
            ],
            [
              129.212727,
              35.838861
            ],
            [
              129.212693,
              35.838814
            ],
            [
              129.212625,
              35.838755
            ],
            [
              129.212602,
              35.838691
            ],
            [
              129.212575,
              35.838638
            ],
            [
              129.212529,
              35.83861
            ],
            [
              129.212447,
              35.838566
            ],
            [
              129.212396,
              35.838526
            ],
            [
              129.212374,
              35.83848
            ],
            [
              129.212376,
              35.83843
            ],
            [
              129.212402,
              35.838385
            ],
            [
              129.212449,
              35.838353
            ],
            [
              129.212507,
              35.838337
            ],
            [
              129.212568,
              35.838342
            ],
            [
              129.212622,
              35.838366
            ],
            [
              129.21269,
              35.838382
            ],
            [
              129.212769,
              35.838381
            ],
            [
              129.212835,
              35.838374
            ],
            [
              129.212896,
              35.838352
            ],
            [
              129.212946,
              35.838315
            ],
            [
              129.21298,
              35.838268
            ],
            [
              129.213224,
              35.838296
            ],
            [
              129.213311,
              35.838307
            ]
          ],
          [
            [
              129.213311,
              35.838307
            ],
            [
              129.213474,
              35.838329
            ],
            [
              129.213465,
              35.838294
            ],
            [
              129.213502,
              35.838167
            ],
            [
              129.213628,
              35.837918
            ],
            [
              129.213628,
              35.837835
            ],
            [
              129.2137,
              35.837658
            ],
            [
              129.213722,
              35.837566
            ],
            [
              129.213872,
              35.837414
            ],
            [
              129.213969,
              35.837147
            ],
            [
              129.213921,
              35.836791
            ],
            [
              129.214004,
              35.836669
            ],
            [
              129.214194,
              35.836565
            ],
            [
              129.214721,
              35.835947
            ],
            [
              129.214783,
              35.83576
            ],
            [
              129.214828,
              35.835673
            ],
            [
              129.214936,
              35.835684
            ],
            [
              129.215167,
              35.835552
            ],
            [
              129.215243,
              35.835467
            ],
            [
              129.215578,
              35.835665
            ],
            [
              129.215646,
              35.835763
            ],
            [
              129.215696,
              35.835741
            ],
            [
              129.215768,
              35.835708
            ],
            [
              129.21591,
              35.835561
            ],
            [
              129.216007,
              35.835475
            ],
            [
              129.216318,
              35.835125
            ],
            [
              129.216592,
              35.834873
            ],
            [
              129.216692,
              35.834778
            ],
            [
              129.216801,
              35.83467
            ],
            [
              129.216925,
              35.83454
            ],
            [
              129.217034,
              35.83444
            ],
            [
              129.217152,
              35.834355
            ],
            [
              129.217302,
              35.834297
            ],
            [
              129.217467,
              35.834265
            ],
            [
              129.217691,
              35.834248
            ],
            [
              129.217957,
              35.834244
            ],
            [
              129.218362,
              35.834273
            ],
            [
              129.218538,
              35.834291
            ],
            [
              129.218589,
              35.834305
            ],
            [
              129.218637,
              35.834397
            ],
            [
              129.218749,
              35.834474
            ],
            [
              129.218744,
              35.834564
            ],
            [
              129.218708,
              35.83464
            ],
            [
              129.218734,
              35.834743
            ],
            [
              129.218783,
              35.834842
            ],
            [
              129.21891,
              35.834896
            ],
            [
              129.218995,
              35.834897
            ]
          ],
          [
            [
              129.218995,
              35.834897
            ],
            [
              129.21891,
              35.834896
            ],
            [
              129.218783,
              35.834842
            ],
            [
              129.218734,
              35.834743
            ],
            [
              129.218708,
              35.83464
            ],
            [
              129.218744,
              35.834564
            ],
            [
              129.218749,
              35.834474
            ],
            [
              129.218637,
              35.834397
            ],
            [
              129.218589,
              35.834305
            ],
            [
              129.218889,
              35.834336
            ],
            [
              129.219551,
              35.834383
            ],
            [
              129.219921,
              35.834421
            ],
            [
              129.220342,
              35.834015
            ],
            [
              129.220569,
              35.833914
            ],
            [
              129.220772,
              35.833853
            ],
            [
              129.22082,
              35.833788
            ],
            [
              129.220955,
              35.833595
            ],
            [
              129.221072,
              35.833369
            ],
            [
              129.221164,
              35.833208
            ],
            [
              129.221546,
              35.833334
            ],
            [
              129.221706,
              35.833374
            ],
            [
              129.221899,
              35.833417
            ],
            [
              129.221977,
              35.833427
            ],
            [
              129.222043,
              35.833426
            ],
            [
              129.222082,
              35.83341
            ],
            [
              129.222094,
              35.833357
            ],
            [
              129.222385,
              35.833431
            ],
            [
              129.222675,
              35.833497
            ],
            [
              129.222791,
              35.833537
            ],
            [
              129.223081,
              35.833652
            ],
            [
              129.22323,
              35.833675
            ],
            [
              129.223459,
              35.833706
            ],
            [
              129.223677,
              35.83377
            ],
            [
              129.22377,
              35.833779
            ],
            [
              129.223982,
              35.833768
            ],
            [
              129.224136,
              35.833809
            ],
            [
              129.224205,
              35.833849
            ],
            [
              129.224263,
              35.83391
            ],
            [
              129.224746,
              35.833874
            ],
            [
              129.224936,
              35.833864
            ],
            [
              129.225047,
              35.833926
            ],
            [
              129.225248,
              35.833804
            ],
            [
              129.225359,
              35.83374
            ],
            [
              129.225377,
              35.83376
            ],
            [
              129.225406,
              35.833795
            ],
            [
              129.225458,
              35.833857
            ],
            [
              129.225735,
              35.833702
            ],
            [
              129.226397,
              35.833328
            ],
            [
              129.226501,
              35.833273
            ],
            [
              129.226651,
              35.833295
            ],
            [
              129.226761,
              35.833305
            ],
            [
              129.226765,
              35.833382
            ],
            [
              129.226753,
              35.833478
            ],
            [
              129.226718,
              35.833515
            ],
            [
              129.226696,
              35.833742
            ],
            [
              129.226668,
              35.833842
            ],
            [
              129.226589,
              35.834039
            ],
            [
              129.22653,
              35.83443
            ],
            [
              129.226494,
              35.834431
            ],
            [
              129.226467,
              35.834696
            ]
          ],
          [
            [
              129.226467,
              35.834696
            ],
            [
              129.226494,
              35.834431
            ],
            [
              129.22653,
              35.83443
            ],
            [
              129.226589,
              35.834039
            ],
            [
              129.226668,
              35.833842
            ],
            [
              129.226696,
              35.833742
            ],
            [
              129.226718,
              35.833515
            ],
            [
              129.226753,
              35.833478
            ],
            [
              129.226765,
              35.833382
            ],
            [
              129.226761,
              35.833305
            ],
            [
              129.226651,
              35.833295
            ],
            [
              129.226501,
              35.833273
            ],
            [
              129.226397,
              35.833328
            ],
            [
              129.225735,
              35.833702
            ],
            [
              129.225458,
              35.833857
            ],
            [
              129.225406,
              35.833795
            ],
            [
              129.225377,
              35.83376
            ],
            [
              129.225359,
              35.83374
            ],
            [
              129.225248,
              35.833804
            ],
            [
              129.225047,
              35.833926
            ],
            [
              129.224562,
              35.834204
            ],
            [
              129.223436,
              35.834804
            ],
            [
              129.222296,
              35.835478
            ],
            [
              129.22196,
              35.835654
            ],
            [
              129.22192,
              35.835663
            ],
            [
              129.221619,
              35.835734
            ],
            [
              129.221397,
              35.835775
            ],
            [
              129.21846,
              35.835665
            ],
            [
              129.218465,
              35.835724
            ],
            [
              129.217837,
              35.835675
            ],
            [
              129.217392,
              35.835582
            ],
            [
              129.217175,
              35.835522
            ],
            [
              129.216761,
              35.835368
            ],
            [
              129.216318,
              35.835125
            ],
            [
              129.216029,
              35.834931
            ],
            [
              129.215903,
              35.834831
            ],
            [
              129.215856,
              35.834794
            ],
            [
              129.215747,
              35.834687
            ],
            [
              129.215738,
              35.834669
            ],
            [
              129.215482,
              35.834171
            ],
            [
              129.215177,
              35.834186
            ],
            [
              129.214985,
              35.834197
            ],
            [
              129.214834,
              35.834205
            ],
            [
              129.21473,
              35.833814
            ],
            [
              129.214683,
              35.833633
            ],
            [
              129.214626,
              35.833479
            ]
          ]
        ]
      },
      "properties": {
        "id": "gyeongju-hwangridan-123456",
        "region": "gyeongju",
        "themeId": "hwangridan",
        "title": "황리단길·대릉원 골목",
        "weekdays": [
          1,
          2,
          3,
          4,
          5,
          6
        ],
        "dayNames": [
          "월",
          "화",
          "수",
          "목",
          "금",
          "토"
        ],
        "status": "walking-geometry-checked",
        "issues": [],
        "stopIds": [
          "j3",
          "j103",
          "j95",
          "j38",
          "j142",
          "j4",
          "j1",
          "j2",
          "j42"
        ],
        "walkMeters": 5707,
        "walkMinutes": 76,
        "busCount": 0,
        "mealFallbacks": [
          {
            "placeId": "j42",
            "minutes": 20,
            "reason": "편도 15분 안의 평점 4.0 이상·요일 영업 대안을 아직 확인하지 못해 사용자가 허용한 30분 이내 예외를 적용했습니다.",
            "checkedOn": "2026-10-08",
            "alternativesChecked": [
              "소사이어티나귀(Google 4.5, 동궁과 월지에서 19분)",
              "반월성화덕피자(Google 4.1, 동궁과 월지에서 23분)",
              "경주원조콩국(저장 장소, 동궁과 월지에서 20분)"
            ]
          }
        ],
        "placeCountException": null,
        "routeProvider": "FOSSGIS OSRM foot / OpenStreetMap",
        "checkedOn": "2026-10-08"
      }
    },
    {
      "type": "Feature",
      "id": "gyeongju-wolseong-0",
      "geometry": {
        "type": "MultiLineString",
        "coordinates": [
          [
            [
              129.226467,
              35.834696
            ],
            [
              129.226494,
              35.834431
            ],
            [
              129.22653,
              35.83443
            ],
            [
              129.226589,
              35.834039
            ],
            [
              129.226668,
              35.833842
            ],
            [
              129.226696,
              35.833742
            ],
            [
              129.226718,
              35.833515
            ],
            [
              129.226753,
              35.833478
            ],
            [
              129.226765,
              35.833382
            ],
            [
              129.226761,
              35.833305
            ],
            [
              129.226651,
              35.833295
            ],
            [
              129.226501,
              35.833273
            ],
            [
              129.226397,
              35.833328
            ],
            [
              129.225735,
              35.833702
            ],
            [
              129.225458,
              35.833857
            ],
            [
              129.223868,
              35.834745
            ],
            [
              129.223666,
              35.834858
            ],
            [
              129.223062,
              35.835196
            ],
            [
              129.22253,
              35.835493
            ],
            [
              129.222434,
              35.835547
            ],
            [
              129.222017,
              35.835784
            ],
            [
              129.221878,
              35.835869
            ],
            [
              129.221644,
              35.836004
            ],
            [
              129.221487,
              35.836095
            ],
            [
              129.221279,
              35.836208
            ],
            [
              129.220151,
              35.836851
            ],
            [
              129.220113,
              35.836878
            ]
          ],
          [
            [
              129.220113,
              35.836878
            ],
            [
              129.219535,
              35.837278
            ],
            [
              129.219441,
              35.83723
            ],
            [
              129.21935,
              35.837187
            ],
            [
              129.219581,
              35.837002
            ],
            [
              129.219398,
              35.836414
            ],
            [
              129.219241,
              35.836394
            ],
            [
              129.218953,
              35.836371
            ],
            [
              129.218997,
              35.835755
            ],
            [
              129.218465,
              35.835724
            ],
            [
              129.21846,
              35.835665
            ],
            [
              129.218436,
              35.835341
            ],
            [
              129.218332,
              35.834933
            ],
            [
              129.218362,
              35.834273
            ],
            [
              129.218538,
              35.834291
            ],
            [
              129.218589,
              35.834305
            ],
            [
              129.218637,
              35.834397
            ],
            [
              129.218749,
              35.834474
            ],
            [
              129.218744,
              35.834564
            ],
            [
              129.218708,
              35.83464
            ],
            [
              129.218734,
              35.834743
            ],
            [
              129.218783,
              35.834842
            ],
            [
              129.21891,
              35.834896
            ],
            [
              129.218995,
              35.834897
            ]
          ],
          [
            [
              129.218995,
              35.834897
            ],
            [
              129.21891,
              35.834896
            ],
            [
              129.218783,
              35.834842
            ],
            [
              129.218734,
              35.834743
            ],
            [
              129.218708,
              35.83464
            ],
            [
              129.218744,
              35.834564
            ],
            [
              129.218749,
              35.834474
            ],
            [
              129.218637,
              35.834397
            ],
            [
              129.218589,
              35.834305
            ],
            [
              129.218538,
              35.834291
            ],
            [
              129.218362,
              35.834273
            ],
            [
              129.217957,
              35.834244
            ],
            [
              129.217691,
              35.834248
            ],
            [
              129.217467,
              35.834265
            ],
            [
              129.217302,
              35.834297
            ],
            [
              129.217152,
              35.834355
            ],
            [
              129.217034,
              35.83444
            ],
            [
              129.216925,
              35.83454
            ],
            [
              129.216801,
              35.83467
            ],
            [
              129.216692,
              35.834778
            ],
            [
              129.216592,
              35.834873
            ],
            [
              129.216318,
              35.835125
            ],
            [
              129.216007,
              35.835475
            ],
            [
              129.21591,
              35.835561
            ],
            [
              129.215768,
              35.835708
            ],
            [
              129.215696,
              35.835741
            ],
            [
              129.215646,
              35.835763
            ],
            [
              129.215578,
              35.835665
            ],
            [
              129.215243,
              35.835467
            ],
            [
              129.215038,
              35.835373
            ],
            [
              129.214956,
              35.83543
            ],
            [
              129.214664,
              35.835505
            ],
            [
              129.214305,
              35.835563
            ],
            [
              129.21403,
              35.835584
            ],
            [
              129.21337,
              35.835592
            ],
            [
              129.213371,
              35.835502
            ],
            [
              129.213122,
              35.835527
            ],
            [
              129.212925,
              35.835578
            ],
            [
              129.212783,
              35.835607
            ],
            [
              129.212585,
              35.835642
            ],
            [
              129.212582,
              35.835634
            ],
            [
              129.212573,
              35.835538
            ],
            [
              129.212602,
              35.835404
            ],
            [
              129.212607,
              35.835281
            ]
          ],
          [
            [
              129.212607,
              35.835281
            ],
            [
              129.21261,
              35.83521
            ],
            [
              129.212746,
              35.834606
            ],
            [
              129.212753,
              35.834402
            ],
            [
              129.212979,
              35.833832
            ],
            [
              129.213029,
              35.833705
            ],
            [
              129.213177,
              35.833228
            ],
            [
              129.213201,
              35.833151
            ],
            [
              129.213312,
              35.832767
            ],
            [
              129.213454,
              35.832277
            ],
            [
              129.21351,
              35.832072
            ],
            [
              129.213587,
              35.831759
            ],
            [
              129.213633,
              35.831589
            ],
            [
              129.213708,
              35.831472
            ],
            [
              129.213748,
              35.831381
            ],
            [
              129.213759,
              35.831283
            ],
            [
              129.213735,
              35.831207
            ],
            [
              129.213894,
              35.831126
            ],
            [
              129.214073,
              35.831062
            ],
            [
              129.214197,
              35.831047
            ],
            [
              129.214346,
              35.830408
            ],
            [
              129.214743,
              35.830482
            ],
            [
              129.214834,
              35.830172
            ],
            [
              129.214918,
              35.830184
            ],
            [
              129.215412,
              35.830265
            ],
            [
              129.21548,
              35.830261
            ],
            [
              129.215515,
              35.830221
            ],
            [
              129.215552,
              35.830048
            ],
            [
              129.215871,
              35.830158
            ],
            [
              129.216023,
              35.830208
            ],
            [
              129.216088,
              35.830103
            ],
            [
              129.216248,
              35.829754
            ],
            [
              129.216401,
              35.829785
            ],
            [
              129.216394,
              35.829586
            ],
            [
              129.216386,
              35.829091
            ],
            [
              129.216386,
              35.829041
            ],
            [
              129.21639,
              35.828961
            ],
            [
              129.216778,
              35.828973
            ],
            [
              129.217038,
              35.828956
            ],
            [
              129.217204,
              35.82894
            ],
            [
              129.217395,
              35.82891
            ],
            [
              129.217561,
              35.828884
            ],
            [
              129.217698,
              35.828856
            ],
            [
              129.217792,
              35.828821
            ],
            [
              129.217859,
              35.82878
            ],
            [
              129.217891,
              35.828758
            ],
            [
              129.21792,
              35.828738
            ],
            [
              129.217985,
              35.828714
            ],
            [
              129.218068,
              35.828708
            ],
            [
              129.21813,
              35.82871
            ],
            [
              129.218131,
              35.828789
            ],
            [
              129.218132,
              35.82893
            ],
            [
              129.218132,
              35.828944
            ],
            [
              129.218132,
              35.82895
            ],
            [
              129.218138,
              35.8293
            ]
          ],
          [
            [
              129.218138,
              35.8293
            ],
            [
              129.218132,
              35.82895
            ],
            [
              129.218132,
              35.828944
            ],
            [
              129.218132,
              35.82893
            ],
            [
              129.218131,
              35.828789
            ],
            [
              129.21813,
              35.82871
            ],
            [
              129.218068,
              35.828708
            ],
            [
              129.217985,
              35.828714
            ],
            [
              129.21792,
              35.828738
            ],
            [
              129.217891,
              35.828758
            ],
            [
              129.217859,
              35.82878
            ],
            [
              129.217792,
              35.828821
            ],
            [
              129.217698,
              35.828856
            ],
            [
              129.217561,
              35.828884
            ],
            [
              129.217395,
              35.82891
            ],
            [
              129.217204,
              35.82894
            ],
            [
              129.217038,
              35.828956
            ],
            [
              129.216778,
              35.828973
            ],
            [
              129.21639,
              35.828961
            ],
            [
              129.216386,
              35.829041
            ],
            [
              129.216386,
              35.829091
            ],
            [
              129.216394,
              35.829586
            ],
            [
              129.216401,
              35.829785
            ],
            [
              129.216248,
              35.829754
            ],
            [
              129.216088,
              35.830103
            ],
            [
              129.216023,
              35.830208
            ],
            [
              129.215871,
              35.830158
            ],
            [
              129.215552,
              35.830048
            ],
            [
              129.215072,
              35.82989
            ],
            [
              129.215019,
              35.829839
            ],
            [
              129.214933,
              35.829808
            ],
            [
              129.214661,
              35.82976
            ]
          ],
          [
            [
              129.214661,
              35.82976
            ],
            [
              129.214503,
              35.829732
            ],
            [
              129.214453,
              35.829946
            ],
            [
              129.214346,
              35.830408
            ],
            [
              129.214197,
              35.831047
            ],
            [
              129.214073,
              35.831062
            ],
            [
              129.213894,
              35.831126
            ],
            [
              129.213735,
              35.831207
            ],
            [
              129.213759,
              35.831283
            ],
            [
              129.213748,
              35.831381
            ],
            [
              129.213708,
              35.831472
            ],
            [
              129.213633,
              35.831589
            ],
            [
              129.213587,
              35.831759
            ],
            [
              129.21351,
              35.832072
            ],
            [
              129.213454,
              35.832277
            ],
            [
              129.213185,
              35.832209
            ],
            [
              129.213008,
              35.83222
            ],
            [
              129.21285,
              35.832237
            ],
            [
              129.212662,
              35.832268
            ],
            [
              129.212426,
              35.832329
            ],
            [
              129.212211,
              35.832398
            ],
            [
              129.211959,
              35.832481
            ],
            [
              129.211782,
              35.83257
            ],
            [
              129.21164,
              35.832613
            ],
            [
              129.211281,
              35.832679
            ],
            [
              129.21116,
              35.832709
            ],
            [
              129.211122,
              35.832764
            ],
            [
              129.211144,
              35.832864
            ],
            [
              129.211187,
              35.833077
            ],
            [
              129.210411,
              35.833049
            ],
            [
              129.209996,
              35.833033
            ]
          ]
        ]
      },
      "properties": {
        "id": "gyeongju-wolseong-0",
        "region": "gyeongju",
        "themeId": "wolseong",
        "title": "첨성대·교촌·월정교",
        "weekdays": [
          0
        ],
        "dayNames": [
          "일"
        ],
        "status": "walking-geometry-checked",
        "issues": [],
        "stopIds": [
          "j2",
          "j164",
          "j1",
          "j109",
          "j5",
          "j6",
          "j114"
        ],
        "walkMeters": 4675,
        "walkMinutes": 62,
        "busCount": 0,
        "mealFallbacks": [],
        "placeCountException": null,
        "routeProvider": "FOSSGIS OSRM foot / OpenStreetMap",
        "checkedOn": "2026-10-08"
      }
    },
    {
      "type": "Feature",
      "id": "gyeongju-wolseong-123456",
      "geometry": {
        "type": "MultiLineString",
        "coordinates": [
          [
            [
              129.226467,
              35.834696
            ],
            [
              129.226494,
              35.834431
            ],
            [
              129.22653,
              35.83443
            ],
            [
              129.226589,
              35.834039
            ],
            [
              129.226668,
              35.833842
            ],
            [
              129.226696,
              35.833742
            ],
            [
              129.226718,
              35.833515
            ],
            [
              129.226753,
              35.833478
            ],
            [
              129.226765,
              35.833382
            ],
            [
              129.226761,
              35.833305
            ],
            [
              129.226651,
              35.833295
            ],
            [
              129.226501,
              35.833273
            ],
            [
              129.226397,
              35.833328
            ],
            [
              129.225735,
              35.833702
            ],
            [
              129.225458,
              35.833857
            ],
            [
              129.223868,
              35.834745
            ],
            [
              129.223666,
              35.834858
            ],
            [
              129.223062,
              35.835196
            ],
            [
              129.22253,
              35.835493
            ],
            [
              129.222434,
              35.835547
            ],
            [
              129.222017,
              35.835784
            ],
            [
              129.221878,
              35.835869
            ],
            [
              129.221644,
              35.836004
            ],
            [
              129.221487,
              35.836095
            ],
            [
              129.221279,
              35.836208
            ],
            [
              129.220151,
              35.836851
            ],
            [
              129.220113,
              35.836878
            ]
          ],
          [
            [
              129.220113,
              35.836878
            ],
            [
              129.219535,
              35.837278
            ],
            [
              129.219441,
              35.83723
            ],
            [
              129.21935,
              35.837187
            ],
            [
              129.219581,
              35.837002
            ],
            [
              129.219398,
              35.836414
            ],
            [
              129.219241,
              35.836394
            ],
            [
              129.218953,
              35.836371
            ],
            [
              129.218997,
              35.835755
            ],
            [
              129.218465,
              35.835724
            ],
            [
              129.21846,
              35.835665
            ],
            [
              129.218436,
              35.835341
            ],
            [
              129.218332,
              35.834933
            ],
            [
              129.218362,
              35.834273
            ],
            [
              129.218538,
              35.834291
            ],
            [
              129.218589,
              35.834305
            ],
            [
              129.218637,
              35.834397
            ],
            [
              129.218749,
              35.834474
            ],
            [
              129.218744,
              35.834564
            ],
            [
              129.218708,
              35.83464
            ],
            [
              129.218734,
              35.834743
            ],
            [
              129.218783,
              35.834842
            ],
            [
              129.21891,
              35.834896
            ],
            [
              129.218995,
              35.834897
            ]
          ],
          [
            [
              129.218995,
              35.834897
            ],
            [
              129.21891,
              35.834896
            ],
            [
              129.218783,
              35.834842
            ],
            [
              129.218734,
              35.834743
            ],
            [
              129.218708,
              35.83464
            ],
            [
              129.218744,
              35.834564
            ],
            [
              129.218749,
              35.834474
            ],
            [
              129.218637,
              35.834397
            ],
            [
              129.218589,
              35.834305
            ],
            [
              129.218538,
              35.834291
            ],
            [
              129.218362,
              35.834273
            ],
            [
              129.217957,
              35.834244
            ],
            [
              129.217691,
              35.834248
            ],
            [
              129.217467,
              35.834265
            ],
            [
              129.217302,
              35.834297
            ],
            [
              129.217152,
              35.834355
            ],
            [
              129.217034,
              35.83444
            ],
            [
              129.216925,
              35.83454
            ],
            [
              129.216801,
              35.83467
            ],
            [
              129.216692,
              35.834778
            ],
            [
              129.216592,
              35.834873
            ],
            [
              129.216318,
              35.835125
            ],
            [
              129.216029,
              35.834931
            ],
            [
              129.215903,
              35.834831
            ],
            [
              129.215856,
              35.834794
            ],
            [
              129.215747,
              35.834687
            ],
            [
              129.215738,
              35.834669
            ],
            [
              129.215482,
              35.834171
            ],
            [
              129.215177,
              35.834186
            ],
            [
              129.214985,
              35.834197
            ],
            [
              129.214834,
              35.834205
            ],
            [
              129.21473,
              35.833814
            ],
            [
              129.214683,
              35.833633
            ],
            [
              129.214626,
              35.833479
            ]
          ],
          [
            [
              129.214626,
              35.833479
            ],
            [
              129.21461,
              35.833437
            ],
            [
              129.214525,
              35.833205
            ],
            [
              129.214415,
              35.833199
            ],
            [
              129.214183,
              35.832989
            ],
            [
              129.214166,
              35.832852
            ],
            [
              129.214161,
              35.832815
            ],
            [
              129.214097,
              35.832336
            ],
            [
              129.214086,
              35.832256
            ],
            [
              129.214082,
              35.832222
            ],
            [
              129.21406,
              35.831837
            ],
            [
              129.214072,
              35.831626
            ],
            [
              129.214148,
              35.831256
            ],
            [
              129.214197,
              35.831047
            ],
            [
              129.214346,
              35.830408
            ],
            [
              129.214743,
              35.830482
            ],
            [
              129.214834,
              35.830172
            ],
            [
              129.214918,
              35.830184
            ],
            [
              129.215412,
              35.830265
            ],
            [
              129.21548,
              35.830261
            ],
            [
              129.215515,
              35.830221
            ],
            [
              129.215552,
              35.830048
            ],
            [
              129.215871,
              35.830158
            ],
            [
              129.216023,
              35.830208
            ],
            [
              129.216088,
              35.830103
            ],
            [
              129.216248,
              35.829754
            ],
            [
              129.216401,
              35.829785
            ],
            [
              129.216394,
              35.829586
            ],
            [
              129.216386,
              35.829091
            ],
            [
              129.216386,
              35.829041
            ],
            [
              129.21639,
              35.828961
            ],
            [
              129.216778,
              35.828973
            ],
            [
              129.217038,
              35.828956
            ],
            [
              129.217204,
              35.82894
            ],
            [
              129.217395,
              35.82891
            ],
            [
              129.217561,
              35.828884
            ],
            [
              129.217698,
              35.828856
            ],
            [
              129.217792,
              35.828821
            ],
            [
              129.217859,
              35.82878
            ],
            [
              129.217891,
              35.828758
            ],
            [
              129.21792,
              35.828738
            ],
            [
              129.217985,
              35.828714
            ],
            [
              129.218068,
              35.828708
            ],
            [
              129.21813,
              35.82871
            ],
            [
              129.218131,
              35.828789
            ],
            [
              129.218132,
              35.82893
            ],
            [
              129.218132,
              35.828944
            ],
            [
              129.218132,
              35.82895
            ],
            [
              129.218138,
              35.8293
            ]
          ],
          [
            [
              129.218138,
              35.8293
            ],
            [
              129.218132,
              35.82895
            ],
            [
              129.218132,
              35.828944
            ],
            [
              129.218132,
              35.82893
            ],
            [
              129.218131,
              35.828789
            ],
            [
              129.21813,
              35.82871
            ],
            [
              129.218068,
              35.828708
            ],
            [
              129.217985,
              35.828714
            ],
            [
              129.21792,
              35.828738
            ],
            [
              129.217891,
              35.828758
            ],
            [
              129.217859,
              35.82878
            ],
            [
              129.217792,
              35.828821
            ],
            [
              129.217698,
              35.828856
            ],
            [
              129.217561,
              35.828884
            ],
            [
              129.217395,
              35.82891
            ],
            [
              129.217204,
              35.82894
            ],
            [
              129.217038,
              35.828956
            ],
            [
              129.216778,
              35.828973
            ],
            [
              129.21639,
              35.828961
            ],
            [
              129.216386,
              35.829041
            ],
            [
              129.216386,
              35.829091
            ],
            [
              129.216394,
              35.829586
            ],
            [
              129.216401,
              35.829785
            ],
            [
              129.216248,
              35.829754
            ],
            [
              129.216088,
              35.830103
            ],
            [
              129.216023,
              35.830208
            ],
            [
              129.215871,
              35.830158
            ],
            [
              129.215552,
              35.830048
            ],
            [
              129.215072,
              35.82989
            ],
            [
              129.215019,
              35.829839
            ],
            [
              129.214933,
              35.829808
            ],
            [
              129.214661,
              35.82976
            ]
          ],
          [
            [
              129.214661,
              35.82976
            ],
            [
              129.214503,
              35.829732
            ],
            [
              129.214453,
              35.829946
            ],
            [
              129.214346,
              35.830408
            ],
            [
              129.214197,
              35.831047
            ],
            [
              129.214073,
              35.831062
            ],
            [
              129.213894,
              35.831126
            ],
            [
              129.213735,
              35.831207
            ],
            [
              129.213759,
              35.831283
            ],
            [
              129.213748,
              35.831381
            ],
            [
              129.213708,
              35.831472
            ],
            [
              129.213633,
              35.831589
            ],
            [
              129.213587,
              35.831759
            ],
            [
              129.21351,
              35.832072
            ],
            [
              129.213454,
              35.832277
            ],
            [
              129.213185,
              35.832209
            ],
            [
              129.213008,
              35.83222
            ],
            [
              129.21285,
              35.832237
            ],
            [
              129.212662,
              35.832268
            ],
            [
              129.212426,
              35.832329
            ],
            [
              129.212211,
              35.832398
            ],
            [
              129.211959,
              35.832481
            ],
            [
              129.211782,
              35.83257
            ],
            [
              129.21164,
              35.832613
            ],
            [
              129.211281,
              35.832679
            ],
            [
              129.21116,
              35.832709
            ],
            [
              129.211122,
              35.832764
            ],
            [
              129.211144,
              35.832864
            ],
            [
              129.211187,
              35.833077
            ],
            [
              129.210411,
              35.833049
            ],
            [
              129.209996,
              35.833033
            ]
          ]
        ]
      },
      "properties": {
        "id": "gyeongju-wolseong-123456",
        "region": "gyeongju",
        "themeId": "wolseong",
        "title": "첨성대·교촌·월정교",
        "weekdays": [
          1,
          2,
          3,
          4,
          5,
          6
        ],
        "dayNames": [
          "월",
          "화",
          "수",
          "목",
          "금",
          "토"
        ],
        "status": "walking-geometry-checked",
        "issues": [],
        "stopIds": [
          "j2",
          "j164",
          "j1",
          "j42",
          "j5",
          "j6",
          "j114"
        ],
        "walkMeters": 4285,
        "walkMinutes": 57,
        "busCount": 0,
        "mealFallbacks": [],
        "placeCountException": null,
        "routeProvider": "FOSSGIS OSRM foot / OpenStreetMap",
        "checkedOn": "2026-10-08"
      }
    },
    {
      "type": "Feature",
      "id": "gyeongju-donggung-0",
      "geometry": {
        "type": "MultiLineString",
        "coordinates": [
          [
            [
              129.227964,
              35.829052
            ],
            [
              129.228329,
              35.82907
            ],
            [
              129.228283,
              35.829795
            ],
            [
              129.22789,
              35.829782
            ],
            [
              129.227877,
              35.830115
            ],
            [
              129.228173,
              35.830272
            ],
            [
              129.228376,
              35.830379
            ],
            [
              129.228372,
              35.830444
            ],
            [
              129.228417,
              35.830543
            ],
            [
              129.228388,
              35.830634
            ],
            [
              129.228469,
              35.830706
            ],
            [
              129.228689,
              35.830969
            ],
            [
              129.228946,
              35.83131
            ],
            [
              129.228906,
              35.831332
            ],
            [
              129.228869,
              35.831357
            ],
            [
              129.228936,
              35.831441
            ],
            [
              129.228943,
              35.831491
            ],
            [
              129.228924,
              35.831542
            ],
            [
              129.228712,
              35.831683
            ],
            [
              129.228758,
              35.831744
            ],
            [
              129.228788,
              35.831782
            ],
            [
              129.228815,
              35.831818
            ],
            [
              129.227002,
              35.832962
            ],
            [
              129.22684,
              35.833062
            ],
            [
              129.226571,
              35.833236
            ],
            [
              129.226501,
              35.833273
            ],
            [
              129.226651,
              35.833295
            ],
            [
              129.226761,
              35.833305
            ],
            [
              129.226765,
              35.833382
            ],
            [
              129.226753,
              35.833478
            ],
            [
              129.226718,
              35.833515
            ],
            [
              129.226696,
              35.833742
            ],
            [
              129.226668,
              35.833842
            ],
            [
              129.226589,
              35.834039
            ],
            [
              129.22653,
              35.83443
            ],
            [
              129.226494,
              35.834431
            ],
            [
              129.226467,
              35.834696
            ]
          ],
          [
            [
              129.226467,
              35.834696
            ],
            [
              129.226494,
              35.834431
            ],
            [
              129.22653,
              35.83443
            ],
            [
              129.226589,
              35.834039
            ],
            [
              129.226668,
              35.833842
            ],
            [
              129.226696,
              35.833742
            ],
            [
              129.226718,
              35.833515
            ],
            [
              129.226753,
              35.833478
            ],
            [
              129.226765,
              35.833382
            ],
            [
              129.226761,
              35.833305
            ],
            [
              129.227268,
              35.833336
            ],
            [
              129.227493,
              35.833339
            ],
            [
              129.227877,
              35.833343
            ],
            [
              129.229009,
              35.833325
            ],
            [
              129.229239,
              35.833321
            ],
            [
              129.229224,
              35.834312
            ],
            [
              129.229211,
              35.835139
            ],
            [
              129.229196,
              35.836082
            ],
            [
              129.229179,
              35.837204
            ],
            [
              129.229155,
              35.838861
            ],
            [
              129.229154,
              35.838914
            ],
            [
              129.22913,
              35.840113
            ],
            [
              129.22913,
              35.840231
            ],
            [
              129.229131,
              35.840616
            ],
            [
              129.229131,
              35.840828
            ],
            [
              129.229132,
              35.841389
            ],
            [
              129.229137,
              35.842318
            ],
            [
              129.22914,
              35.842674
            ],
            [
              129.22914,
              35.842689
            ],
            [
              129.229138,
              35.843004
            ]
          ],
          [
            [
              129.229138,
              35.843004
            ],
            [
              129.22914,
              35.842689
            ],
            [
              129.22914,
              35.842674
            ],
            [
              129.229137,
              35.842318
            ],
            [
              129.229132,
              35.841389
            ],
            [
              129.229514,
              35.841374
            ],
            [
              129.230018,
              35.841354
            ],
            [
              129.230167,
              35.841334
            ],
            [
              129.230382,
              35.841292
            ],
            [
              129.230515,
              35.841251
            ]
          ],
          [
            [
              129.230515,
              35.841251
            ],
            [
              129.230545,
              35.841241
            ],
            [
              129.230698,
              35.841192
            ],
            [
              129.231706,
              35.840864
            ],
            [
              129.23244,
              35.840657
            ],
            [
              129.232944,
              35.840394
            ],
            [
              129.233291,
              35.84029
            ],
            [
              129.233609,
              35.840267
            ],
            [
              129.233609,
              35.840313
            ],
            [
              129.233609,
              35.840399
            ],
            [
              129.233608,
              35.840478
            ],
            [
              129.233545,
              35.840477
            ],
            [
              129.233545,
              35.840567
            ]
          ],
          [
            [
              129.233545,
              35.840567
            ],
            [
              129.233545,
              35.840477
            ],
            [
              129.233608,
              35.840478
            ],
            [
              129.233609,
              35.840399
            ],
            [
              129.233609,
              35.840313
            ],
            [
              129.233609,
              35.840267
            ],
            [
              129.234875,
              35.840099
            ],
            [
              129.235763,
              35.839931
            ],
            [
              129.236472,
              35.839787
            ],
            [
              129.236569,
              35.839768
            ],
            [
              129.237875,
              35.839519
            ],
            [
              129.238088,
              35.839485
            ],
            [
              129.238193,
              35.839638
            ],
            [
              129.2384,
              35.83977
            ],
            [
              129.238622,
              35.839818
            ],
            [
              129.238749,
              35.839774
            ]
          ],
          [
            [
              129.238749,
              35.839774
            ],
            [
              129.238622,
              35.839818
            ],
            [
              129.2384,
              35.83977
            ],
            [
              129.238193,
              35.839638
            ],
            [
              129.238088,
              35.839485
            ],
            [
              129.237875,
              35.839519
            ],
            [
              129.236569,
              35.839768
            ],
            [
              129.236548,
              35.840658
            ],
            [
              129.236532,
              35.841377
            ],
            [
              129.236484,
              35.841392
            ],
            [
              129.23503,
              35.841856
            ],
            [
              129.234236,
              35.842084
            ],
            [
              129.233924,
              35.842199
            ],
            [
              129.233658,
              35.842172
            ],
            [
              129.233334,
              35.842085
            ],
            [
              129.233233,
              35.841928
            ],
            [
              129.23191,
              35.842178
            ]
          ]
        ]
      },
      "properties": {
        "id": "gyeongju-donggung-0",
        "region": "gyeongju",
        "themeId": "donggung",
        "title": "동궁과 월지·동쪽 유적",
        "weekdays": [
          0
        ],
        "dayNames": [
          "일"
        ],
        "status": "walking-geometry-checked",
        "issues": [],
        "stopIds": [
          "j7",
          "j2",
          "j178",
          "j130",
          "j8",
          "j69",
          "j177"
        ],
        "walkMeters": 4365,
        "walkMinutes": 58,
        "busCount": 0,
        "mealFallbacks": [
          {
            "placeId": "j178",
            "minutes": 19,
            "reason": "편도 15분 안의 평점 4.0 이상·요일 영업 대안을 아직 확인하지 못해 사용자가 허용한 30분 이내 예외를 적용했습니다.",
            "checkedOn": "2026-10-08",
            "alternativesChecked": [
              "소사이어티나귀(Google 4.5, 동궁과 월지에서 19분)",
              "반월성화덕피자(Google 4.1, 동궁과 월지에서 23분)",
              "경주원조콩국(저장 장소, 동궁과 월지에서 20분)"
            ]
          }
        ],
        "placeCountException": null,
        "routeProvider": "FOSSGIS OSRM foot / OpenStreetMap",
        "checkedOn": "2026-10-08"
      }
    },
    {
      "type": "Feature",
      "id": "gyeongju-donggung-1",
      "geometry": {
        "type": "MultiLineString",
        "coordinates": [
          [
            [
              129.227964,
              35.829052
            ],
            [
              129.228329,
              35.82907
            ],
            [
              129.228283,
              35.829795
            ],
            [
              129.22789,
              35.829782
            ],
            [
              129.227877,
              35.830115
            ],
            [
              129.228173,
              35.830272
            ],
            [
              129.228376,
              35.830379
            ],
            [
              129.228372,
              35.830444
            ],
            [
              129.228417,
              35.830543
            ],
            [
              129.228388,
              35.830634
            ],
            [
              129.228469,
              35.830706
            ],
            [
              129.228689,
              35.830969
            ],
            [
              129.228946,
              35.83131
            ],
            [
              129.228906,
              35.831332
            ],
            [
              129.228869,
              35.831357
            ],
            [
              129.228936,
              35.831441
            ],
            [
              129.228943,
              35.831491
            ],
            [
              129.228924,
              35.831542
            ],
            [
              129.228712,
              35.831683
            ],
            [
              129.228758,
              35.831744
            ],
            [
              129.228788,
              35.831782
            ],
            [
              129.228815,
              35.831818
            ],
            [
              129.227002,
              35.832962
            ],
            [
              129.22684,
              35.833062
            ],
            [
              129.226571,
              35.833236
            ],
            [
              129.226501,
              35.833273
            ],
            [
              129.226651,
              35.833295
            ],
            [
              129.226761,
              35.833305
            ],
            [
              129.226765,
              35.833382
            ],
            [
              129.226753,
              35.833478
            ],
            [
              129.226718,
              35.833515
            ],
            [
              129.226696,
              35.833742
            ],
            [
              129.226668,
              35.833842
            ],
            [
              129.226589,
              35.834039
            ],
            [
              129.22653,
              35.83443
            ],
            [
              129.226494,
              35.834431
            ],
            [
              129.226467,
              35.834696
            ]
          ],
          [
            [
              129.226467,
              35.834696
            ],
            [
              129.226494,
              35.834431
            ],
            [
              129.22653,
              35.83443
            ],
            [
              129.226589,
              35.834039
            ],
            [
              129.226668,
              35.833842
            ],
            [
              129.226696,
              35.833742
            ],
            [
              129.226718,
              35.833515
            ],
            [
              129.226753,
              35.833478
            ],
            [
              129.226765,
              35.833382
            ],
            [
              129.226761,
              35.833305
            ],
            [
              129.227268,
              35.833336
            ],
            [
              129.227493,
              35.833339
            ],
            [
              129.227877,
              35.833343
            ],
            [
              129.229009,
              35.833325
            ],
            [
              129.229239,
              35.833321
            ],
            [
              129.229224,
              35.834312
            ],
            [
              129.229211,
              35.835139
            ],
            [
              129.229196,
              35.836082
            ],
            [
              129.229179,
              35.837204
            ],
            [
              129.229155,
              35.838861
            ],
            [
              129.229154,
              35.838914
            ],
            [
              129.22913,
              35.840113
            ],
            [
              129.22913,
              35.840231
            ],
            [
              129.229131,
              35.840616
            ],
            [
              129.229131,
              35.840828
            ],
            [
              129.229132,
              35.841389
            ],
            [
              129.229137,
              35.842318
            ],
            [
              129.22914,
              35.842674
            ],
            [
              129.22914,
              35.842689
            ],
            [
              129.229138,
              35.843004
            ]
          ],
          [
            [
              129.229138,
              35.843004
            ],
            [
              129.22914,
              35.842689
            ],
            [
              129.22914,
              35.842674
            ],
            [
              129.229137,
              35.842318
            ],
            [
              129.229132,
              35.841389
            ],
            [
              129.229514,
              35.841374
            ],
            [
              129.230018,
              35.841354
            ],
            [
              129.230167,
              35.841334
            ],
            [
              129.230382,
              35.841292
            ],
            [
              129.230545,
              35.841241
            ],
            [
              129.230698,
              35.841192
            ],
            [
              129.231706,
              35.840864
            ],
            [
              129.23244,
              35.840657
            ],
            [
              129.232944,
              35.840394
            ],
            [
              129.233291,
              35.84029
            ],
            [
              129.233609,
              35.840267
            ],
            [
              129.233609,
              35.840313
            ],
            [
              129.233609,
              35.840399
            ],
            [
              129.233608,
              35.840478
            ],
            [
              129.233545,
              35.840477
            ],
            [
              129.233545,
              35.840567
            ]
          ],
          [
            [
              129.233545,
              35.840567
            ],
            [
              129.233545,
              35.840477
            ],
            [
              129.233608,
              35.840478
            ],
            [
              129.233609,
              35.840399
            ],
            [
              129.233609,
              35.840313
            ],
            [
              129.233609,
              35.840267
            ],
            [
              129.234875,
              35.840099
            ],
            [
              129.235763,
              35.839931
            ],
            [
              129.236472,
              35.839787
            ],
            [
              129.236569,
              35.839768
            ],
            [
              129.237875,
              35.839519
            ],
            [
              129.238088,
              35.839485
            ],
            [
              129.238193,
              35.839638
            ],
            [
              129.2384,
              35.83977
            ],
            [
              129.238622,
              35.839818
            ],
            [
              129.238749,
              35.839774
            ]
          ],
          [
            [
              129.238749,
              35.839774
            ],
            [
              129.238622,
              35.839818
            ],
            [
              129.2384,
              35.83977
            ],
            [
              129.238193,
              35.839638
            ],
            [
              129.238088,
              35.839485
            ],
            [
              129.237875,
              35.839519
            ],
            [
              129.236569,
              35.839768
            ],
            [
              129.236548,
              35.840658
            ],
            [
              129.236532,
              35.841377
            ],
            [
              129.236484,
              35.841392
            ],
            [
              129.23503,
              35.841856
            ],
            [
              129.234236,
              35.842084
            ],
            [
              129.233924,
              35.842199
            ],
            [
              129.233658,
              35.842172
            ],
            [
              129.233334,
              35.842085
            ],
            [
              129.233233,
              35.841928
            ],
            [
              129.23191,
              35.842178
            ]
          ]
        ]
      },
      "properties": {
        "id": "gyeongju-donggung-1",
        "region": "gyeongju",
        "themeId": "donggung",
        "title": "동궁과 월지·동쪽 유적",
        "weekdays": [
          1
        ],
        "dayNames": [
          "월"
        ],
        "status": "walking-geometry-checked",
        "issues": [],
        "stopIds": [
          "j7",
          "j2",
          "j178",
          "j8",
          "j69",
          "j177"
        ],
        "walkMeters": 4364,
        "walkMinutes": 58,
        "busCount": 0,
        "mealFallbacks": [
          {
            "placeId": "j178",
            "minutes": 19,
            "reason": "편도 15분 안의 평점 4.0 이상·요일 영업 대안을 아직 확인하지 못해 사용자가 허용한 30분 이내 예외를 적용했습니다.",
            "checkedOn": "2026-10-08",
            "alternativesChecked": [
              "소사이어티나귀(Google 4.5, 동궁과 월지에서 19분)",
              "반월성화덕피자(Google 4.1, 동궁과 월지에서 23분)",
              "경주원조콩국(저장 장소, 동궁과 월지에서 20분)"
            ]
          }
        ],
        "placeCountException": null,
        "routeProvider": "FOSSGIS OSRM foot / OpenStreetMap",
        "checkedOn": "2026-10-08"
      }
    },
    {
      "type": "Feature",
      "id": "gyeongju-donggung-2456",
      "geometry": {
        "type": "MultiLineString",
        "coordinates": [
          [
            [
              129.227964,
              35.829052
            ],
            [
              129.228329,
              35.82907
            ],
            [
              129.228283,
              35.829795
            ],
            [
              129.22789,
              35.829782
            ],
            [
              129.227877,
              35.830115
            ],
            [
              129.228173,
              35.830272
            ],
            [
              129.228376,
              35.830379
            ],
            [
              129.228372,
              35.830444
            ],
            [
              129.228417,
              35.830543
            ],
            [
              129.228388,
              35.830634
            ],
            [
              129.228469,
              35.830706
            ],
            [
              129.228689,
              35.830969
            ],
            [
              129.228946,
              35.83131
            ],
            [
              129.228906,
              35.831332
            ],
            [
              129.228869,
              35.831357
            ],
            [
              129.228936,
              35.831441
            ],
            [
              129.228943,
              35.831491
            ],
            [
              129.228924,
              35.831542
            ],
            [
              129.228712,
              35.831683
            ],
            [
              129.228758,
              35.831744
            ],
            [
              129.228788,
              35.831782
            ],
            [
              129.228815,
              35.831818
            ],
            [
              129.227002,
              35.832962
            ],
            [
              129.22684,
              35.833062
            ],
            [
              129.226571,
              35.833236
            ],
            [
              129.226501,
              35.833273
            ],
            [
              129.226651,
              35.833295
            ],
            [
              129.226761,
              35.833305
            ],
            [
              129.226765,
              35.833382
            ],
            [
              129.226753,
              35.833478
            ],
            [
              129.226718,
              35.833515
            ],
            [
              129.226696,
              35.833742
            ],
            [
              129.226668,
              35.833842
            ],
            [
              129.226589,
              35.834039
            ],
            [
              129.22653,
              35.83443
            ],
            [
              129.226494,
              35.834431
            ],
            [
              129.226467,
              35.834696
            ]
          ],
          [
            [
              129.226467,
              35.834696
            ],
            [
              129.226494,
              35.834431
            ],
            [
              129.22653,
              35.83443
            ],
            [
              129.226589,
              35.834039
            ],
            [
              129.226668,
              35.833842
            ],
            [
              129.226696,
              35.833742
            ],
            [
              129.226718,
              35.833515
            ],
            [
              129.226753,
              35.833478
            ],
            [
              129.226765,
              35.833382
            ],
            [
              129.226761,
              35.833305
            ],
            [
              129.227268,
              35.833336
            ],
            [
              129.227493,
              35.833339
            ],
            [
              129.227877,
              35.833343
            ],
            [
              129.229009,
              35.833325
            ],
            [
              129.229239,
              35.833321
            ],
            [
              129.229224,
              35.834312
            ],
            [
              129.229211,
              35.835139
            ],
            [
              129.229196,
              35.836082
            ],
            [
              129.229179,
              35.837204
            ],
            [
              129.229155,
              35.838861
            ],
            [
              129.229154,
              35.838914
            ],
            [
              129.22913,
              35.840113
            ],
            [
              129.22913,
              35.840231
            ],
            [
              129.229131,
              35.840616
            ],
            [
              129.229131,
              35.840828
            ],
            [
              129.229132,
              35.841389
            ],
            [
              129.229137,
              35.842318
            ],
            [
              129.22914,
              35.842674
            ],
            [
              129.22914,
              35.842689
            ],
            [
              129.229138,
              35.843004
            ]
          ],
          [
            [
              129.229138,
              35.843004
            ],
            [
              129.22914,
              35.842689
            ],
            [
              129.22914,
              35.842674
            ],
            [
              129.229137,
              35.842318
            ],
            [
              129.229132,
              35.841389
            ],
            [
              129.229514,
              35.841374
            ],
            [
              129.230018,
              35.841354
            ],
            [
              129.230167,
              35.841334
            ],
            [
              129.230382,
              35.841292
            ],
            [
              129.230515,
              35.841251
            ]
          ],
          [
            [
              129.230515,
              35.841251
            ],
            [
              129.230545,
              35.841241
            ],
            [
              129.230698,
              35.841192
            ],
            [
              129.231706,
              35.840864
            ],
            [
              129.23244,
              35.840657
            ],
            [
              129.232944,
              35.840394
            ],
            [
              129.233291,
              35.84029
            ],
            [
              129.233609,
              35.840267
            ],
            [
              129.233609,
              35.840313
            ],
            [
              129.233609,
              35.840399
            ],
            [
              129.233608,
              35.840478
            ],
            [
              129.233545,
              35.840477
            ],
            [
              129.233545,
              35.840567
            ]
          ],
          [
            [
              129.233545,
              35.840567
            ],
            [
              129.233545,
              35.840477
            ],
            [
              129.233608,
              35.840478
            ],
            [
              129.233609,
              35.840399
            ],
            [
              129.233609,
              35.840313
            ],
            [
              129.233609,
              35.840267
            ],
            [
              129.234875,
              35.840099
            ],
            [
              129.235763,
              35.839931
            ],
            [
              129.236472,
              35.839787
            ],
            [
              129.236569,
              35.839768
            ],
            [
              129.237875,
              35.839519
            ],
            [
              129.238088,
              35.839485
            ],
            [
              129.238193,
              35.839638
            ],
            [
              129.2384,
              35.83977
            ],
            [
              129.238622,
              35.839818
            ],
            [
              129.238749,
              35.839774
            ]
          ],
          [
            [
              129.238749,
              35.839774
            ],
            [
              129.238622,
              35.839818
            ],
            [
              129.2384,
              35.83977
            ],
            [
              129.238193,
              35.839638
            ],
            [
              129.238088,
              35.839485
            ],
            [
              129.237875,
              35.839519
            ],
            [
              129.236569,
              35.839768
            ],
            [
              129.236548,
              35.840658
            ],
            [
              129.236532,
              35.841377
            ],
            [
              129.236484,
              35.841392
            ],
            [
              129.23503,
              35.841856
            ],
            [
              129.234236,
              35.842084
            ],
            [
              129.233924,
              35.842199
            ],
            [
              129.233658,
              35.842172
            ],
            [
              129.233334,
              35.842085
            ],
            [
              129.233233,
              35.841928
            ],
            [
              129.23191,
              35.842178
            ]
          ]
        ]
      },
      "properties": {
        "id": "gyeongju-donggung-2456",
        "region": "gyeongju",
        "themeId": "donggung",
        "title": "동궁과 월지·동쪽 유적",
        "weekdays": [
          2,
          4,
          5,
          6
        ],
        "dayNames": [
          "화",
          "목",
          "금",
          "토"
        ],
        "status": "walking-geometry-checked",
        "issues": [],
        "stopIds": [
          "j7",
          "j2",
          "j178",
          "j130",
          "j8",
          "j69",
          "j177"
        ],
        "walkMeters": 4365,
        "walkMinutes": 58,
        "busCount": 0,
        "mealFallbacks": [
          {
            "placeId": "j178",
            "minutes": 19,
            "reason": "편도 15분 안의 평점 4.0 이상·요일 영업 대안을 아직 확인하지 못해 사용자가 허용한 30분 이내 예외를 적용했습니다.",
            "checkedOn": "2026-10-08",
            "alternativesChecked": [
              "소사이어티나귀(Google 4.5, 동궁과 월지에서 19분)",
              "반월성화덕피자(Google 4.1, 동궁과 월지에서 23분)",
              "경주원조콩국(저장 장소, 동궁과 월지에서 20분)"
            ]
          }
        ],
        "placeCountException": null,
        "routeProvider": "FOSSGIS OSRM foot / OpenStreetMap",
        "checkedOn": "2026-10-08"
      }
    },
    {
      "type": "Feature",
      "id": "gyeongju-donggung-3",
      "geometry": {
        "type": "MultiLineString",
        "coordinates": [
          [
            [
              129.227964,
              35.829052
            ],
            [
              129.228329,
              35.82907
            ],
            [
              129.228283,
              35.829795
            ],
            [
              129.22789,
              35.829782
            ],
            [
              129.227877,
              35.830115
            ],
            [
              129.228173,
              35.830272
            ],
            [
              129.228376,
              35.830379
            ],
            [
              129.228372,
              35.830444
            ],
            [
              129.228417,
              35.830543
            ],
            [
              129.228388,
              35.830634
            ],
            [
              129.228469,
              35.830706
            ],
            [
              129.228689,
              35.830969
            ],
            [
              129.228946,
              35.83131
            ],
            [
              129.228906,
              35.831332
            ],
            [
              129.228869,
              35.831357
            ],
            [
              129.228936,
              35.831441
            ],
            [
              129.228943,
              35.831491
            ],
            [
              129.228924,
              35.831542
            ],
            [
              129.228712,
              35.831683
            ],
            [
              129.228758,
              35.831744
            ],
            [
              129.228788,
              35.831782
            ],
            [
              129.228815,
              35.831818
            ],
            [
              129.227002,
              35.832962
            ],
            [
              129.22684,
              35.833062
            ],
            [
              129.226571,
              35.833236
            ],
            [
              129.226501,
              35.833273
            ],
            [
              129.226651,
              35.833295
            ],
            [
              129.226761,
              35.833305
            ],
            [
              129.226765,
              35.833382
            ],
            [
              129.226753,
              35.833478
            ],
            [
              129.226718,
              35.833515
            ],
            [
              129.226696,
              35.833742
            ],
            [
              129.226668,
              35.833842
            ],
            [
              129.226589,
              35.834039
            ],
            [
              129.22653,
              35.83443
            ],
            [
              129.226494,
              35.834431
            ],
            [
              129.226467,
              35.834696
            ]
          ],
          [
            [
              129.226467,
              35.834696
            ],
            [
              129.226494,
              35.834431
            ],
            [
              129.22653,
              35.83443
            ],
            [
              129.226589,
              35.834039
            ],
            [
              129.226668,
              35.833842
            ],
            [
              129.226696,
              35.833742
            ],
            [
              129.226718,
              35.833515
            ],
            [
              129.226753,
              35.833478
            ],
            [
              129.226765,
              35.833382
            ],
            [
              129.226761,
              35.833305
            ],
            [
              129.227268,
              35.833336
            ],
            [
              129.227493,
              35.833339
            ],
            [
              129.227877,
              35.833343
            ],
            [
              129.229009,
              35.833325
            ],
            [
              129.229239,
              35.833321
            ],
            [
              129.229224,
              35.834312
            ],
            [
              129.229211,
              35.835139
            ],
            [
              129.229196,
              35.836082
            ],
            [
              129.229179,
              35.837204
            ],
            [
              129.229155,
              35.838861
            ],
            [
              129.229154,
              35.838914
            ],
            [
              129.22913,
              35.840113
            ],
            [
              129.22913,
              35.840231
            ],
            [
              129.229266,
              35.840165
            ],
            [
              129.230279,
              35.840118
            ],
            [
              129.230663,
              35.840149
            ],
            [
              129.230663,
              35.840134
            ],
            [
              129.23099,
              35.84015
            ],
            [
              129.231419,
              35.840152
            ],
            [
              129.231969,
              35.84013
            ],
            [
              129.232018,
              35.84015
            ],
            [
              129.232182,
              35.840295
            ],
            [
              129.232248,
              35.840388
            ]
          ],
          [
            [
              129.232248,
              35.840388
            ],
            [
              129.232324,
              35.840494
            ],
            [
              129.23236,
              35.840545
            ],
            [
              129.23244,
              35.840657
            ],
            [
              129.231706,
              35.840864
            ],
            [
              129.230698,
              35.841192
            ],
            [
              129.230545,
              35.841241
            ],
            [
              129.230515,
              35.841251
            ]
          ],
          [
            [
              129.230515,
              35.841251
            ],
            [
              129.230545,
              35.841241
            ],
            [
              129.230698,
              35.841192
            ],
            [
              129.231706,
              35.840864
            ],
            [
              129.23244,
              35.840657
            ],
            [
              129.232944,
              35.840394
            ],
            [
              129.233291,
              35.84029
            ],
            [
              129.233609,
              35.840267
            ],
            [
              129.233609,
              35.840313
            ],
            [
              129.233609,
              35.840399
            ],
            [
              129.233608,
              35.840478
            ],
            [
              129.233545,
              35.840477
            ],
            [
              129.233545,
              35.840567
            ]
          ],
          [
            [
              129.233545,
              35.840567
            ],
            [
              129.233545,
              35.840477
            ],
            [
              129.233608,
              35.840478
            ],
            [
              129.233609,
              35.840399
            ],
            [
              129.233609,
              35.840313
            ],
            [
              129.233609,
              35.840267
            ],
            [
              129.234875,
              35.840099
            ],
            [
              129.235763,
              35.839931
            ],
            [
              129.236472,
              35.839787
            ],
            [
              129.236569,
              35.839768
            ],
            [
              129.237875,
              35.839519
            ],
            [
              129.238088,
              35.839485
            ],
            [
              129.238193,
              35.839638
            ],
            [
              129.2384,
              35.83977
            ],
            [
              129.238622,
              35.839818
            ],
            [
              129.238749,
              35.839774
            ]
          ],
          [
            [
              129.238749,
              35.839774
            ],
            [
              129.238942,
              35.839707
            ],
            [
              129.239361,
              35.839732
            ],
            [
              129.23953,
              35.839698
            ],
            [
              129.239593,
              35.83967
            ],
            [
              129.239741,
              35.839561
            ],
            [
              129.239882,
              35.839404
            ],
            [
              129.240146,
              35.8394
            ],
            [
              129.240924,
              35.839388
            ],
            [
              129.241632,
              35.839375
            ],
            [
              129.24237,
              35.839388
            ],
            [
              129.24289,
              35.839425
            ],
            [
              129.243043,
              35.839437
            ],
            [
              129.243548,
              35.839477
            ],
            [
              129.244092,
              35.83955
            ],
            [
              129.2445,
              35.839612
            ],
            [
              129.245406,
              35.839747
            ],
            [
              129.246066,
              35.83986
            ],
            [
              129.246565,
              35.839982
            ],
            [
              129.246778,
              35.840042
            ],
            [
              129.247321,
              35.840195
            ],
            [
              129.247496,
              35.840257
            ],
            [
              129.247675,
              35.84033
            ],
            [
              129.248748,
              35.840834
            ],
            [
              129.249186,
              35.841034
            ],
            [
              129.249301,
              35.841086
            ],
            [
              129.249631,
              35.841232
            ],
            [
              129.249932,
              35.841364
            ],
            [
              129.250275,
              35.841516
            ],
            [
              129.250498,
              35.841614
            ],
            [
              129.251274,
              35.841939
            ],
            [
              129.25199,
              35.842242
            ]
          ]
        ]
      },
      "properties": {
        "id": "gyeongju-donggung-3",
        "region": "gyeongju",
        "themeId": "donggung",
        "title": "동궁과 월지·동쪽 유적",
        "weekdays": [
          3
        ],
        "dayNames": [
          "수"
        ],
        "status": "walking-geometry-checked",
        "issues": [],
        "stopIds": [
          "j7",
          "j2",
          "j179",
          "j130",
          "j8",
          "j69",
          "j43"
        ],
        "walkMeters": 4707,
        "walkMinutes": 63,
        "busCount": 0,
        "mealFallbacks": [
          {
            "placeId": "j179",
            "minutes": 19,
            "reason": "편도 15분 안의 평점 4.0 이상·요일 영업 대안을 아직 확인하지 못해 사용자가 허용한 30분 이내 예외를 적용했습니다.",
            "checkedOn": "2026-10-08",
            "alternativesChecked": [
              "소사이어티나귀(Google 4.5, 동궁과 월지에서 19분)",
              "반월성화덕피자(Google 4.1, 동궁과 월지에서 23분)",
              "경주원조콩국(저장 장소, 동궁과 월지에서 20분)"
            ]
          },
          {
            "placeId": "j43",
            "minutes": 17,
            "reason": "편도 15분 안의 평점 4.0 이상·요일 영업 대안을 아직 확인하지 못해 사용자가 허용한 30분 이내 예외를 적용했습니다.",
            "checkedOn": "2026-10-08",
            "alternativesChecked": [
              "소사이어티나귀(Google 4.5, 동궁과 월지에서 19분)",
              "반월성화덕피자(Google 4.1, 동궁과 월지에서 23분)",
              "경주원조콩국(저장 장소, 동궁과 월지에서 20분)"
            ]
          }
        ],
        "placeCountException": null,
        "routeProvider": "FOSSGIS OSRM foot / OpenStreetMap",
        "checkedOn": "2026-10-08"
      }
    },
    {
      "type": "Feature",
      "id": "gyeongju-bunhwang-0",
      "geometry": {
        "type": "MultiLineString",
        "coordinates": [
          [
            [
              129.229138,
              35.843004
            ],
            [
              129.22914,
              35.842689
            ],
            [
              129.22914,
              35.842674
            ],
            [
              129.229137,
              35.842318
            ],
            [
              129.229132,
              35.841389
            ],
            [
              129.229514,
              35.841374
            ],
            [
              129.230018,
              35.841354
            ],
            [
              129.230167,
              35.841334
            ],
            [
              129.230382,
              35.841292
            ],
            [
              129.230545,
              35.841241
            ],
            [
              129.230698,
              35.841192
            ],
            [
              129.231706,
              35.840864
            ],
            [
              129.23244,
              35.840657
            ],
            [
              129.232944,
              35.840394
            ],
            [
              129.233291,
              35.84029
            ],
            [
              129.233609,
              35.840267
            ],
            [
              129.233609,
              35.840313
            ],
            [
              129.233609,
              35.840399
            ],
            [
              129.233608,
              35.840478
            ],
            [
              129.233545,
              35.840477
            ],
            [
              129.233545,
              35.840567
            ]
          ],
          [
            [
              129.233545,
              35.840567
            ],
            [
              129.233545,
              35.840477
            ],
            [
              129.233608,
              35.840478
            ],
            [
              129.233609,
              35.840399
            ],
            [
              129.233609,
              35.840313
            ],
            [
              129.233609,
              35.840267
            ],
            [
              129.234875,
              35.840099
            ],
            [
              129.235763,
              35.839931
            ],
            [
              129.236472,
              35.839787
            ],
            [
              129.236569,
              35.839768
            ],
            [
              129.237875,
              35.839519
            ],
            [
              129.238088,
              35.839485
            ],
            [
              129.238193,
              35.839638
            ],
            [
              129.2384,
              35.83977
            ],
            [
              129.238622,
              35.839818
            ],
            [
              129.238749,
              35.839774
            ]
          ],
          [
            [
              129.238749,
              35.839774
            ],
            [
              129.238622,
              35.839818
            ],
            [
              129.2384,
              35.83977
            ],
            [
              129.238193,
              35.839638
            ],
            [
              129.238088,
              35.839485
            ],
            [
              129.237875,
              35.839519
            ],
            [
              129.236569,
              35.839768
            ],
            [
              129.236548,
              35.840658
            ],
            [
              129.236532,
              35.841377
            ],
            [
              129.236529,
              35.841542
            ],
            [
              129.236527,
              35.84168
            ],
            [
              129.236526,
              35.841764
            ],
            [
              129.236518,
              35.842347
            ],
            [
              129.236504,
              35.843359
            ],
            [
              129.236504,
              35.84339
            ],
            [
              129.236558,
              35.843426
            ],
            [
              129.236602,
              35.843442
            ],
            [
              129.236649,
              35.843441
            ],
            [
              129.236845,
              35.843429
            ],
            [
              129.236957,
              35.84337
            ],
            [
              129.237053,
              35.843336
            ],
            [
              129.237313,
              35.843254
            ],
            [
              129.237414,
              35.843221
            ],
            [
              129.237536,
              35.843176
            ],
            [
              129.237789,
              35.843083
            ],
            [
              129.237869,
              35.843201
            ],
            [
              129.238079,
              35.843507
            ]
          ],
          [
            [
              129.238079,
              35.843507
            ],
            [
              129.237869,
              35.843201
            ],
            [
              129.237789,
              35.843083
            ],
            [
              129.237536,
              35.843176
            ],
            [
              129.237414,
              35.843221
            ],
            [
              129.237313,
              35.843254
            ],
            [
              129.237053,
              35.843336
            ],
            [
              129.236957,
              35.84337
            ],
            [
              129.236845,
              35.843429
            ],
            [
              129.236649,
              35.843441
            ],
            [
              129.236602,
              35.843442
            ],
            [
              129.236558,
              35.843426
            ],
            [
              129.236504,
              35.84339
            ],
            [
              129.236504,
              35.843359
            ],
            [
              129.236518,
              35.842347
            ],
            [
              129.236526,
              35.841764
            ],
            [
              129.236527,
              35.84168
            ],
            [
              129.236529,
              35.841542
            ],
            [
              129.236532,
              35.841377
            ],
            [
              129.236484,
              35.841392
            ],
            [
              129.23503,
              35.841856
            ],
            [
              129.234236,
              35.842084
            ],
            [
              129.233924,
              35.842199
            ],
            [
              129.233658,
              35.842172
            ],
            [
              129.233334,
              35.842085
            ],
            [
              129.233233,
              35.841928
            ],
            [
              129.23191,
              35.842178
            ]
          ]
        ]
      },
      "properties": {
        "id": "gyeongju-bunhwang-0",
        "region": "gyeongju",
        "themeId": "bunhwang",
        "title": "분황사·황룡사·왕경숲",
        "weekdays": [
          0
        ],
        "dayNames": [
          "일"
        ],
        "status": "walking-geometry-checked",
        "issues": [],
        "stopIds": [
          "j178",
          "j8",
          "j69",
          "j165",
          "j177"
        ],
        "walkMeters": 2832,
        "walkMinutes": 38,
        "busCount": 0,
        "mealFallbacks": [],
        "placeCountException": null,
        "routeProvider": "FOSSGIS OSRM foot / OpenStreetMap",
        "checkedOn": "2026-10-08"
      }
    },
    {
      "type": "Feature",
      "id": "gyeongju-bunhwang-12456",
      "geometry": {
        "type": "MultiLineString",
        "coordinates": [
          [
            [
              129.229138,
              35.843004
            ],
            [
              129.22914,
              35.842689
            ],
            [
              129.22914,
              35.842674
            ],
            [
              129.229137,
              35.842318
            ],
            [
              129.229132,
              35.841389
            ],
            [
              129.229514,
              35.841374
            ],
            [
              129.230018,
              35.841354
            ],
            [
              129.230167,
              35.841334
            ],
            [
              129.230382,
              35.841292
            ],
            [
              129.230545,
              35.841241
            ],
            [
              129.230698,
              35.841192
            ],
            [
              129.231706,
              35.840864
            ],
            [
              129.23244,
              35.840657
            ],
            [
              129.232944,
              35.840394
            ],
            [
              129.233291,
              35.84029
            ],
            [
              129.233609,
              35.840267
            ],
            [
              129.233609,
              35.840313
            ],
            [
              129.233609,
              35.840399
            ],
            [
              129.233608,
              35.840478
            ],
            [
              129.233545,
              35.840477
            ],
            [
              129.233545,
              35.840567
            ]
          ],
          [
            [
              129.233545,
              35.840567
            ],
            [
              129.233545,
              35.840477
            ],
            [
              129.233608,
              35.840478
            ],
            [
              129.233609,
              35.840399
            ],
            [
              129.233609,
              35.840313
            ],
            [
              129.233609,
              35.840267
            ],
            [
              129.234875,
              35.840099
            ],
            [
              129.235763,
              35.839931
            ],
            [
              129.236472,
              35.839787
            ],
            [
              129.236569,
              35.839768
            ],
            [
              129.237875,
              35.839519
            ],
            [
              129.238088,
              35.839485
            ],
            [
              129.238193,
              35.839638
            ],
            [
              129.2384,
              35.83977
            ],
            [
              129.238622,
              35.839818
            ],
            [
              129.238749,
              35.839774
            ]
          ],
          [
            [
              129.238749,
              35.839774
            ],
            [
              129.238622,
              35.839818
            ],
            [
              129.2384,
              35.83977
            ],
            [
              129.238193,
              35.839638
            ],
            [
              129.238088,
              35.839485
            ],
            [
              129.237875,
              35.839519
            ],
            [
              129.236569,
              35.839768
            ],
            [
              129.236548,
              35.840658
            ],
            [
              129.236532,
              35.841377
            ],
            [
              129.236529,
              35.841542
            ],
            [
              129.236527,
              35.84168
            ],
            [
              129.236526,
              35.841764
            ],
            [
              129.236518,
              35.842347
            ],
            [
              129.236504,
              35.843359
            ],
            [
              129.236504,
              35.84339
            ],
            [
              129.236558,
              35.843426
            ],
            [
              129.236602,
              35.843442
            ],
            [
              129.236649,
              35.843441
            ],
            [
              129.236845,
              35.843429
            ],
            [
              129.236957,
              35.84337
            ],
            [
              129.237053,
              35.843336
            ],
            [
              129.237313,
              35.843254
            ],
            [
              129.237414,
              35.843221
            ],
            [
              129.237536,
              35.843176
            ],
            [
              129.237789,
              35.843083
            ],
            [
              129.237869,
              35.843201
            ],
            [
              129.238079,
              35.843507
            ]
          ],
          [
            [
              129.238079,
              35.843507
            ],
            [
              129.237869,
              35.843201
            ],
            [
              129.237789,
              35.843083
            ],
            [
              129.237536,
              35.843176
            ],
            [
              129.237414,
              35.843221
            ],
            [
              129.237313,
              35.843254
            ],
            [
              129.237053,
              35.843336
            ],
            [
              129.236957,
              35.84337
            ],
            [
              129.236845,
              35.843429
            ],
            [
              129.236649,
              35.843441
            ],
            [
              129.236602,
              35.843442
            ],
            [
              129.236558,
              35.843426
            ],
            [
              129.236504,
              35.84339
            ],
            [
              129.236504,
              35.843359
            ],
            [
              129.236518,
              35.842347
            ],
            [
              129.236526,
              35.841764
            ],
            [
              129.236527,
              35.84168
            ],
            [
              129.236529,
              35.841542
            ],
            [
              129.236532,
              35.841377
            ],
            [
              129.236484,
              35.841392
            ],
            [
              129.23503,
              35.841856
            ],
            [
              129.234236,
              35.842084
            ],
            [
              129.233924,
              35.842199
            ],
            [
              129.233658,
              35.842172
            ],
            [
              129.233334,
              35.842085
            ],
            [
              129.233233,
              35.841928
            ],
            [
              129.23191,
              35.842178
            ]
          ]
        ]
      },
      "properties": {
        "id": "gyeongju-bunhwang-12456",
        "region": "gyeongju",
        "themeId": "bunhwang",
        "title": "분황사·황룡사·왕경숲",
        "weekdays": [
          1,
          2,
          4,
          5,
          6
        ],
        "dayNames": [
          "월",
          "화",
          "목",
          "금",
          "토"
        ],
        "status": "walking-geometry-checked",
        "issues": [],
        "stopIds": [
          "j178",
          "j8",
          "j69",
          "j165",
          "j177"
        ],
        "walkMeters": 2832,
        "walkMinutes": 38,
        "busCount": 0,
        "mealFallbacks": [],
        "placeCountException": null,
        "routeProvider": "FOSSGIS OSRM foot / OpenStreetMap",
        "checkedOn": "2026-10-08"
      }
    },
    {
      "type": "Feature",
      "id": "gyeongju-bunhwang-3",
      "geometry": {
        "type": "MultiLineString",
        "coordinates": [
          [
            [
              129.232248,
              35.840388
            ],
            [
              129.232324,
              35.840494
            ],
            [
              129.23236,
              35.840545
            ],
            [
              129.23244,
              35.840657
            ],
            [
              129.232944,
              35.840394
            ],
            [
              129.233291,
              35.84029
            ],
            [
              129.233609,
              35.840267
            ],
            [
              129.233609,
              35.840313
            ],
            [
              129.233609,
              35.840399
            ],
            [
              129.233608,
              35.840478
            ],
            [
              129.233545,
              35.840477
            ],
            [
              129.233545,
              35.840567
            ]
          ],
          [
            [
              129.233545,
              35.840567
            ],
            [
              129.233545,
              35.840477
            ],
            [
              129.233608,
              35.840478
            ],
            [
              129.233609,
              35.840399
            ],
            [
              129.233609,
              35.840313
            ],
            [
              129.233609,
              35.840267
            ],
            [
              129.234875,
              35.840099
            ],
            [
              129.235763,
              35.839931
            ],
            [
              129.236472,
              35.839787
            ],
            [
              129.236569,
              35.839768
            ],
            [
              129.237875,
              35.839519
            ],
            [
              129.238088,
              35.839485
            ],
            [
              129.238193,
              35.839638
            ],
            [
              129.2384,
              35.83977
            ],
            [
              129.238622,
              35.839818
            ],
            [
              129.238749,
              35.839774
            ]
          ],
          [
            [
              129.238749,
              35.839774
            ],
            [
              129.238622,
              35.839818
            ],
            [
              129.2384,
              35.83977
            ],
            [
              129.238193,
              35.839638
            ],
            [
              129.238088,
              35.839485
            ],
            [
              129.237875,
              35.839519
            ],
            [
              129.236569,
              35.839768
            ],
            [
              129.236548,
              35.840658
            ],
            [
              129.236532,
              35.841377
            ],
            [
              129.236529,
              35.841542
            ],
            [
              129.236527,
              35.84168
            ],
            [
              129.236526,
              35.841764
            ],
            [
              129.236518,
              35.842347
            ],
            [
              129.236504,
              35.843359
            ],
            [
              129.236504,
              35.84339
            ],
            [
              129.236558,
              35.843426
            ],
            [
              129.236602,
              35.843442
            ],
            [
              129.236649,
              35.843441
            ],
            [
              129.236845,
              35.843429
            ],
            [
              129.236957,
              35.84337
            ],
            [
              129.237053,
              35.843336
            ],
            [
              129.237313,
              35.843254
            ],
            [
              129.237414,
              35.843221
            ],
            [
              129.237536,
              35.843176
            ],
            [
              129.237789,
              35.843083
            ],
            [
              129.237869,
              35.843201
            ],
            [
              129.238079,
              35.843507
            ]
          ],
          [
            [
              129.238079,
              35.843507
            ],
            [
              129.237869,
              35.843201
            ],
            [
              129.237789,
              35.843083
            ],
            [
              129.237536,
              35.843176
            ],
            [
              129.237414,
              35.843221
            ],
            [
              129.237313,
              35.843254
            ],
            [
              129.237053,
              35.843336
            ],
            [
              129.236957,
              35.84337
            ],
            [
              129.236845,
              35.843429
            ],
            [
              129.236649,
              35.843441
            ],
            [
              129.236602,
              35.843442
            ],
            [
              129.236558,
              35.843426
            ],
            [
              129.236504,
              35.84339
            ],
            [
              129.236504,
              35.843359
            ],
            [
              129.236518,
              35.842347
            ],
            [
              129.236526,
              35.841764
            ],
            [
              129.236527,
              35.84168
            ],
            [
              129.236529,
              35.841542
            ],
            [
              129.236532,
              35.841377
            ],
            [
              129.237256,
              35.841115
            ],
            [
              129.237622,
              35.840982
            ],
            [
              129.238262,
              35.840743
            ],
            [
              129.238271,
              35.840783
            ],
            [
              129.239463,
              35.840376
            ],
            [
              129.240525,
              35.839975
            ],
            [
              129.240892,
              35.839872
            ],
            [
              129.241634,
              35.839698
            ],
            [
              129.242167,
              35.839639
            ],
            [
              129.242807,
              35.83963
            ],
            [
              129.243251,
              35.839662
            ],
            [
              129.243771,
              35.839721
            ],
            [
              129.24399,
              35.839761
            ],
            [
              129.244074,
              35.839759
            ],
            [
              129.244414,
              35.839751
            ],
            [
              129.244913,
              35.839921
            ],
            [
              129.245406,
              35.840121
            ],
            [
              129.246374,
              35.840596
            ],
            [
              129.246573,
              35.840571
            ],
            [
              129.246712,
              35.840489
            ],
            [
              129.246778,
              35.840042
            ],
            [
              129.247321,
              35.840195
            ],
            [
              129.247496,
              35.840257
            ],
            [
              129.247675,
              35.84033
            ],
            [
              129.248748,
              35.840834
            ],
            [
              129.249186,
              35.841034
            ],
            [
              129.249301,
              35.841086
            ],
            [
              129.249631,
              35.841232
            ],
            [
              129.249932,
              35.841364
            ],
            [
              129.250275,
              35.841516
            ],
            [
              129.250498,
              35.841614
            ],
            [
              129.251274,
              35.841939
            ],
            [
              129.25199,
              35.842242
            ]
          ]
        ]
      },
      "properties": {
        "id": "gyeongju-bunhwang-3",
        "region": "gyeongju",
        "themeId": "bunhwang",
        "title": "분황사·황룡사·왕경숲",
        "weekdays": [
          3
        ],
        "dayNames": [
          "수"
        ],
        "status": "walking-geometry-checked",
        "issues": [],
        "stopIds": [
          "j179",
          "j8",
          "j69",
          "j165",
          "j43"
        ],
        "walkMeters": 3496,
        "walkMinutes": 47,
        "busCount": 0,
        "mealFallbacks": [
          {
            "placeId": "j43",
            "minutes": 26,
            "reason": "편도 15분 안의 평점 4.0 이상·요일 영업 대안을 아직 확인하지 못해 사용자가 허용한 30분 이내 예외를 적용했습니다.",
            "checkedOn": "2026-10-08",
            "alternativesChecked": [
              "소사이어티나귀(Google 4.5, 동궁과 월지에서 19분)",
              "반월성화덕피자(Google 4.1, 동궁과 월지에서 23분)",
              "경주원조콩국(저장 장소, 동궁과 월지에서 20분)"
            ]
          }
        ],
        "placeCountException": null,
        "routeProvider": "FOSSGIS OSRM foot / OpenStreetMap",
        "checkedOn": "2026-10-08"
      }
    },
    {
      "type": "Feature",
      "id": "gyeongju-market-013456",
      "geometry": {
        "type": "MultiLineString",
        "coordinates": [
          [
            [
              129.206785,
              35.843962
            ],
            [
              129.206785,
              35.844025
            ],
            [
              129.206973,
              35.844019
            ],
            [
              129.206957,
              35.843498
            ],
            [
              129.207004,
              35.842273
            ],
            [
              129.207006,
              35.842207
            ],
            [
              129.207064,
              35.842206
            ],
            [
              129.207778,
              35.842182
            ],
            [
              129.208654,
              35.842147
            ],
            [
              129.208875,
              35.842139
            ],
            [
              129.209117,
              35.842129
            ],
            [
              129.210056,
              35.842092
            ],
            [
              129.210054,
              35.841738
            ],
            [
              129.210475,
              35.841725
            ],
            [
              129.210746,
              35.841718
            ],
            [
              129.210916,
              35.841685
            ],
            [
              129.210953,
              35.841678
            ],
            [
              129.211678,
              35.841664
            ],
            [
              129.21168,
              35.841435
            ]
          ],
          [
            [
              129.21168,
              35.841435
            ],
            [
              129.211678,
              35.841664
            ],
            [
              129.21168,
              35.842037
            ],
            [
              129.211668,
              35.842585
            ],
            [
              129.211662,
              35.842848
            ],
            [
              129.212564,
              35.842827
            ],
            [
              129.212592,
              35.843262
            ],
            [
              129.212599,
              35.843644
            ],
            [
              129.212604,
              35.843809
            ],
            [
              129.212615,
              35.844211
            ],
            [
              129.213547,
              35.844191
            ],
            [
              129.213548,
              35.844481
            ],
            [
              129.213878,
              35.844477
            ],
            [
              129.21388,
              35.844532
            ],
            [
              129.213914,
              35.844531
            ],
            [
              129.214003,
              35.844529
            ],
            [
              129.214774,
              35.844507
            ],
            [
              129.215349,
              35.844491
            ],
            [
              129.215366,
              35.845157
            ],
            [
              129.215868,
              35.845142
            ]
          ],
          [
            [
              129.215868,
              35.845142
            ],
            [
              129.215366,
              35.845157
            ],
            [
              129.215396,
              35.845809
            ],
            [
              129.21539,
              35.84587
            ],
            [
              129.214475,
              35.845888
            ],
            [
              129.213935,
              35.845877
            ],
            [
              129.213842,
              35.84581
            ],
            [
              129.213738,
              35.845806
            ],
            [
              129.213625,
              35.845831
            ],
            [
              129.213503,
              35.845865
            ],
            [
              129.213333,
              35.845888
            ],
            [
              129.212739,
              35.845899
            ],
            [
              129.211648,
              35.845922
            ],
            [
              129.21166,
              35.847085
            ]
          ],
          [
            [
              129.21166,
              35.847085
            ],
            [
              129.211662,
              35.847276
            ],
            [
              129.212015,
              35.847267
            ],
            [
              129.212304,
              35.84726
            ],
            [
              129.21247,
              35.847256
            ],
            [
              129.212913,
              35.847245
            ],
            [
              129.213012,
              35.847265
            ],
            [
              129.213028,
              35.847355
            ],
            [
              129.213221,
              35.847359
            ],
            [
              129.213234,
              35.847433
            ]
          ],
          [
            [
              129.213234,
              35.847433
            ],
            [
              129.213221,
              35.847359
            ],
            [
              129.213028,
              35.847355
            ],
            [
              129.213012,
              35.847265
            ],
            [
              129.212913,
              35.847245
            ],
            [
              129.213095,
              35.84724
            ],
            [
              129.213172,
              35.84723
            ],
            [
              129.213229,
              35.847201
            ],
            [
              129.213268,
              35.84716
            ],
            [
              129.213385,
              35.846962
            ],
            [
              129.213472,
              35.846907
            ],
            [
              129.213578,
              35.846887
            ],
            [
              129.213915,
              35.846879
            ],
            [
              129.213972,
              35.846877
            ],
            [
              129.213963,
              35.846621
            ]
          ],
          [
            [
              129.213963,
              35.846621
            ],
            [
              129.213961,
              35.846572
            ],
            [
              129.213935,
              35.845877
            ],
            [
              129.214475,
              35.845888
            ],
            [
              129.21539,
              35.84587
            ],
            [
              129.215396,
              35.845809
            ],
            [
              129.215928,
              35.845793
            ],
            [
              129.215908,
              35.845358
            ]
          ],
          [
            [
              129.215908,
              35.845358
            ],
            [
              129.215928,
              35.845793
            ],
            [
              129.215396,
              35.845809
            ],
            [
              129.21539,
              35.84587
            ],
            [
              129.214475,
              35.845888
            ],
            [
              129.213935,
              35.845877
            ],
            [
              129.213842,
              35.84581
            ],
            [
              129.213738,
              35.845806
            ],
            [
              129.213625,
              35.845831
            ],
            [
              129.213503,
              35.845865
            ],
            [
              129.213333,
              35.845888
            ],
            [
              129.212739,
              35.845899
            ],
            [
              129.211648,
              35.845922
            ],
            [
              129.210944,
              35.845937
            ],
            [
              129.210143,
              35.845944
            ],
            [
              129.210127,
              35.846559
            ],
            [
              129.210123,
              35.84661
            ]
          ]
        ]
      },
      "properties": {
        "id": "gyeongju-market-013456",
        "region": "gyeongju",
        "themeId": "market",
        "title": "읍성·성동시장·중앙시장",
        "weekdays": [
          0,
          1,
          3,
          4,
          5,
          6
        ],
        "dayNames": [
          "일",
          "월",
          "수",
          "목",
          "금",
          "토"
        ],
        "status": "walking-geometry-checked",
        "issues": [],
        "stopIds": [
          "j12",
          "j153",
          "j91",
          "j102",
          "j97",
          "j10",
          "j11",
          "j41"
        ],
        "walkMeters": 3446,
        "walkMinutes": 47,
        "busCount": 0,
        "mealFallbacks": [],
        "placeCountException": null,
        "routeProvider": "FOSSGIS OSRM foot / OpenStreetMap",
        "checkedOn": "2026-10-08"
      }
    },
    {
      "type": "Feature",
      "id": "gyeongju-market-2",
      "geometry": {
        "type": "MultiLineString",
        "coordinates": [
          [
            [
              129.206785,
              35.843962
            ],
            [
              129.206785,
              35.844025
            ],
            [
              129.206973,
              35.844019
            ],
            [
              129.206969,
              35.844396
            ],
            [
              129.206968,
              35.84452
            ],
            [
              129.206965,
              35.844588
            ],
            [
              129.20703,
              35.844585
            ],
            [
              129.207039,
              35.844476
            ],
            [
              129.207038,
              35.844405
            ],
            [
              129.207179,
              35.844513
            ],
            [
              129.207571,
              35.844391
            ],
            [
              129.20841,
              35.84435
            ],
            [
              129.209372,
              35.844302
            ],
            [
              129.209499,
              35.844295
            ],
            [
              129.20969,
              35.84425
            ],
            [
              129.210033,
              35.844136
            ],
            [
              129.210707,
              35.844232
            ],
            [
              129.211654,
              35.844232
            ],
            [
              129.212615,
              35.844211
            ],
            [
              129.213547,
              35.844191
            ],
            [
              129.213548,
              35.844481
            ],
            [
              129.213878,
              35.844477
            ],
            [
              129.21388,
              35.844532
            ],
            [
              129.213914,
              35.844531
            ],
            [
              129.214003,
              35.844529
            ],
            [
              129.214774,
              35.844507
            ],
            [
              129.215349,
              35.844491
            ],
            [
              129.215366,
              35.845157
            ],
            [
              129.215868,
              35.845142
            ]
          ],
          [
            [
              129.215868,
              35.845142
            ],
            [
              129.215366,
              35.845157
            ],
            [
              129.215396,
              35.845809
            ],
            [
              129.21539,
              35.84587
            ],
            [
              129.214475,
              35.845888
            ],
            [
              129.213935,
              35.845877
            ],
            [
              129.213842,
              35.84581
            ],
            [
              129.213738,
              35.845806
            ],
            [
              129.213625,
              35.845831
            ],
            [
              129.213503,
              35.845865
            ],
            [
              129.213333,
              35.845888
            ],
            [
              129.212739,
              35.845899
            ],
            [
              129.211648,
              35.845922
            ],
            [
              129.21166,
              35.847085
            ]
          ],
          [
            [
              129.21166,
              35.847085
            ],
            [
              129.211662,
              35.847276
            ],
            [
              129.212015,
              35.847267
            ],
            [
              129.212304,
              35.84726
            ],
            [
              129.21247,
              35.847256
            ],
            [
              129.212913,
              35.847245
            ],
            [
              129.213012,
              35.847265
            ],
            [
              129.213028,
              35.847355
            ],
            [
              129.213221,
              35.847359
            ],
            [
              129.213234,
              35.847433
            ]
          ],
          [
            [
              129.213234,
              35.847433
            ],
            [
              129.213221,
              35.847359
            ],
            [
              129.213028,
              35.847355
            ],
            [
              129.213012,
              35.847265
            ],
            [
              129.212913,
              35.847245
            ],
            [
              129.213095,
              35.84724
            ],
            [
              129.213172,
              35.84723
            ],
            [
              129.213229,
              35.847201
            ],
            [
              129.213268,
              35.84716
            ],
            [
              129.213385,
              35.846962
            ],
            [
              129.213472,
              35.846907
            ],
            [
              129.213578,
              35.846887
            ],
            [
              129.213915,
              35.846879
            ],
            [
              129.213972,
              35.846877
            ],
            [
              129.213963,
              35.846621
            ]
          ],
          [
            [
              129.213963,
              35.846621
            ],
            [
              129.213961,
              35.846572
            ],
            [
              129.213935,
              35.845877
            ],
            [
              129.214475,
              35.845888
            ],
            [
              129.21539,
              35.84587
            ],
            [
              129.215396,
              35.845809
            ],
            [
              129.215928,
              35.845793
            ],
            [
              129.215908,
              35.845358
            ]
          ],
          [
            [
              129.215908,
              35.845358
            ],
            [
              129.215928,
              35.845793
            ],
            [
              129.215396,
              35.845809
            ],
            [
              129.21539,
              35.84587
            ],
            [
              129.214475,
              35.845888
            ],
            [
              129.213935,
              35.845877
            ],
            [
              129.213842,
              35.84581
            ],
            [
              129.213738,
              35.845806
            ],
            [
              129.213625,
              35.845831
            ],
            [
              129.213503,
              35.845865
            ],
            [
              129.213333,
              35.845888
            ],
            [
              129.212739,
              35.845899
            ],
            [
              129.211648,
              35.845922
            ],
            [
              129.210944,
              35.845937
            ],
            [
              129.210143,
              35.845944
            ],
            [
              129.210127,
              35.846559
            ],
            [
              129.210123,
              35.84661
            ]
          ]
        ]
      },
      "properties": {
        "id": "gyeongju-market-2",
        "region": "gyeongju",
        "themeId": "market",
        "title": "읍성·성동시장·중앙시장",
        "weekdays": [
          2
        ],
        "dayNames": [
          "화"
        ],
        "status": "walking-geometry-checked",
        "issues": [],
        "stopIds": [
          "j12",
          "j91",
          "j102",
          "j97",
          "j10",
          "j11",
          "j41"
        ],
        "walkMeters": 2969,
        "walkMinutes": 40,
        "busCount": 0,
        "mealFallbacks": [],
        "placeCountException": null,
        "routeProvider": "FOSSGIS OSRM foot / OpenStreetMap",
        "checkedOn": "2026-10-08"
      }
    },
    {
      "type": "Feature",
      "id": "gyeongju-bulguksa-0",
      "geometry": {
        "type": "MultiLineString",
        "coordinates": [
          [
            [
              129.331942,
              35.789892
            ],
            [
              129.332121,
              35.789915
            ],
            [
              129.3323,
              35.78994
            ],
            [
              129.332289,
              35.789991
            ],
            [
              129.33232,
              35.789994
            ],
            [
              129.332421,
              35.79001
            ],
            [
              129.33257,
              35.789948
            ],
            [
              129.332618,
              35.789844
            ],
            [
              129.332597,
              35.789774
            ],
            [
              129.332176,
              35.789641
            ],
            [
              129.332287,
              35.789077
            ],
            [
              129.332291,
              35.789066
            ],
            [
              129.332301,
              35.789023
            ],
            [
              129.332399,
              35.78857
            ],
            [
              129.332466,
              35.788567
            ],
            [
              129.332582,
              35.788531
            ],
            [
              129.332697,
              35.788452
            ],
            [
              129.332798,
              35.788385
            ],
            [
              129.332874,
              35.788373
            ],
            [
              129.33293,
              35.788392
            ]
          ],
          [
            [
              129.33293,
              35.788392
            ],
            [
              129.332874,
              35.788373
            ],
            [
              129.332798,
              35.788385
            ],
            [
              129.332697,
              35.788452
            ],
            [
              129.332582,
              35.788531
            ],
            [
              129.332466,
              35.788567
            ],
            [
              129.332399,
              35.78857
            ],
            [
              129.332489,
              35.788152
            ],
            [
              129.332504,
              35.788037
            ],
            [
              129.332529,
              35.787848
            ],
            [
              129.332537,
              35.787786
            ],
            [
              129.332374,
              35.787496
            ],
            [
              129.332382,
              35.787316
            ],
            [
              129.332416,
              35.787214
            ],
            [
              129.332423,
              35.787193
            ],
            [
              129.332431,
              35.78717
            ],
            [
              129.332521,
              35.786896
            ],
            [
              129.332438,
              35.786844
            ],
            [
              129.332728,
              35.786352
            ],
            [
              129.333565,
              35.786789
            ],
            [
              129.333699,
              35.78681
            ],
            [
              129.333828,
              35.78681
            ],
            [
              129.333927,
              35.786781
            ],
            [
              129.333997,
              35.786727
            ],
            [
              129.334025,
              35.786648
            ],
            [
              129.333982,
              35.786538
            ],
            [
              129.333843,
              35.786368
            ],
            [
              129.333852,
              35.786194
            ],
            [
              129.333871,
              35.786033
            ],
            [
              129.333715,
              35.785715
            ],
            [
              129.333736,
              35.785634
            ],
            [
              129.333813,
              35.785545
            ],
            [
              129.333889,
              35.785525
            ],
            [
              129.333992,
              35.785529
            ]
          ]
        ]
      },
      "properties": {
        "id": "gyeongju-bulguksa-0",
        "region": "gyeongju",
        "themeId": "bulguksa",
        "title": "불국사 마을",
        "weekdays": [
          0
        ],
        "dayNames": [
          "일"
        ],
        "status": "needs-review",
        "issues": [
          "일부 구간의 보행 길선 또는 버스 연결 미확인"
        ],
        "stopIds": [
          "j109",
          "j17",
          "j74",
          "j77",
          "j114"
        ],
        "walkMeters": 910,
        "walkMinutes": 12,
        "busCount": 2,
        "mealFallbacks": [],
        "placeCountException": null,
        "routeProvider": "FOSSGIS OSRM foot / OpenStreetMap",
        "checkedOn": "2026-10-08"
      }
    },
    {
      "type": "Feature",
      "id": "gyeongju-bulguksa-1",
      "geometry": {
        "type": "MultiLineString",
        "coordinates": []
      },
      "properties": {
        "id": "gyeongju-bulguksa-1",
        "region": "gyeongju",
        "themeId": "bulguksa",
        "title": "불국사 마을",
        "weekdays": [
          1
        ],
        "dayNames": [
          "월"
        ],
        "status": "needs-review",
        "issues": [
          "일부 구간의 보행 길선 또는 버스 연결 미확인"
        ],
        "stopIds": [
          "j42",
          "j17",
          "j114"
        ],
        "walkMeters": 0,
        "walkMinutes": 0,
        "busCount": 2,
        "mealFallbacks": [],
        "placeCountException": {
          "reason": "월·화 휴관으로 경내 박물관·문학관이 빠집니다. 석굴암은 12번 버스로 약 20분 거리지만 시내 왕복까지 포함하면 버스 4회가 되어 한 코스 최대 3회 기준을 넘습니다.",
          "candidate": {
            "place": "석굴암",
            "mode": "bus",
            "route": "12",
            "busRideMinutes": 20,
            "accessWalkMinutes": null,
            "busRideWithin30Minutes": true,
            "included": false,
            "excludedBecause": "시내 왕복 포함 예상 버스 4회로 한 코스 최대 3회 초과"
          },
          "checkedOn": "2026-10-08",
          "sources": [
            "https://www.gyeongju.go.kr/tour/page.do?mnu_uid=4676",
            "https://www.buswhen.com/gyeongju/12"
          ]
        },
        "routeProvider": "FOSSGIS OSRM foot / OpenStreetMap",
        "checkedOn": "2026-10-08"
      }
    },
    {
      "type": "Feature",
      "id": "gyeongju-bulguksa-2",
      "geometry": {
        "type": "MultiLineString",
        "coordinates": [
          [
            [
              129.331942,
              35.789892
            ],
            [
              129.332121,
              35.789915
            ],
            [
              129.3323,
              35.78994
            ],
            [
              129.332289,
              35.789991
            ],
            [
              129.33232,
              35.789994
            ],
            [
              129.332421,
              35.79001
            ],
            [
              129.33257,
              35.789948
            ],
            [
              129.332618,
              35.789844
            ],
            [
              129.332597,
              35.789774
            ],
            [
              129.332176,
              35.789641
            ],
            [
              129.332287,
              35.789077
            ],
            [
              129.332291,
              35.789066
            ],
            [
              129.332301,
              35.789023
            ],
            [
              129.332399,
              35.78857
            ],
            [
              129.332466,
              35.788567
            ],
            [
              129.332582,
              35.788531
            ],
            [
              129.332697,
              35.788452
            ],
            [
              129.332798,
              35.788385
            ],
            [
              129.332874,
              35.788373
            ],
            [
              129.33293,
              35.788392
            ]
          ]
        ]
      },
      "properties": {
        "id": "gyeongju-bulguksa-2",
        "region": "gyeongju",
        "themeId": "bulguksa",
        "title": "불국사 마을",
        "weekdays": [
          2
        ],
        "dayNames": [
          "화"
        ],
        "status": "needs-review",
        "issues": [
          "일부 구간의 보행 길선 또는 버스 연결 미확인"
        ],
        "stopIds": [
          "j42",
          "j17",
          "j74",
          "j114"
        ],
        "walkMeters": 303,
        "walkMinutes": 4,
        "busCount": 2,
        "mealFallbacks": [],
        "placeCountException": {
          "reason": "월·화 휴관으로 경내 박물관·문학관이 빠집니다. 석굴암은 12번 버스로 약 20분 거리지만 시내 왕복까지 포함하면 버스 4회가 되어 한 코스 최대 3회 기준을 넘습니다.",
          "candidate": {
            "place": "석굴암",
            "mode": "bus",
            "route": "12",
            "busRideMinutes": 20,
            "accessWalkMinutes": null,
            "busRideWithin30Minutes": true,
            "included": false,
            "excludedBecause": "시내 왕복 포함 예상 버스 4회로 한 코스 최대 3회 초과"
          },
          "checkedOn": "2026-10-08",
          "sources": [
            "https://www.gyeongju.go.kr/tour/page.do?mnu_uid=4676",
            "https://www.buswhen.com/gyeongju/12"
          ]
        },
        "routeProvider": "FOSSGIS OSRM foot / OpenStreetMap",
        "checkedOn": "2026-10-08"
      }
    },
    {
      "type": "Feature",
      "id": "gyeongju-bulguksa-3456",
      "geometry": {
        "type": "MultiLineString",
        "coordinates": [
          [
            [
              129.331942,
              35.789892
            ],
            [
              129.332121,
              35.789915
            ],
            [
              129.3323,
              35.78994
            ],
            [
              129.332289,
              35.789991
            ],
            [
              129.33232,
              35.789994
            ],
            [
              129.332421,
              35.79001
            ],
            [
              129.33257,
              35.789948
            ],
            [
              129.332618,
              35.789844
            ],
            [
              129.332597,
              35.789774
            ],
            [
              129.332176,
              35.789641
            ],
            [
              129.332287,
              35.789077
            ],
            [
              129.332291,
              35.789066
            ],
            [
              129.332301,
              35.789023
            ],
            [
              129.332399,
              35.78857
            ],
            [
              129.332466,
              35.788567
            ],
            [
              129.332582,
              35.788531
            ],
            [
              129.332697,
              35.788452
            ],
            [
              129.332798,
              35.788385
            ],
            [
              129.332874,
              35.788373
            ],
            [
              129.33293,
              35.788392
            ]
          ],
          [
            [
              129.33293,
              35.788392
            ],
            [
              129.332874,
              35.788373
            ],
            [
              129.332798,
              35.788385
            ],
            [
              129.332697,
              35.788452
            ],
            [
              129.332582,
              35.788531
            ],
            [
              129.332466,
              35.788567
            ],
            [
              129.332399,
              35.78857
            ],
            [
              129.332489,
              35.788152
            ],
            [
              129.332504,
              35.788037
            ],
            [
              129.332529,
              35.787848
            ],
            [
              129.332537,
              35.787786
            ],
            [
              129.332374,
              35.787496
            ],
            [
              129.332382,
              35.787316
            ],
            [
              129.332416,
              35.787214
            ],
            [
              129.332423,
              35.787193
            ],
            [
              129.332431,
              35.78717
            ],
            [
              129.332521,
              35.786896
            ],
            [
              129.332438,
              35.786844
            ],
            [
              129.332728,
              35.786352
            ],
            [
              129.333565,
              35.786789
            ],
            [
              129.333699,
              35.78681
            ],
            [
              129.333828,
              35.78681
            ],
            [
              129.333927,
              35.786781
            ],
            [
              129.333997,
              35.786727
            ],
            [
              129.334025,
              35.786648
            ],
            [
              129.333982,
              35.786538
            ],
            [
              129.333843,
              35.786368
            ],
            [
              129.333852,
              35.786194
            ],
            [
              129.333871,
              35.786033
            ],
            [
              129.333715,
              35.785715
            ],
            [
              129.333736,
              35.785634
            ],
            [
              129.333813,
              35.785545
            ],
            [
              129.333889,
              35.785525
            ],
            [
              129.333992,
              35.785529
            ]
          ]
        ]
      },
      "properties": {
        "id": "gyeongju-bulguksa-3456",
        "region": "gyeongju",
        "themeId": "bulguksa",
        "title": "불국사 마을",
        "weekdays": [
          3,
          4,
          5,
          6
        ],
        "dayNames": [
          "수",
          "목",
          "금",
          "토"
        ],
        "status": "needs-review",
        "issues": [
          "일부 구간의 보행 길선 또는 버스 연결 미확인"
        ],
        "stopIds": [
          "j42",
          "j17",
          "j74",
          "j77",
          "j114"
        ],
        "walkMeters": 910,
        "walkMinutes": 12,
        "busCount": 2,
        "mealFallbacks": [],
        "placeCountException": null,
        "routeProvider": "FOSSGIS OSRM foot / OpenStreetMap",
        "checkedOn": "2026-10-08"
      }
    }
  ]
}
