<?xml version="1.0" encoding="UTF-8"?>
<gpx version="1.1" creator="Hangeoreum saved weekday route audit" xmlns="http://www.topografix.com/GPX/1/1"><metadata><name>목포·강릉·경주 요일별 테마 루트 보행선</name></metadata><trk><name>mokpo 근대거리·시장 일·화·수·목·금·토</name><desc>walking-geometry-checked · </desc><trkseg><trkpt lat="34.79035" lon="126.384376"/><trkpt lat="34.790145" lon="126.384452"/></trkseg><trkseg><trkpt lat="34.790145" lon="126.384452"/><trkpt lat="34.790053" lon="126.384486"/><trkpt lat="34.789953" lon="126.383816"/><trkpt lat="34.789183" lon="126.384092"/><trkpt lat="34.788382" lon="126.38438"/><trkpt lat="34.78836" lon="126.384258"/></trkseg><trkseg><trkpt lat="34.78836" lon="126.384258"/><trkpt lat="34.788382" lon="126.38438"/><trkpt lat="34.788089" lon="126.384492"/><trkpt lat="34.787946" lon="126.384544"/><trkpt lat="34.787237" lon="126.38426"/><trkpt lat="34.78711" lon="126.384132"/><trkpt lat="34.786912" lon="126.383961"/><trkpt lat="34.786898" lon="126.383165"/><trkpt lat="34.786843" lon="126.382155"/><trkpt lat="34.786795" lon="126.381282"/><trkpt lat="34.786787" lon="126.381134"/></trkseg><trkseg><trkpt lat="34.786787" lon="126.381134"/><trkpt lat="34.786795" lon="126.381282"/><trkpt lat="34.786087" lon="126.381341"/><trkpt lat="34.785957" lon="126.381351"/></trkseg><trkseg><trkpt lat="34.785957" lon="126.381351"/><trkpt lat="34.786087" lon="126.381341"/><trkpt lat="34.786129" lon="126.38222"/><trkpt lat="34.785877" lon="126.382239"/></trkseg><trkseg><trkpt lat="34.785877" lon="126.382239"/><trkpt lat="34.786129" lon="126.38222"/><trkpt lat="34.786211" lon="126.383195"/><trkpt lat="34.785859" lon="126.383228"/><trkpt lat="34.785846" lon="126.383229"/></trkseg><trkseg><trkpt lat="34.785846" lon="126.383229"/><trkpt lat="34.785859" lon="126.383228"/><trkpt lat="34.785748" lon="126.38338"/><trkpt lat="34.785634" lon="126.383521"/><trkpt lat="34.785571" lon="126.38355"/><trkpt lat="34.785582" lon="126.383631"/><trkpt lat="34.785566" lon="126.383668"/><trkpt lat="34.785488" lon="126.383737"/><trkpt lat="34.785479" lon="126.383771"/><trkpt lat="34.785489" lon="126.383792"/><trkpt lat="34.785509" lon="126.383807"/><trkpt lat="34.785528" lon="126.383816"/><trkpt lat="34.78559" lon="126.383784"/><trkpt lat="34.785618" lon="126.383797"/><trkpt lat="34.785624" lon="126.383813"/><trkpt lat="34.785607" lon="126.38385"/><trkpt lat="34.785572" lon="126.383876"/><trkpt lat="34.785351" lon="126.384002"/><trkpt lat="34.785307" lon="126.384033"/><trkpt lat="34.785261" lon="126.38406"/><trkpt lat="34.785044" lon="126.384163"/><trkpt lat="34.785059" lon="126.384601"/><trkpt lat="34.785104" lon="126.384623"/><trkpt lat="34.785272" lon="126.384788"/></trkseg><trkseg><trkpt lat="34.785272" lon="126.384788"/><trkpt lat="34.785104" lon="126.384623"/><trkpt lat="34.785059" lon="126.384601"/><trkpt lat="34.785044" lon="126.384163"/><trkpt lat="34.785261" lon="126.38406"/><trkpt lat="34.785307" lon="126.384033"/><trkpt lat="34.785351" lon="126.384002"/><trkpt lat="34.785572" lon="126.383876"/><trkpt lat="34.785607" lon="126.38385"/><trkpt lat="34.785624" lon="126.383813"/><trkpt lat="34.785618" lon="126.383797"/><trkpt lat="34.78559" lon="126.383784"/><trkpt lat="34.785528" lon="126.383816"/><trkpt lat="34.785509" lon="126.383807"/><trkpt lat="34.785489" lon="126.383792"/><trkpt lat="34.785479" lon="126.383771"/><trkpt lat="34.785488" lon="126.383737"/><trkpt lat="34.785566" lon="126.383668"/><trkpt lat="34.785582" lon="126.383631"/><trkpt lat="34.785571" lon="126.38355"/><trkpt lat="34.785634" lon="126.383521"/><trkpt lat="34.785748" lon="126.38338"/><trkpt lat="34.785859" lon="126.383228"/><trkpt lat="34.786211" lon="126.383195"/><trkpt lat="34.786239" lon="126.383998"/><trkpt lat="34.786639" lon="126.383976"/></trkseg></trk><trk><name>mokpo 근대거리·시장 월</name><desc>needs-review · 점심과 저녁이 연속 방문: 식사 사이 활동·시간 검토 필요</desc><trkseg><trkpt lat="34.79035" lon="126.384376"/><trkpt lat="34.790145" lon="126.384452"/></trkseg><trkseg><trkpt lat="34.790145" lon="126.384452"/><trkpt lat="34.790053" lon="126.384486"/><trkpt lat="34.789953" lon="126.383816"/><trkpt lat="34.789183" lon="126.384092"/><trkpt lat="34.788382" lon="126.38438"/><trkpt lat="34.78836" lon="126.384258"/></trkseg><trkseg><trkpt lat="34.78836" lon="126.384258"/><trkpt lat="34.788382" lon="126.38438"/><trkpt lat="34.788089" lon="126.384492"/><trkpt lat="34.787946" lon="126.384544"/><trkpt lat="34.787237" lon="126.38426"/><trkpt lat="34.78711" lon="126.384132"/><trkpt lat="34.786912" lon="126.383961"/><trkpt lat="34.786239" lon="126.383998"/><trkpt lat="34.786211" lon="126.383195"/><trkpt lat="34.786129" lon="126.38222"/><trkpt lat="34.785877" lon="126.382239"/></trkseg><trkseg><trkpt lat="34.785877" lon="126.382239"/><trkpt lat="34.786129" lon="126.38222"/><trkpt lat="34.786211" lon="126.383195"/><trkpt lat="34.785859" lon="126.383228"/><trkpt lat="34.785846" lon="126.383229"/></trkseg><trkseg><trkpt lat="34.785846" lon="126.383229"/><trkpt lat="34.785859" lon="126.383228"/><trkpt lat="34.786211" lon="126.383195"/><trkpt lat="34.786239" lon="126.383998"/><trkpt lat="34.786639" lon="126.383976"/></trkseg></trk><trk><name>mokpo 서산동 골목 일·화·수·목·금·토</name><desc>walking-geometry-checked · </desc><trkseg><trkpt lat="34.792355" lon="126.3843"/><trkpt lat="34.792273" lon="126.384274"/><trkpt lat="34.792174" lon="126.384238"/><trkpt lat="34.7918" lon="126.384101"/><trkpt lat="34.791719" lon="126.384065"/><trkpt lat="34.791823" lon="126.383872"/><trkpt lat="34.791298" lon="126.38405"/><trkpt lat="34.790846" lon="126.384188"/><trkpt lat="34.790776" lon="126.384219"/><trkpt lat="34.790053" lon="126.384486"/><trkpt lat="34.789953" lon="126.383816"/><trkpt lat="34.789912" lon="126.383527"/><trkpt lat="34.789835" lon="126.382842"/><trkpt lat="34.789716" lon="126.381675"/><trkpt lat="34.789699" lon="126.381369"/><trkpt lat="34.789346" lon="126.381261"/><trkpt lat="34.789116" lon="126.381189"/><trkpt lat="34.788995" lon="126.381149"/><trkpt lat="34.788888" lon="126.381107"/><trkpt lat="34.78883" lon="126.38105"/><trkpt lat="34.788671" lon="126.381029"/><trkpt lat="34.788534" lon="126.381004"/><trkpt lat="34.788487" lon="126.381187"/><trkpt lat="34.788425" lon="126.381304"/><trkpt lat="34.78834" lon="126.381453"/><trkpt lat="34.788193" lon="126.381579"/><trkpt lat="34.788062" lon="126.381636"/><trkpt lat="34.787863" lon="126.381689"/><trkpt lat="34.787598" lon="126.381739"/><trkpt lat="34.787552" lon="126.381746"/></trkseg><trkseg><trkpt lat="34.787552" lon="126.381746"/><trkpt lat="34.787598" lon="126.381739"/><trkpt lat="34.787863" lon="126.381689"/><trkpt lat="34.788062" lon="126.381636"/><trkpt lat="34.788193" lon="126.381579"/><trkpt lat="34.78834" lon="126.381453"/><trkpt lat="34.788425" lon="126.381304"/><trkpt lat="34.788487" lon="126.381187"/><trkpt lat="34.788534" lon="126.381004"/><trkpt lat="34.788671" lon="126.381029"/><trkpt lat="34.78883" lon="126.38105"/><trkpt lat="34.788888" lon="126.381107"/><trkpt lat="34.788995" lon="126.381149"/><trkpt lat="34.789116" lon="126.381189"/><trkpt lat="34.789346" lon="126.381261"/><trkpt lat="34.789699" lon="126.381369"/><trkpt lat="34.789716" lon="126.381675"/><trkpt lat="34.789835" lon="126.382842"/><trkpt lat="34.789912" lon="126.383527"/><trkpt lat="34.789953" lon="126.383816"/><trkpt lat="34.790053" lon="126.384486"/><trkpt lat="34.790167" lon="126.38551"/><trkpt lat="34.790149" lon="126.385708"/><trkpt lat="34.789767" lon="126.386208"/></trkseg><trkseg><trkpt lat="34.789767" lon="126.386208"/><trkpt lat="34.790149" lon="126.385708"/><trkpt lat="34.790206" lon="126.38554"/><trkpt lat="34.790471" lon="126.385631"/><trkpt lat="34.790602" lon="126.385677"/><trkpt lat="34.790882" lon="126.385774"/><trkpt lat="34.791127" lon="126.385854"/></trkseg><trkseg><trkpt lat="34.791127" lon="126.385854"/><trkpt lat="34.790882" lon="126.385774"/><trkpt lat="34.790602" lon="126.385677"/><trkpt lat="34.790471" lon="126.385631"/><trkpt lat="34.790206" lon="126.38554"/><trkpt lat="34.790167" lon="126.38551"/><trkpt lat="34.790053" lon="126.384486"/><trkpt lat="34.789953" lon="126.383816"/><trkpt lat="34.789912" lon="126.383527"/><trkpt lat="34.790029" lon="126.383486"/></trkseg><trkseg><trkpt lat="34.790029" lon="126.383486"/><trkpt lat="34.789912" lon="126.383527"/><trkpt lat="34.789835" lon="126.382842"/><trkpt lat="34.789716" lon="126.381675"/><trkpt lat="34.789699" lon="126.381369"/><trkpt lat="34.789346" lon="126.381261"/><trkpt lat="34.789116" lon="126.381189"/><trkpt lat="34.788995" lon="126.381149"/><trkpt lat="34.788888" lon="126.381107"/><trkpt lat="34.78883" lon="126.38105"/><trkpt lat="34.788671" lon="126.381029"/><trkpt lat="34.788534" lon="126.381004"/><trkpt lat="34.788493" lon="126.380959"/><trkpt lat="34.788429" lon="126.380784"/><trkpt lat="34.78836" lon="126.380619"/><trkpt lat="34.788266" lon="126.380427"/><trkpt lat="34.788192" lon="126.380268"/><trkpt lat="34.787985" lon="126.379936"/><trkpt lat="34.787889" lon="126.379763"/><trkpt lat="34.787821" lon="126.379686"/><trkpt lat="34.787757" lon="126.379636"/><trkpt lat="34.787698" lon="126.379599"/><trkpt lat="34.787558" lon="126.379511"/><trkpt lat="34.787429" lon="126.379402"/><trkpt lat="34.787318" lon="126.37932"/><trkpt lat="34.787275" lon="126.379292"/><trkpt lat="34.78716" lon="126.379217"/><trkpt lat="34.78667" lon="126.37886"/><trkpt lat="34.786527" lon="126.378775"/><trkpt lat="34.785885" lon="126.378213"/><trkpt lat="34.785345" lon="126.377719"/><trkpt lat="34.785245" lon="126.377597"/><trkpt lat="34.784703" lon="126.376906"/><trkpt lat="34.784505" lon="126.376653"/><trkpt lat="34.784304" lon="126.376397"/><trkpt lat="34.7842" lon="126.376236"/><trkpt lat="34.784077" lon="126.376377"/><trkpt lat="34.783977" lon="126.376638"/><trkpt lat="34.78395" lon="126.376719"/><trkpt lat="34.783941" lon="126.376766"/><trkpt lat="34.783942" lon="126.376809"/><trkpt lat="34.783949" lon="126.3769"/><trkpt lat="34.783974" lon="126.377023"/><trkpt lat="34.783976" lon="126.377111"/><trkpt lat="34.783973" lon="126.37719"/><trkpt lat="34.783967" lon="126.377265"/><trkpt lat="34.783941" lon="126.377386"/><trkpt lat="34.783834" lon="126.377748"/><trkpt lat="34.783793" lon="126.3778"/><trkpt lat="34.783732" lon="126.377771"/><trkpt lat="34.783389" lon="126.37758"/><trkpt lat="34.783201" lon="126.377484"/><trkpt lat="34.783126" lon="126.377456"/><trkpt lat="34.782944" lon="126.377371"/><trkpt lat="34.782887" lon="126.377336"/><trkpt lat="34.782855" lon="126.377308"/><trkpt lat="34.782831" lon="126.377274"/><trkpt lat="34.782789" lon="126.377182"/><trkpt lat="34.782643" lon="126.376794"/></trkseg><trkseg><trkpt lat="34.782643" lon="126.376794"/><trkpt lat="34.782789" lon="126.377182"/><trkpt lat="34.782831" lon="126.377274"/><trkpt lat="34.782855" lon="126.377308"/><trkpt lat="34.782887" lon="126.377336"/><trkpt lat="34.782944" lon="126.377371"/><trkpt lat="34.783126" lon="126.377456"/><trkpt lat="34.783201" lon="126.377484"/><trkpt lat="34.783389" lon="126.37758"/><trkpt lat="34.783732" lon="126.377771"/><trkpt lat="34.783793" lon="126.3778"/></trkseg><trkseg><trkpt lat="34.783793" lon="126.3778"/><trkpt lat="34.783834" lon="126.377748"/><trkpt lat="34.783941" lon="126.377386"/><trkpt lat="34.783967" lon="126.377265"/><trkpt lat="34.783973" lon="126.37719"/><trkpt lat="34.783976" lon="126.377111"/><trkpt lat="34.783974" lon="126.377023"/><trkpt lat="34.783949" lon="126.3769"/><trkpt lat="34.783942" lon="126.376809"/><trkpt lat="34.783941" lon="126.376766"/><trkpt lat="34.78395" lon="126.376719"/><trkpt lat="34.783977" lon="126.376638"/><trkpt lat="34.784077" lon="126.376377"/><trkpt lat="34.7842" lon="126.376236"/><trkpt lat="34.784304" lon="126.376397"/><trkpt lat="34.784152" lon="126.376508"/><trkpt lat="34.784142" lon="126.376543"/><trkpt lat="34.784561" lon="126.377719"/><trkpt lat="34.784626" lon="126.377897"/><trkpt lat="34.784637" lon="126.377936"/><trkpt lat="34.784648" lon="126.378014"/><trkpt lat="34.784683" lon="126.378892"/><trkpt lat="34.784713" lon="126.379541"/><trkpt lat="34.784717" lon="126.379614"/><trkpt lat="34.78472" lon="126.379649"/><trkpt lat="34.784725" lon="126.379674"/><trkpt lat="34.784737" lon="126.379687"/><trkpt lat="34.784772" lon="126.379691"/><trkpt lat="34.785369" lon="126.379637"/><trkpt lat="34.785416" lon="126.380578"/><trkpt lat="34.785437" lon="126.380952"/><trkpt lat="34.786067" lon="126.380911"/><trkpt lat="34.786087" lon="126.381341"/><trkpt lat="34.786129" lon="126.38222"/><trkpt lat="34.786211" lon="126.383195"/><trkpt lat="34.786239" lon="126.383998"/><trkpt lat="34.786639" lon="126.383976"/></trkseg></trk><trk><name>mokpo 서산동 골목 월</name><desc>walking-geometry-checked · </desc><trkseg><trkpt lat="34.792355" lon="126.3843"/><trkpt lat="34.792273" lon="126.384274"/><trkpt lat="34.792174" lon="126.384238"/><trkpt lat="34.7918" lon="126.384101"/><trkpt lat="34.791719" lon="126.384065"/><trkpt lat="34.791823" lon="126.383872"/><trkpt lat="34.791298" lon="126.38405"/><trkpt lat="34.790846" lon="126.384188"/><trkpt lat="34.790776" lon="126.384219"/><trkpt lat="34.790733" lon="126.384403"/><trkpt lat="34.790589" lon="126.384989"/><trkpt lat="34.790471" lon="126.385631"/><trkpt lat="34.790206" lon="126.38554"/><trkpt lat="34.790149" lon="126.385708"/><trkpt lat="34.789767" lon="126.386208"/></trkseg><trkseg><trkpt lat="34.789767" lon="126.386208"/><trkpt lat="34.790149" lon="126.385708"/><trkpt lat="34.790206" lon="126.38554"/><trkpt lat="34.790471" lon="126.385631"/><trkpt lat="34.790602" lon="126.385677"/><trkpt lat="34.790882" lon="126.385774"/><trkpt lat="34.791127" lon="126.385854"/></trkseg><trkseg><trkpt lat="34.791127" lon="126.385854"/><trkpt lat="34.790882" lon="126.385774"/><trkpt lat="34.790602" lon="126.385677"/><trkpt lat="34.790471" lon="126.385631"/><trkpt lat="34.790206" lon="126.38554"/><trkpt lat="34.790167" lon="126.38551"/><trkpt lat="34.790053" lon="126.384486"/><trkpt lat="34.789953" lon="126.383816"/><trkpt lat="34.789912" lon="126.383527"/><trkpt lat="34.790029" lon="126.383486"/></trkseg><trkseg><trkpt lat="34.790029" lon="126.383486"/><trkpt lat="34.789912" lon="126.383527"/><trkpt lat="34.789835" lon="126.382842"/><trkpt lat="34.789716" lon="126.381675"/><trkpt lat="34.789699" lon="126.381369"/><trkpt lat="34.789346" lon="126.381261"/><trkpt lat="34.789116" lon="126.381189"/><trkpt lat="34.788995" lon="126.381149"/><trkpt lat="34.788888" lon="126.381107"/><trkpt lat="34.78883" lon="126.38105"/><trkpt lat="34.788671" lon="126.381029"/><trkpt lat="34.788534" lon="126.381004"/><trkpt lat="34.788493" lon="126.380959"/><trkpt lat="34.788429" lon="126.380784"/><trkpt lat="34.78836" lon="126.380619"/><trkpt lat="34.788266" lon="126.380427"/><trkpt lat="34.788192" lon="126.380268"/><trkpt lat="34.787985" lon="126.379936"/><trkpt lat="34.787889" lon="126.379763"/><trkpt lat="34.787821" lon="126.379686"/><trkpt lat="34.787757" lon="126.379636"/><trkpt lat="34.787698" lon="126.379599"/><trkpt lat="34.787558" lon="126.379511"/><trkpt lat="34.787429" lon="126.379402"/><trkpt lat="34.787318" lon="126.37932"/><trkpt lat="34.787275" lon="126.379292"/><trkpt lat="34.78716" lon="126.379217"/><trkpt lat="34.78667" lon="126.37886"/><trkpt lat="34.786527" lon="126.378775"/><trkpt lat="34.785885" lon="126.378213"/><trkpt lat="34.785345" lon="126.377719"/><trkpt lat="34.785245" lon="126.377597"/><trkpt lat="34.784703" lon="126.376906"/><trkpt lat="34.784505" lon="126.376653"/><trkpt lat="34.784304" lon="126.376397"/><trkpt lat="34.7842" lon="126.376236"/><trkpt lat="34.784077" lon="126.376377"/><trkpt lat="34.783977" lon="126.376638"/><trkpt lat="34.78395" lon="126.376719"/><trkpt lat="34.783941" lon="126.376766"/><trkpt lat="34.783942" lon="126.376809"/><trkpt lat="34.783949" lon="126.3769"/><trkpt lat="34.783974" lon="126.377023"/><trkpt lat="34.783976" lon="126.377111"/><trkpt lat="34.783973" lon="126.37719"/><trkpt lat="34.783967" lon="126.377265"/><trkpt lat="34.783941" lon="126.377386"/><trkpt lat="34.783834" lon="126.377748"/><trkpt lat="34.783793" lon="126.3778"/><trkpt lat="34.783732" lon="126.377771"/><trkpt lat="34.783389" lon="126.37758"/><trkpt lat="34.783201" lon="126.377484"/><trkpt lat="34.783126" lon="126.377456"/><trkpt lat="34.782944" lon="126.377371"/><trkpt lat="34.782887" lon="126.377336"/><trkpt lat="34.782855" lon="126.377308"/><trkpt lat="34.782831" lon="126.377274"/><trkpt lat="34.782789" lon="126.377182"/><trkpt lat="34.782643" lon="126.376794"/></trkseg><trkseg><trkpt lat="34.782643" lon="126.376794"/><trkpt lat="34.782789" lon="126.377182"/><trkpt lat="34.782831" lon="126.377274"/><trkpt lat="34.782855" lon="126.377308"/><trkpt lat="34.782887" lon="126.377336"/><trkpt lat="34.782944" lon="126.377371"/><trkpt lat="34.783126" lon="126.377456"/><trkpt lat="34.783201" lon="126.377484"/><trkpt lat="34.783389" lon="126.37758"/><trkpt lat="34.783732" lon="126.377771"/><trkpt lat="34.783793" lon="126.3778"/></trkseg><trkseg><trkpt lat="34.783793" lon="126.3778"/><trkpt lat="34.783834" lon="126.377748"/><trkpt lat="34.783941" lon="126.377386"/><trkpt lat="34.783967" lon="126.377265"/><trkpt lat="34.783973" lon="126.37719"/><trkpt lat="34.783976" lon="126.377111"/><trkpt lat="34.783974" lon="126.377023"/><trkpt lat="34.783949" lon="126.3769"/><trkpt lat="34.783942" lon="126.376809"/><trkpt lat="34.783941" lon="126.376766"/><trkpt lat="34.78395" lon="126.376719"/><trkpt lat="34.783977" lon="126.376638"/><trkpt lat="34.784077" lon="126.376377"/><trkpt lat="34.7842" lon="126.376236"/><trkpt lat="34.784304" lon="126.376397"/><trkpt lat="34.784152" lon="126.376508"/><trkpt lat="34.784142" lon="126.376543"/><trkpt lat="34.784561" lon="126.377719"/><trkpt lat="34.784626" lon="126.377897"/><trkpt lat="34.784637" lon="126.377936"/><trkpt lat="34.784648" lon="126.378014"/><trkpt lat="34.784683" lon="126.378892"/><trkpt lat="34.784713" lon="126.379541"/><trkpt lat="34.784717" lon="126.379614"/><trkpt lat="34.78472" lon="126.379649"/><trkpt lat="34.784725" lon="126.379674"/><trkpt lat="34.784737" lon="126.379687"/><trkpt lat="34.784772" lon="126.379691"/><trkpt lat="34.785369" lon="126.379637"/><trkpt lat="34.785416" lon="126.380578"/><trkpt lat="34.785437" lon="126.380952"/><trkpt lat="34.786067" lon="126.380911"/><trkpt lat="34.786087" lon="126.381341"/><trkpt lat="34.786129" lon="126.38222"/><trkpt lat="34.786211" lon="126.383195"/><trkpt lat="34.786239" lon="126.383998"/><trkpt lat="34.786639" lon="126.383976"/></trkseg></trk><trk><name>mokpo 갓바위 문화타운 일·화·수·목·금·토</name><desc>needs-review · 갓바위 해상보행교 2026년 보수 통제 뒤 재개방 여부 미확인: 현장 접근 확인 전 추천 보류</desc><trkseg><trkpt lat="34.792394" lon="126.41603"/><trkpt lat="34.792406" lon="126.416095"/><trkpt lat="34.792522" lon="126.416403"/><trkpt lat="34.792601" lon="126.41687"/><trkpt lat="34.79267" lon="126.417065"/></trkseg><trkseg><trkpt lat="34.79267" lon="126.417065"/><trkpt lat="34.792688" lon="126.417115"/><trkpt lat="34.792786" lon="126.417324"/><trkpt lat="34.792811" lon="126.417365"/><trkpt lat="34.792789" lon="126.417397"/><trkpt lat="34.792786" lon="126.41744"/><trkpt lat="34.792804" lon="126.41751"/><trkpt lat="34.792828" lon="126.417566"/><trkpt lat="34.792866" lon="126.417633"/><trkpt lat="34.792912" lon="126.417676"/><trkpt lat="34.792957" lon="126.417713"/><trkpt lat="34.792978" lon="126.41773"/><trkpt lat="34.793159" lon="126.41781"/><trkpt lat="34.793249" lon="126.417848"/><trkpt lat="34.793293" lon="126.41784"/><trkpt lat="34.793322" lon="126.417816"/><trkpt lat="34.793347" lon="126.417834"/><trkpt lat="34.793355" lon="126.418268"/><trkpt lat="34.793498" lon="126.418271"/><trkpt lat="34.793502" lon="126.418768"/><trkpt lat="34.793507" lon="126.419311"/><trkpt lat="34.793331" lon="126.419329"/><trkpt lat="34.793347" lon="126.420247"/><trkpt lat="34.793329" lon="126.420294"/><trkpt lat="34.792708" lon="126.420808"/><trkpt lat="34.792792" lon="126.421084"/></trkseg><trkseg><trkpt lat="34.792792" lon="126.421084"/><trkpt lat="34.792829" lon="126.421207"/><trkpt lat="34.792849" lon="126.421344"/><trkpt lat="34.793485" lon="126.421119"/><trkpt lat="34.793496" lon="126.421161"/></trkseg><trkseg><trkpt lat="34.793496" lon="126.421161"/><trkpt lat="34.793485" lon="126.421119"/><trkpt lat="34.792849" lon="126.421344"/><trkpt lat="34.79287" lon="126.421496"/><trkpt lat="34.792885" lon="126.421846"/><trkpt lat="34.792913" lon="126.422424"/><trkpt lat="34.792962" lon="126.423455"/><trkpt lat="34.79299" lon="126.423644"/><trkpt lat="34.793044" lon="126.423793"/><trkpt lat="34.793138" lon="126.423965"/><trkpt lat="34.793249" lon="126.424117"/><trkpt lat="34.793364" lon="126.424238"/><trkpt lat="34.793478" lon="126.424325"/><trkpt lat="34.793589" lon="126.4244"/><trkpt lat="34.793527" lon="126.424844"/><trkpt lat="34.793493" lon="126.424888"/><trkpt lat="34.793433" lon="126.424913"/><trkpt lat="34.792678" lon="126.425221"/><trkpt lat="34.792588" lon="126.425238"/><trkpt lat="34.792435" lon="126.425201"/><trkpt lat="34.792245" lon="126.425206"/><trkpt lat="34.792142" lon="126.425229"/><trkpt lat="34.792066" lon="126.425246"/><trkpt lat="34.792033" lon="126.425271"/><trkpt lat="34.791881" lon="126.425431"/><trkpt lat="34.791868" lon="126.425448"/></trkseg><trkseg><trkpt lat="34.791868" lon="126.425448"/><trkpt lat="34.791636" lon="126.425745"/><trkpt lat="34.791819" lon="126.426057"/><trkpt lat="34.792337" lon="126.426268"/><trkpt lat="34.792573" lon="126.426185"/><trkpt lat="34.792789" lon="126.425983"/><trkpt lat="34.793028" lon="126.426024"/><trkpt lat="34.793245" lon="126.42617"/><trkpt lat="34.793421" lon="126.426214"/><trkpt lat="34.793631" lon="126.42635"/><trkpt lat="34.793673" lon="126.426378"/><trkpt lat="34.793842" lon="126.426472"/><trkpt lat="34.793822" lon="126.426519"/><trkpt lat="34.793806" lon="126.426574"/><trkpt lat="34.793805" lon="126.42661"/><trkpt lat="34.793813" lon="126.426657"/><trkpt lat="34.793832" lon="126.426701"/><trkpt lat="34.793872" lon="126.426796"/><trkpt lat="34.793914" lon="126.426896"/><trkpt lat="34.793939" lon="126.426964"/><trkpt lat="34.793968" lon="126.427056"/><trkpt lat="34.793987" lon="126.427153"/><trkpt lat="34.794001" lon="126.427256"/><trkpt lat="34.794008" lon="126.427343"/><trkpt lat="34.794009" lon="126.427354"/><trkpt lat="34.794014" lon="126.427446"/><trkpt lat="34.794012" lon="126.427525"/><trkpt lat="34.794007" lon="126.4276"/><trkpt lat="34.793996" lon="126.427677"/><trkpt lat="34.793986" lon="126.42772"/><trkpt lat="34.793979" lon="126.42776"/><trkpt lat="34.793978" lon="126.427793"/><trkpt lat="34.793981" lon="126.427829"/><trkpt lat="34.793996" lon="126.427885"/><trkpt lat="34.794026" lon="126.427946"/><trkpt lat="34.794133" lon="126.428174"/><trkpt lat="34.794283" lon="126.428459"/><trkpt lat="34.794229" lon="126.428438"/><trkpt lat="34.794171" lon="126.428466"/><trkpt lat="34.793939" lon="126.428646"/><trkpt lat="34.793883" lon="126.428702"/><trkpt lat="34.794454" lon="126.429915"/><trkpt lat="34.794557" lon="126.43013"/></trkseg><trkseg><trkpt lat="34.794557" lon="126.43013"/><trkpt lat="34.794955" lon="126.430962"/><trkpt lat="34.795435" lon="126.430638"/><trkpt lat="34.795599" lon="126.43052"/></trkseg><trkseg><trkpt lat="34.795599" lon="126.43052"/><trkpt lat="34.795435" lon="126.430638"/><trkpt lat="34.79521" lon="126.430177"/><trkpt lat="34.795357" lon="126.430071"/></trkseg></trk><trk><name>mokpo 갓바위 문화타운 월</name><desc>needs-review · 갓바위 해상보행교 2026년 보수 통제 뒤 재개방 여부 미확인: 현장 접근 확인 전 추천 보류</desc><trkseg><trkpt lat="34.791868" lon="126.425448"/><trkpt lat="34.791636" lon="126.425745"/><trkpt lat="34.791819" lon="126.426057"/><trkpt lat="34.792337" lon="126.426268"/><trkpt lat="34.792573" lon="126.426185"/><trkpt lat="34.792789" lon="126.425983"/><trkpt lat="34.793028" lon="126.426024"/><trkpt lat="34.793245" lon="126.42617"/><trkpt lat="34.793421" lon="126.426214"/><trkpt lat="34.793631" lon="126.42635"/><trkpt lat="34.793617" lon="126.426499"/><trkpt lat="34.79367" lon="126.426618"/><trkpt lat="34.793837" lon="126.426872"/><trkpt lat="34.793925" lon="126.427241"/><trkpt lat="34.793925" lon="126.427619"/><trkpt lat="34.793801" lon="126.42804"/><trkpt lat="34.793592" lon="126.428444"/><trkpt lat="34.793571" lon="126.428628"/><trkpt lat="34.793711" lon="126.429044"/><trkpt lat="34.795128" lon="126.431972"/><trkpt lat="34.795767" lon="126.433308"/></trkseg><trkseg><trkpt lat="34.795767" lon="126.433308"/><trkpt lat="34.795128" lon="126.431972"/><trkpt lat="34.793711" lon="126.429044"/><trkpt lat="34.793571" lon="126.428628"/><trkpt lat="34.793592" lon="126.428444"/><trkpt lat="34.793801" lon="126.42804"/><trkpt lat="34.793925" lon="126.427619"/><trkpt lat="34.793925" lon="126.427241"/><trkpt lat="34.793837" lon="126.426872"/><trkpt lat="34.79367" lon="126.426618"/><trkpt lat="34.793617" lon="126.426499"/><trkpt lat="34.793631" lon="126.42635"/><trkpt lat="34.793673" lon="126.426378"/><trkpt lat="34.793842" lon="126.426472"/><trkpt lat="34.793822" lon="126.426519"/><trkpt lat="34.793806" lon="126.426574"/><trkpt lat="34.793805" lon="126.42661"/><trkpt lat="34.793813" lon="126.426657"/><trkpt lat="34.793832" lon="126.426701"/><trkpt lat="34.793872" lon="126.426796"/><trkpt lat="34.793914" lon="126.426896"/><trkpt lat="34.793939" lon="126.426964"/><trkpt lat="34.793968" lon="126.427056"/><trkpt lat="34.793987" lon="126.427153"/><trkpt lat="34.794001" lon="126.427256"/><trkpt lat="34.794008" lon="126.427343"/><trkpt lat="34.794009" lon="126.427354"/><trkpt lat="34.794014" lon="126.427446"/><trkpt lat="34.794012" lon="126.427525"/><trkpt lat="34.794007" lon="126.4276"/><trkpt lat="34.793996" lon="126.427677"/><trkpt lat="34.793986" lon="126.42772"/><trkpt lat="34.793979" lon="126.42776"/><trkpt lat="34.793978" lon="126.427793"/><trkpt lat="34.793981" lon="126.427829"/><trkpt lat="34.793996" lon="126.427885"/><trkpt lat="34.794026" lon="126.427946"/><trkpt lat="34.794133" lon="126.428174"/><trkpt lat="34.794283" lon="126.428459"/><trkpt lat="34.794229" lon="126.428438"/><trkpt lat="34.794171" lon="126.428466"/><trkpt lat="34.793939" lon="126.428646"/><trkpt lat="34.793883" lon="126.428702"/><trkpt lat="34.794454" lon="126.429915"/><trkpt lat="34.794557" lon="126.43013"/></trkseg><trkseg><trkpt lat="34.794557" lon="126.43013"/><trkpt lat="34.794955" lon="126.430962"/><trkpt lat="34.795435" lon="126.430638"/><trkpt lat="34.795599" lon="126.43052"/></trkseg><trkseg><trkpt lat="34.795599" lon="126.43052"/><trkpt lat="34.795435" lon="126.430638"/><trkpt lat="34.79521" lon="126.430177"/><trkpt lat="34.795357" lon="126.430071"/></trkseg></trk><trk><name>mokpo 평화광장·밤바다 일·월·화·수·목·금·토</name><desc>needs-review · 갓바위 해상보행교 2026년 보수 통제 뒤 재개방 여부 미확인: 현장 접근 확인 전 추천 보류</desc><trkseg><trkpt lat="34.791868" lon="126.425448"/><trkpt lat="34.791636" lon="126.425745"/><trkpt lat="34.791819" lon="126.426057"/><trkpt lat="34.792337" lon="126.426268"/><trkpt lat="34.792573" lon="126.426185"/><trkpt lat="34.792789" lon="126.425983"/><trkpt lat="34.793028" lon="126.426024"/><trkpt lat="34.793245" lon="126.42617"/><trkpt lat="34.793421" lon="126.426214"/><trkpt lat="34.793631" lon="126.42635"/><trkpt lat="34.793673" lon="126.426378"/><trkpt lat="34.793842" lon="126.426472"/><trkpt lat="34.793822" lon="126.426519"/><trkpt lat="34.793806" lon="126.426574"/><trkpt lat="34.793805" lon="126.42661"/><trkpt lat="34.793813" lon="126.426657"/><trkpt lat="34.793832" lon="126.426701"/><trkpt lat="34.793872" lon="126.426796"/><trkpt lat="34.793914" lon="126.426896"/><trkpt lat="34.793939" lon="126.426964"/><trkpt lat="34.793968" lon="126.427056"/><trkpt lat="34.793987" lon="126.427153"/><trkpt lat="34.794001" lon="126.427256"/><trkpt lat="34.794008" lon="126.427343"/><trkpt lat="34.794009" lon="126.427354"/><trkpt lat="34.794014" lon="126.427446"/><trkpt lat="34.794012" lon="126.427525"/><trkpt lat="34.794007" lon="126.4276"/><trkpt lat="34.793996" lon="126.427677"/><trkpt lat="34.793986" lon="126.42772"/><trkpt lat="34.793979" lon="126.42776"/><trkpt lat="34.793978" lon="126.427793"/><trkpt lat="34.793981" lon="126.427829"/><trkpt lat="34.793996" lon="126.427885"/><trkpt lat="34.794026" lon="126.427946"/><trkpt lat="34.794133" lon="126.428174"/><trkpt lat="34.794283" lon="126.428459"/><trkpt lat="34.794229" lon="126.428438"/><trkpt lat="34.794171" lon="126.428466"/><trkpt lat="34.793939" lon="126.428646"/><trkpt lat="34.793883" lon="126.428702"/><trkpt lat="34.794384" lon="126.429766"/></trkseg><trkseg><trkpt lat="34.794384" lon="126.429766"/><trkpt lat="34.794454" lon="126.429915"/><trkpt lat="34.794955" lon="126.430962"/><trkpt lat="34.795435" lon="126.430638"/><trkpt lat="34.795599" lon="126.43052"/></trkseg><trkseg><trkpt lat="34.795599" lon="126.43052"/><trkpt lat="34.795435" lon="126.430638"/><trkpt lat="34.79521" lon="126.430177"/><trkpt lat="34.79493" lon="126.42959"/><trkpt lat="34.794346" lon="126.428512"/><trkpt lat="34.794283" lon="126.428459"/><trkpt lat="34.794133" lon="126.428174"/><trkpt lat="34.794026" lon="126.427946"/><trkpt lat="34.793996" lon="126.427885"/><trkpt lat="34.793981" lon="126.427829"/><trkpt lat="34.793978" lon="126.427793"/><trkpt lat="34.793979" lon="126.42776"/><trkpt lat="34.793986" lon="126.42772"/><trkpt lat="34.793996" lon="126.427677"/><trkpt lat="34.794007" lon="126.4276"/><trkpt lat="34.794012" lon="126.427525"/><trkpt lat="34.794014" lon="126.427446"/><trkpt lat="34.794009" lon="126.427354"/><trkpt lat="34.794008" lon="126.427343"/><trkpt lat="34.794001" lon="126.427256"/><trkpt lat="34.793987" lon="126.427153"/><trkpt lat="34.793968" lon="126.427056"/><trkpt lat="34.793939" lon="126.426964"/><trkpt lat="34.793914" lon="126.426896"/><trkpt lat="34.793872" lon="126.426796"/><trkpt lat="34.793832" lon="126.426701"/><trkpt lat="34.793813" lon="126.426657"/><trkpt lat="34.793805" lon="126.42661"/><trkpt lat="34.793806" lon="126.426574"/><trkpt lat="34.793822" lon="126.426519"/><trkpt lat="34.793842" lon="126.426472"/><trkpt lat="34.793673" lon="126.426378"/><trkpt lat="34.793631" lon="126.42635"/><trkpt lat="34.793617" lon="126.426499"/><trkpt lat="34.79367" lon="126.426618"/><trkpt lat="34.793837" lon="126.426872"/><trkpt lat="34.793925" lon="126.427241"/><trkpt lat="34.793925" lon="126.427619"/><trkpt lat="34.793801" lon="126.42804"/><trkpt lat="34.793592" lon="126.428444"/><trkpt lat="34.793571" lon="126.428628"/><trkpt lat="34.793711" lon="126.429044"/><trkpt lat="34.795128" lon="126.431972"/><trkpt lat="34.795767" lon="126.433308"/></trkseg><trkseg><trkpt lat="34.795767" lon="126.433308"/><trkpt lat="34.795128" lon="126.431972"/><trkpt lat="34.793711" lon="126.429044"/><trkpt lat="34.793571" lon="126.428628"/><trkpt lat="34.793592" lon="126.428444"/><trkpt lat="34.793801" lon="126.42804"/><trkpt lat="34.793925" lon="126.427619"/><trkpt lat="34.793925" lon="126.427241"/><trkpt lat="34.793837" lon="126.426872"/><trkpt lat="34.79367" lon="126.426618"/><trkpt lat="34.793617" lon="126.426499"/><trkpt lat="34.793631" lon="126.42635"/><trkpt lat="34.793673" lon="126.426378"/><trkpt lat="34.793842" lon="126.426472"/><trkpt lat="34.793822" lon="126.426519"/><trkpt lat="34.793806" lon="126.426574"/><trkpt lat="34.793805" lon="126.42661"/><trkpt lat="34.793813" lon="126.426657"/><trkpt lat="34.793832" lon="126.426701"/><trkpt lat="34.793872" lon="126.426796"/><trkpt lat="34.793914" lon="126.426896"/><trkpt lat="34.793939" lon="126.426964"/><trkpt lat="34.793968" lon="126.427056"/><trkpt lat="34.793987" lon="126.427153"/><trkpt lat="34.794001" lon="126.427256"/><trkpt lat="34.794008" lon="126.427343"/><trkpt lat="34.794009" lon="126.427354"/><trkpt lat="34.794014" lon="126.427446"/><trkpt lat="34.794012" lon="126.427525"/><trkpt lat="34.794007" lon="126.4276"/><trkpt lat="34.793996" lon="126.427677"/><trkpt lat="34.793986" lon="126.42772"/><trkpt lat="34.793979" lon="126.42776"/><trkpt lat="34.793978" lon="126.427793"/><trkpt lat="34.793981" lon="126.427829"/><trkpt lat="34.793996" lon="126.427885"/><trkpt lat="34.794026" lon="126.427946"/><trkpt lat="34.794133" lon="126.428174"/><trkpt lat="34.794283" lon="126.428459"/><trkpt lat="34.794229" lon="126.428438"/><trkpt lat="34.794171" lon="126.428466"/><trkpt lat="34.793939" lon="126.428646"/><trkpt lat="34.793883" lon="126.428702"/><trkpt lat="34.794454" lon="126.429915"/><trkpt lat="34.794557" lon="126.43013"/></trkseg><trkseg><trkpt lat="34.794557" lon="126.43013"/><trkpt lat="34.794955" lon="126.430962"/><trkpt lat="34.795448" lon="126.431991"/><trkpt lat="34.79556" lon="126.431915"/><trkpt lat="34.795795" lon="126.431755"/><trkpt lat="34.795965" lon="126.431739"/><trkpt lat="34.796307" lon="126.431492"/><trkpt lat="34.796374" lon="126.431446"/><trkpt lat="34.796486" lon="126.431371"/><trkpt lat="34.796796" lon="126.431154"/><trkpt lat="34.797187" lon="126.430879"/><trkpt lat="34.797368" lon="126.431262"/><trkpt lat="34.797419" lon="126.431331"/><trkpt lat="34.797486" lon="126.431379"/><trkpt lat="34.797579" lon="126.431427"/><trkpt lat="34.797773" lon="126.431434"/><trkpt lat="34.797903" lon="126.431345"/></trkseg></trk><trk><name>mokpo 삼학도 해양·평화 일·화·수·목·금·토</name><desc>walking-geometry-checked · </desc><trkseg><trkpt lat="34.792355" lon="126.3843"/><trkpt lat="34.792273" lon="126.384274"/><trkpt lat="34.792174" lon="126.384238"/><trkpt lat="34.7918" lon="126.384101"/><trkpt lat="34.791719" lon="126.384065"/><trkpt lat="34.791823" lon="126.383872"/><trkpt lat="34.791298" lon="126.38405"/><trkpt lat="34.790846" lon="126.384188"/><trkpt lat="34.790776" lon="126.384219"/><trkpt lat="34.790733" lon="126.384403"/><trkpt lat="34.790589" lon="126.384989"/><trkpt lat="34.790471" lon="126.385631"/><trkpt lat="34.790602" lon="126.385677"/><trkpt lat="34.790476" lon="126.386112"/><trkpt lat="34.790421" lon="126.386293"/><trkpt lat="34.790311" lon="126.386504"/><trkpt lat="34.7903" lon="126.386554"/><trkpt lat="34.79011" lon="126.387347"/><trkpt lat="34.790002" lon="126.387457"/><trkpt lat="34.789826" lon="126.388107"/><trkpt lat="34.789754" lon="126.388343"/><trkpt lat="34.789525" lon="126.388089"/><trkpt lat="34.789437" lon="126.388206"/><trkpt lat="34.788988" lon="126.388803"/><trkpt lat="34.788447" lon="126.389521"/><trkpt lat="34.7883" lon="126.389715"/><trkpt lat="34.787941" lon="126.390197"/></trkseg><trkseg><trkpt lat="34.787941" lon="126.390197"/><trkpt lat="34.7883" lon="126.389715"/><trkpt lat="34.788447" lon="126.389521"/><trkpt lat="34.7881" lon="126.389137"/><trkpt lat="34.787956" lon="126.388978"/><trkpt lat="34.787784" lon="126.388788"/><trkpt lat="34.787548" lon="126.388527"/><trkpt lat="34.787463" lon="126.388432"/><trkpt lat="34.787372" lon="126.388332"/><trkpt lat="34.787102" lon="126.388034"/><trkpt lat="34.786435" lon="126.387292"/><trkpt lat="34.785831" lon="126.386592"/><trkpt lat="34.785374" lon="126.386098"/><trkpt lat="34.784748" lon="126.38549"/><trkpt lat="34.784878" lon="126.385182"/><trkpt lat="34.785046" lon="126.384736"/><trkpt lat="34.78506" lon="126.384675"/><trkpt lat="34.785059" lon="126.384601"/><trkpt lat="34.785104" lon="126.384623"/><trkpt lat="34.785272" lon="126.384788"/></trkseg><trkseg><trkpt lat="34.785272" lon="126.384788"/><trkpt lat="34.785104" lon="126.384623"/><trkpt lat="34.785059" lon="126.384601"/><trkpt lat="34.78506" lon="126.384675"/><trkpt lat="34.785046" lon="126.384736"/><trkpt lat="34.784878" lon="126.385182"/><trkpt lat="34.784748" lon="126.38549"/><trkpt lat="34.785374" lon="126.386098"/><trkpt lat="34.785686" lon="126.386435"/></trkseg><trkseg><trkpt lat="34.785686" lon="126.386435"/><trkpt lat="34.785831" lon="126.386592"/><trkpt lat="34.785555" lon="126.386895"/><trkpt lat="34.78603" lon="126.387755"/><trkpt lat="34.785883" lon="126.387869"/><trkpt lat="34.786782" lon="126.389507"/><trkpt lat="34.787091" lon="126.390056"/><trkpt lat="34.787159" lon="126.390164"/><trkpt lat="34.787368" lon="126.390443"/><trkpt lat="34.787772" lon="126.390917"/><trkpt lat="34.788346" lon="126.391685"/><trkpt lat="34.788212" lon="126.391952"/><trkpt lat="34.788183" lon="126.392009"/><trkpt lat="34.787952" lon="126.392358"/><trkpt lat="34.787084" lon="126.393493"/><trkpt lat="34.787208" lon="126.393772"/><trkpt lat="34.787171" lon="126.393849"/><trkpt lat="34.787148" lon="126.393963"/><trkpt lat="34.787141" lon="126.394074"/><trkpt lat="34.786886" lon="126.394104"/><trkpt lat="34.786644" lon="126.394275"/><trkpt lat="34.786569" lon="126.394314"/><trkpt lat="34.786521" lon="126.394352"/><trkpt lat="34.78631" lon="126.39451"/><trkpt lat="34.786207" lon="126.394569"/><trkpt lat="34.78613" lon="126.394605"/><trkpt lat="34.786084" lon="126.394621"/><trkpt lat="34.786034" lon="126.394627"/><trkpt lat="34.78592" lon="126.394633"/><trkpt lat="34.785838" lon="126.394626"/><trkpt lat="34.785748" lon="126.394619"/><trkpt lat="34.785709" lon="126.39462"/><trkpt lat="34.785715" lon="126.394674"/><trkpt lat="34.785713" lon="126.394711"/><trkpt lat="34.78568" lon="126.394789"/><trkpt lat="34.785545" lon="126.394832"/><trkpt lat="34.785443" lon="126.39486"/><trkpt lat="34.78516" lon="126.394953"/><trkpt lat="34.785061" lon="126.395001"/><trkpt lat="34.784891" lon="126.39517"/><trkpt lat="34.784796" lon="126.395339"/><trkpt lat="34.784691" lon="126.395639"/><trkpt lat="34.784607" lon="126.395856"/><trkpt lat="34.78451" lon="126.39602"/><trkpt lat="34.784435" lon="126.396176"/><trkpt lat="34.784439" lon="126.396287"/><trkpt lat="34.784509" lon="126.396387"/><trkpt lat="34.784471" lon="126.396491"/></trkseg><trkseg><trkpt lat="34.784471" lon="126.396491"/><trkpt lat="34.784509" lon="126.396387"/><trkpt lat="34.784439" lon="126.396287"/><trkpt lat="34.784435" lon="126.396176"/><trkpt lat="34.78451" lon="126.39602"/><trkpt lat="34.784607" lon="126.395856"/><trkpt lat="34.784691" lon="126.395639"/><trkpt lat="34.784796" lon="126.395339"/><trkpt lat="34.784891" lon="126.39517"/><trkpt lat="34.785061" lon="126.395001"/><trkpt lat="34.78516" lon="126.394953"/><trkpt lat="34.785443" lon="126.39486"/><trkpt lat="34.785545" lon="126.394832"/><trkpt lat="34.78568" lon="126.394789"/><trkpt lat="34.785713" lon="126.394711"/><trkpt lat="34.785715" lon="126.394674"/><trkpt lat="34.785709" lon="126.39462"/><trkpt lat="34.785359" lon="126.394676"/><trkpt lat="34.784867" lon="126.394603"/><trkpt lat="34.784781" lon="126.394298"/><trkpt lat="34.784732" lon="126.394161"/><trkpt lat="34.784686" lon="126.3941"/><trkpt lat="34.78462" lon="126.39407"/><trkpt lat="34.784569" lon="126.394014"/><trkpt lat="34.784497" lon="126.393888"/><trkpt lat="34.784413" lon="126.393703"/><trkpt lat="34.784325" lon="126.393595"/><trkpt lat="34.784264" lon="126.393558"/><trkpt lat="34.7841" lon="126.393459"/><trkpt lat="34.783684" lon="126.393198"/><trkpt lat="34.783481" lon="126.393056"/><trkpt lat="34.783459" lon="126.39304"/><trkpt lat="34.78334" lon="126.392941"/><trkpt lat="34.783324" lon="126.392918"/><trkpt lat="34.783246" lon="126.392801"/><trkpt lat="34.783195" lon="126.392667"/><trkpt lat="34.783179" lon="126.392549"/><trkpt lat="34.783182" lon="126.392386"/><trkpt lat="34.78319" lon="126.392263"/></trkseg><trkseg><trkpt lat="34.78319" lon="126.392263"/><trkpt lat="34.783195" lon="126.392187"/><trkpt lat="34.783186" lon="126.392064"/><trkpt lat="34.783149" lon="126.391887"/><trkpt lat="34.783076" lon="126.391721"/><trkpt lat="34.782988" lon="126.391533"/><trkpt lat="34.782955" lon="126.391417"/><trkpt lat="34.782942" lon="126.391297"/><trkpt lat="34.78293" lon="126.39113"/><trkpt lat="34.782895" lon="126.39102"/><trkpt lat="34.78282" lon="126.390927"/><trkpt lat="34.782653" lon="126.390827"/><trkpt lat="34.782549" lon="126.390771"/><trkpt lat="34.782494" lon="126.390699"/><trkpt lat="34.782422" lon="126.390559"/><trkpt lat="34.782358" lon="126.390422"/><trkpt lat="34.7823" lon="126.390318"/><trkpt lat="34.782197" lon="126.390216"/><trkpt lat="34.782067" lon="126.39013"/><trkpt lat="34.781994" lon="126.390087"/><trkpt lat="34.781952" lon="126.390033"/><trkpt lat="34.781905" lon="126.389786"/><trkpt lat="34.781814" lon="126.389818"/><trkpt lat="34.781769" lon="126.3896"/><trkpt lat="34.781774" lon="126.389478"/><trkpt lat="34.781802" lon="126.389373"/><trkpt lat="34.781829" lon="126.389317"/><trkpt lat="34.781887" lon="126.389267"/><trkpt lat="34.782105" lon="126.389173"/></trkseg><trkseg><trkpt lat="34.782105" lon="126.389173"/><trkpt lat="34.781887" lon="126.389267"/><trkpt lat="34.781829" lon="126.389317"/><trkpt lat="34.781777" lon="126.389244"/><trkpt lat="34.781705" lon="126.389209"/><trkpt lat="34.78158" lon="126.389148"/><trkpt lat="34.78148" lon="126.3891"/><trkpt lat="34.781516" lon="126.38895"/><trkpt lat="34.781523" lon="126.388884"/><trkpt lat="34.781523" lon="126.388829"/><trkpt lat="34.781514" lon="126.388782"/><trkpt lat="34.781487" lon="126.388697"/><trkpt lat="34.781457" lon="126.388635"/><trkpt lat="34.781436" lon="126.388611"/><trkpt lat="34.781414" lon="126.388598"/><trkpt lat="34.781235" lon="126.388506"/><trkpt lat="34.781138" lon="126.388456"/></trkseg></trk><trk><name>mokpo 삼학도 해양·평화 월</name><desc>walking-geometry-checked · </desc><trkseg><trkpt lat="34.792355" lon="126.3843"/><trkpt lat="34.792273" lon="126.384274"/><trkpt lat="34.792174" lon="126.384238"/><trkpt lat="34.7918" lon="126.384101"/><trkpt lat="34.791719" lon="126.384065"/><trkpt lat="34.791823" lon="126.383872"/><trkpt lat="34.791298" lon="126.38405"/><trkpt lat="34.790846" lon="126.384188"/><trkpt lat="34.790776" lon="126.384219"/><trkpt lat="34.790733" lon="126.384403"/><trkpt lat="34.790589" lon="126.384989"/><trkpt lat="34.790471" lon="126.385631"/><trkpt lat="34.790602" lon="126.385677"/><trkpt lat="34.790476" lon="126.386112"/><trkpt lat="34.790421" lon="126.386293"/><trkpt lat="34.790311" lon="126.386504"/><trkpt lat="34.7903" lon="126.386554"/><trkpt lat="34.79011" lon="126.387347"/><trkpt lat="34.790002" lon="126.387457"/><trkpt lat="34.789826" lon="126.388107"/><trkpt lat="34.789754" lon="126.388343"/><trkpt lat="34.789525" lon="126.388089"/><trkpt lat="34.789437" lon="126.388206"/><trkpt lat="34.788988" lon="126.388803"/><trkpt lat="34.788447" lon="126.389521"/><trkpt lat="34.7883" lon="126.389715"/><trkpt lat="34.787941" lon="126.390197"/></trkseg><trkseg><trkpt lat="34.787941" lon="126.390197"/><trkpt lat="34.7883" lon="126.389715"/><trkpt lat="34.788447" lon="126.389521"/><trkpt lat="34.7881" lon="126.389137"/><trkpt lat="34.787956" lon="126.388978"/><trkpt lat="34.787784" lon="126.388788"/><trkpt lat="34.787548" lon="126.388527"/><trkpt lat="34.787463" lon="126.388432"/><trkpt lat="34.787372" lon="126.388332"/><trkpt lat="34.787102" lon="126.388034"/><trkpt lat="34.786435" lon="126.387292"/><trkpt lat="34.785831" lon="126.386592"/><trkpt lat="34.785686" lon="126.386435"/></trkseg><trkseg><trkpt lat="34.785686" lon="126.386435"/><trkpt lat="34.785831" lon="126.386592"/><trkpt lat="34.785555" lon="126.386895"/><trkpt lat="34.78603" lon="126.387755"/><trkpt lat="34.785883" lon="126.387869"/><trkpt lat="34.786782" lon="126.389507"/><trkpt lat="34.787091" lon="126.390056"/><trkpt lat="34.787159" lon="126.390164"/><trkpt lat="34.787368" lon="126.390443"/><trkpt lat="34.787772" lon="126.390917"/><trkpt lat="34.788346" lon="126.391685"/><trkpt lat="34.788212" lon="126.391952"/><trkpt lat="34.788183" lon="126.392009"/><trkpt lat="34.787952" lon="126.392358"/><trkpt lat="34.787084" lon="126.393493"/><trkpt lat="34.787208" lon="126.393772"/><trkpt lat="34.787171" lon="126.393849"/><trkpt lat="34.787148" lon="126.393963"/><trkpt lat="34.787141" lon="126.394074"/><trkpt lat="34.786886" lon="126.394104"/><trkpt lat="34.786644" lon="126.394275"/><trkpt lat="34.786569" lon="126.394314"/><trkpt lat="34.786521" lon="126.394352"/><trkpt lat="34.78631" lon="126.39451"/><trkpt lat="34.786207" lon="126.394569"/><trkpt lat="34.78613" lon="126.394605"/><trkpt lat="34.786084" lon="126.394621"/><trkpt lat="34.786034" lon="126.394627"/><trkpt lat="34.78592" lon="126.394633"/><trkpt lat="34.785838" lon="126.394626"/><trkpt lat="34.785748" lon="126.394619"/><trkpt lat="34.785709" lon="126.39462"/><trkpt lat="34.785715" lon="126.394674"/><trkpt lat="34.785713" lon="126.394711"/><trkpt lat="34.78568" lon="126.394789"/><trkpt lat="34.785545" lon="126.394832"/><trkpt lat="34.785443" lon="126.39486"/><trkpt lat="34.78516" lon="126.394953"/><trkpt lat="34.785061" lon="126.395001"/><trkpt lat="34.784891" lon="126.39517"/><trkpt lat="34.784796" lon="126.395339"/><trkpt lat="34.784691" lon="126.395639"/><trkpt lat="34.784607" lon="126.395856"/><trkpt lat="34.78451" lon="126.39602"/><trkpt lat="34.784435" lon="126.396176"/><trkpt lat="34.784439" lon="126.396287"/><trkpt lat="34.784509" lon="126.396387"/><trkpt lat="34.784471" lon="126.396491"/></trkseg><trkseg><trkpt lat="34.784471" lon="126.396491"/><trkpt lat="34.784509" lon="126.396387"/><trkpt lat="34.784439" lon="126.396287"/><trkpt lat="34.784435" lon="126.396176"/><trkpt lat="34.78451" lon="126.39602"/><trkpt lat="34.784607" lon="126.395856"/><trkpt lat="34.784691" lon="126.395639"/><trkpt lat="34.784796" lon="126.395339"/><trkpt lat="34.784891" lon="126.39517"/><trkpt lat="34.785061" lon="126.395001"/><trkpt lat="34.78516" lon="126.394953"/><trkpt lat="34.785443" lon="126.39486"/><trkpt lat="34.785545" lon="126.394832"/><trkpt lat="34.78568" lon="126.394789"/><trkpt lat="34.785713" lon="126.394711"/><trkpt lat="34.785715" lon="126.394674"/><trkpt lat="34.785709" lon="126.39462"/><trkpt lat="34.785359" lon="126.394676"/><trkpt lat="34.784867" lon="126.394603"/><trkpt lat="34.784781" lon="126.394298"/><trkpt lat="34.784732" lon="126.394161"/><trkpt lat="34.784686" lon="126.3941"/><trkpt lat="34.78462" lon="126.39407"/><trkpt lat="34.784569" lon="126.394014"/><trkpt lat="34.784497" lon="126.393888"/><trkpt lat="34.784413" lon="126.393703"/><trkpt lat="34.784325" lon="126.393595"/><trkpt lat="34.784264" lon="126.393558"/><trkpt lat="34.7841" lon="126.393459"/><trkpt lat="34.783684" lon="126.393198"/><trkpt lat="34.783481" lon="126.393056"/><trkpt lat="34.783459" lon="126.39304"/><trkpt lat="34.78334" lon="126.392941"/><trkpt lat="34.783324" lon="126.392918"/><trkpt lat="34.783246" lon="126.392801"/><trkpt lat="34.783195" lon="126.392667"/><trkpt lat="34.783179" lon="126.392549"/><trkpt lat="34.783182" lon="126.392386"/><trkpt lat="34.783195" lon="126.392187"/><trkpt lat="34.783186" lon="126.392064"/><trkpt lat="34.783149" lon="126.391887"/><trkpt lat="34.783076" lon="126.391721"/><trkpt lat="34.782988" lon="126.391533"/><trkpt lat="34.782955" lon="126.391417"/><trkpt lat="34.782942" lon="126.391297"/><trkpt lat="34.78293" lon="126.39113"/><trkpt lat="34.782895" lon="126.39102"/><trkpt lat="34.78282" lon="126.390927"/><trkpt lat="34.782653" lon="126.390827"/><trkpt lat="34.782549" lon="126.390771"/><trkpt lat="34.782494" lon="126.390699"/><trkpt lat="34.782422" lon="126.390559"/><trkpt lat="34.782358" lon="126.390422"/><trkpt lat="34.7823" lon="126.390318"/><trkpt lat="34.782197" lon="126.390216"/><trkpt lat="34.782067" lon="126.39013"/><trkpt lat="34.781994" lon="126.390087"/><trkpt lat="34.781952" lon="126.390033"/><trkpt lat="34.781905" lon="126.389786"/><trkpt lat="34.781814" lon="126.389818"/><trkpt lat="34.781769" lon="126.3896"/><trkpt lat="34.781774" lon="126.389478"/><trkpt lat="34.781802" lon="126.389373"/><trkpt lat="34.781829" lon="126.389317"/><trkpt lat="34.781777" lon="126.389244"/><trkpt lat="34.781705" lon="126.389209"/><trkpt lat="34.78158" lon="126.389148"/><trkpt lat="34.78148" lon="126.3891"/><trkpt lat="34.781516" lon="126.38895"/><trkpt lat="34.781523" lon="126.388884"/><trkpt lat="34.781523" lon="126.388829"/><trkpt lat="34.781514" lon="126.388782"/><trkpt lat="34.781487" lon="126.388697"/><trkpt lat="34.781457" lon="126.388635"/><trkpt lat="34.781436" lon="126.388611"/><trkpt lat="34.781414" lon="126.388598"/><trkpt lat="34.781235" lon="126.388506"/><trkpt lat="34.781138" lon="126.388456"/></trkseg></trk><trk><name>mokpo 원도심 카페 산책 일·토</name><desc>walking-geometry-checked · </desc><trkseg><trkpt lat="34.791277" lon="126.385214"/><trkpt lat="34.791094" lon="126.385155"/><trkpt lat="34.790589" lon="126.384989"/><trkpt lat="34.790471" lon="126.385631"/><trkpt lat="34.790206" lon="126.38554"/><trkpt lat="34.790167" lon="126.38551"/><trkpt lat="34.789714" lon="126.385314"/><trkpt lat="34.78906" lon="126.386189"/><trkpt lat="34.788855" lon="126.386446"/><trkpt lat="34.788486" lon="126.386912"/><trkpt lat="34.788326" lon="126.386707"/></trkseg><trkseg><trkpt lat="34.788326" lon="126.386707"/><trkpt lat="34.788238" lon="126.386594"/><trkpt lat="34.787525" lon="126.385824"/><trkpt lat="34.786958" lon="126.385139"/><trkpt lat="34.786807" lon="126.385333"/></trkseg><trkseg><trkpt lat="34.786807" lon="126.385333"/><trkpt lat="34.786958" lon="126.385139"/><trkpt lat="34.786922" lon="126.384161"/><trkpt lat="34.786912" lon="126.383961"/><trkpt lat="34.786898" lon="126.383165"/><trkpt lat="34.786843" lon="126.382155"/><trkpt lat="34.786795" lon="126.381282"/><trkpt lat="34.786787" lon="126.381134"/></trkseg><trkseg><trkpt lat="34.786787" lon="126.381134"/><trkpt lat="34.786795" lon="126.381282"/><trkpt lat="34.786087" lon="126.381341"/><trkpt lat="34.786097" lon="126.381557"/></trkseg><trkseg><trkpt lat="34.786097" lon="126.381557"/><trkpt lat="34.786129" lon="126.38222"/><trkpt lat="34.785506" lon="126.382266"/><trkpt lat="34.784867" lon="126.382315"/><trkpt lat="34.784284" lon="126.382343"/><trkpt lat="34.784043" lon="126.382369"/></trkseg><trkseg><trkpt lat="34.784043" lon="126.382369"/><trkpt lat="34.783625" lon="126.382415"/><trkpt lat="34.783235" lon="126.382509"/><trkpt lat="34.78308" lon="126.381656"/><trkpt lat="34.782187" lon="126.381907"/><trkpt lat="34.782012" lon="126.380998"/><trkpt lat="34.781664" lon="126.379119"/><trkpt lat="34.781601" lon="126.378719"/><trkpt lat="34.781574" lon="126.37864"/><trkpt lat="34.781528" lon="126.378558"/><trkpt lat="34.781162" lon="126.377884"/><trkpt lat="34.781136" lon="126.377802"/><trkpt lat="34.781028" lon="126.376851"/><trkpt lat="34.780665" lon="126.376375"/><trkpt lat="34.78054" lon="126.376366"/><trkpt lat="34.780495" lon="126.375917"/><trkpt lat="34.780358" lon="126.374883"/><trkpt lat="34.780256" lon="126.374079"/><trkpt lat="34.780233" lon="126.373787"/><trkpt lat="34.780241" lon="126.373609"/><trkpt lat="34.780304" lon="126.373153"/><trkpt lat="34.780507" lon="126.373167"/></trkseg></trk><trk><name>mokpo 원도심 카페 산책 월</name><desc>walking-geometry-checked · </desc><trkseg><trkpt lat="34.792291" lon="126.384936"/><trkpt lat="34.791559" lon="126.384687"/><trkpt lat="34.791243" lon="126.384577"/><trkpt lat="34.790733" lon="126.384403"/><trkpt lat="34.790776" lon="126.384219"/><trkpt lat="34.790053" lon="126.384486"/><trkpt lat="34.789843" lon="126.384578"/><trkpt lat="34.789795" lon="126.384616"/><trkpt lat="34.789647" lon="126.384734"/><trkpt lat="34.789306" lon="126.385139"/><trkpt lat="34.788788" lon="126.385877"/><trkpt lat="34.78859" lon="126.386131"/><trkpt lat="34.788238" lon="126.386594"/><trkpt lat="34.788326" lon="126.386707"/></trkseg><trkseg><trkpt lat="34.788326" lon="126.386707"/><trkpt lat="34.788238" lon="126.386594"/><trkpt lat="34.787525" lon="126.385824"/><trkpt lat="34.786958" lon="126.385139"/><trkpt lat="34.786807" lon="126.385333"/></trkseg><trkseg><trkpt lat="34.786807" lon="126.385333"/><trkpt lat="34.786958" lon="126.385139"/><trkpt lat="34.786493" lon="126.384659"/><trkpt lat="34.786258" lon="126.384367"/><trkpt lat="34.786239" lon="126.383998"/><trkpt lat="34.786211" lon="126.383195"/><trkpt lat="34.786129" lon="126.38222"/><trkpt lat="34.785506" lon="126.382266"/><trkpt lat="34.784867" lon="126.382315"/><trkpt lat="34.784284" lon="126.382343"/><trkpt lat="34.784043" lon="126.382369"/></trkseg><trkseg><trkpt lat="34.784043" lon="126.382369"/><trkpt lat="34.783625" lon="126.382415"/><trkpt lat="34.783235" lon="126.382509"/><trkpt lat="34.78308" lon="126.381656"/><trkpt lat="34.782187" lon="126.381907"/><trkpt lat="34.782012" lon="126.380998"/><trkpt lat="34.781664" lon="126.379119"/><trkpt lat="34.781601" lon="126.378719"/><trkpt lat="34.781574" lon="126.37864"/><trkpt lat="34.781528" lon="126.378558"/><trkpt lat="34.781162" lon="126.377884"/><trkpt lat="34.781136" lon="126.377802"/><trkpt lat="34.781028" lon="126.376851"/><trkpt lat="34.780665" lon="126.376375"/><trkpt lat="34.78054" lon="126.376366"/><trkpt lat="34.780495" lon="126.375917"/><trkpt lat="34.780358" lon="126.374883"/><trkpt lat="34.780256" lon="126.374079"/><trkpt lat="34.780233" lon="126.373787"/><trkpt lat="34.780241" lon="126.373609"/><trkpt lat="34.780304" lon="126.373153"/><trkpt lat="34.780507" lon="126.373167"/></trkseg></trk><trk><name>mokpo 원도심 카페 산책 화·수·목·금</name><desc>walking-geometry-checked · </desc><trkseg><trkpt lat="34.791277" lon="126.385214"/><trkpt lat="34.791468" lon="126.385275"/><trkpt lat="34.791559" lon="126.384687"/><trkpt lat="34.792291" lon="126.384936"/></trkseg><trkseg><trkpt lat="34.792291" lon="126.384936"/><trkpt lat="34.791559" lon="126.384687"/><trkpt lat="34.791243" lon="126.384577"/><trkpt lat="34.790733" lon="126.384403"/><trkpt lat="34.790776" lon="126.384219"/><trkpt lat="34.790053" lon="126.384486"/><trkpt lat="34.789843" lon="126.384578"/><trkpt lat="34.789795" lon="126.384616"/><trkpt lat="34.789647" lon="126.384734"/><trkpt lat="34.789306" lon="126.385139"/><trkpt lat="34.788788" lon="126.385877"/><trkpt lat="34.78859" lon="126.386131"/><trkpt lat="34.788238" lon="126.386594"/><trkpt lat="34.788326" lon="126.386707"/></trkseg><trkseg><trkpt lat="34.788326" lon="126.386707"/><trkpt lat="34.788238" lon="126.386594"/><trkpt lat="34.787525" lon="126.385824"/><trkpt lat="34.786958" lon="126.385139"/><trkpt lat="34.786807" lon="126.385333"/></trkseg><trkseg><trkpt lat="34.786807" lon="126.385333"/><trkpt lat="34.786958" lon="126.385139"/><trkpt lat="34.786922" lon="126.384161"/><trkpt lat="34.786912" lon="126.383961"/><trkpt lat="34.786898" lon="126.383165"/><trkpt lat="34.786843" lon="126.382155"/><trkpt lat="34.786795" lon="126.381282"/><trkpt lat="34.786787" lon="126.381134"/></trkseg><trkseg><trkpt lat="34.786787" lon="126.381134"/><trkpt lat="34.786795" lon="126.381282"/><trkpt lat="34.786087" lon="126.381341"/><trkpt lat="34.786097" lon="126.381557"/></trkseg><trkseg><trkpt lat="34.786097" lon="126.381557"/><trkpt lat="34.786129" lon="126.38222"/><trkpt lat="34.785506" lon="126.382266"/><trkpt lat="34.784867" lon="126.382315"/><trkpt lat="34.784284" lon="126.382343"/><trkpt lat="34.784043" lon="126.382369"/></trkseg><trkseg><trkpt lat="34.784043" lon="126.382369"/><trkpt lat="34.783625" lon="126.382415"/><trkpt lat="34.783235" lon="126.382509"/><trkpt lat="34.78308" lon="126.381656"/><trkpt lat="34.782187" lon="126.381907"/><trkpt lat="34.782012" lon="126.380998"/><trkpt lat="34.781664" lon="126.379119"/><trkpt lat="34.781601" lon="126.378719"/><trkpt lat="34.781574" lon="126.37864"/><trkpt lat="34.781528" lon="126.378558"/><trkpt lat="34.781162" lon="126.377884"/><trkpt lat="34.781136" lon="126.377802"/><trkpt lat="34.781028" lon="126.376851"/><trkpt lat="34.780665" lon="126.376375"/><trkpt lat="34.78054" lon="126.376366"/><trkpt lat="34.780495" lon="126.375917"/><trkpt lat="34.780358" lon="126.374883"/><trkpt lat="34.780256" lon="126.374079"/><trkpt lat="34.780233" lon="126.373787"/><trkpt lat="34.780241" lon="126.373609"/><trkpt lat="34.780304" lon="126.373153"/><trkpt lat="34.780507" lon="126.373167"/></trkseg></trk><trk><name>gangneung 강문·초당마을 · 확정 방문 순서 일·목·금·토</name><desc>walking-geometry-checked · </desc><trkseg><trkpt lat="37.791776" lon="128.907827"/><trkpt lat="37.792162" lon="128.907663"/><trkpt lat="37.793096" lon="128.907361"/><trkpt lat="37.793548" lon="128.907162"/><trkpt lat="37.793729" lon="128.907424"/><trkpt lat="37.793725" lon="128.907689"/><trkpt lat="37.793301" lon="128.907846"/><trkpt lat="37.793188" lon="128.908067"/><trkpt lat="37.793034" lon="128.908236"/><trkpt lat="37.792888" lon="128.908557"/><trkpt lat="37.792658" lon="128.908759"/><trkpt lat="37.792387" lon="128.90897"/><trkpt lat="37.79198" lon="128.909127"/><trkpt lat="37.791875" lon="128.909185"/><trkpt lat="37.791775" lon="128.909219"/><trkpt lat="37.791743" lon="128.909275"/><trkpt lat="37.791665" lon="128.90941"/><trkpt lat="37.791587" lon="128.909517"/><trkpt lat="37.791597" lon="128.909604"/><trkpt lat="37.79159" lon="128.909694"/></trkseg><trkseg><trkpt lat="37.79159" lon="128.909694"/><trkpt lat="37.791597" lon="128.909604"/><trkpt lat="37.791587" lon="128.909517"/><trkpt lat="37.791542" lon="128.909565"/><trkpt lat="37.791455" lon="128.909895"/><trkpt lat="37.791335" lon="128.910279"/><trkpt lat="37.791329" lon="128.910302"/></trkseg><trkseg><trkpt lat="37.791329" lon="128.910302"/><trkpt lat="37.79129" lon="128.910462"/><trkpt lat="37.791189" lon="128.910991"/><trkpt lat="37.791155" lon="128.911016"/><trkpt lat="37.791128" lon="128.911034"/><trkpt lat="37.790789" lon="128.911302"/><trkpt lat="37.790808" lon="128.911427"/><trkpt lat="37.790863" lon="128.911749"/><trkpt lat="37.790974" lon="128.912027"/><trkpt lat="37.791051" lon="128.912171"/><trkpt lat="37.791192" lon="128.912403"/><trkpt lat="37.791307" lon="128.912542"/><trkpt lat="37.792299" lon="128.913444"/><trkpt lat="37.792363" lon="128.913496"/><trkpt lat="37.792584" lon="128.913698"/><trkpt lat="37.792791" lon="128.913893"/><trkpt lat="37.791379" lon="128.91415"/><trkpt lat="37.790837" lon="128.914325"/><trkpt lat="37.79048" lon="128.914472"/></trkseg><trkseg><trkpt lat="37.79048" lon="128.914472"/><trkpt lat="37.790837" lon="128.914325"/><trkpt lat="37.791379" lon="128.91415"/><trkpt lat="37.792791" lon="128.913893"/><trkpt lat="37.793068" lon="128.914135"/></trkseg><trkseg><trkpt lat="37.793068" lon="128.914135"/><trkpt lat="37.793086" lon="128.914151"/><trkpt lat="37.79316" lon="128.914218"/><trkpt lat="37.793708" lon="128.914712"/><trkpt lat="37.791703" lon="128.916325"/><trkpt lat="37.791782" lon="128.916444"/><trkpt lat="37.791845" lon="128.916546"/><trkpt lat="37.791965" lon="128.916679"/><trkpt lat="37.792061" lon="128.916758"/><trkpt lat="37.792191" lon="128.916852"/><trkpt lat="37.792354" lon="128.916996"/></trkseg><trkseg><trkpt lat="37.792354" lon="128.916996"/><trkpt lat="37.792513" lon="128.917137"/><trkpt lat="37.792776" lon="128.917321"/><trkpt lat="37.793049" lon="128.917489"/><trkpt lat="37.793636" lon="128.917341"/><trkpt lat="37.794514" lon="128.917259"/><trkpt lat="37.794851" lon="128.917225"/><trkpt lat="37.79502" lon="128.917205"/><trkpt lat="37.794907" lon="128.917406"/><trkpt lat="37.794835" lon="128.917572"/><trkpt lat="37.794739" lon="128.917854"/><trkpt lat="37.794678" lon="128.918047"/><trkpt lat="37.794603" lon="128.918253"/><trkpt lat="37.794529" lon="128.918366"/><trkpt lat="37.794463" lon="128.918455"/><trkpt lat="37.794343" lon="128.91858"/><trkpt lat="37.794216" lon="128.918686"/><trkpt lat="37.79394" lon="128.918907"/></trkseg><trkseg><trkpt lat="37.79394" lon="128.918907"/><trkpt lat="37.794216" lon="128.918686"/><trkpt lat="37.794343" lon="128.91858"/><trkpt lat="37.794463" lon="128.918455"/><trkpt lat="37.794529" lon="128.918366"/><trkpt lat="37.794603" lon="128.918253"/><trkpt lat="37.794678" lon="128.918047"/><trkpt lat="37.794739" lon="128.917854"/><trkpt lat="37.794835" lon="128.917572"/><trkpt lat="37.794879" lon="128.917471"/></trkseg><trkseg><trkpt lat="37.794879" lon="128.917471"/><trkpt lat="37.794835" lon="128.917572"/><trkpt lat="37.794739" lon="128.917854"/><trkpt lat="37.794678" lon="128.918047"/><trkpt lat="37.794603" lon="128.918253"/><trkpt lat="37.794555" lon="128.918326"/></trkseg><trkseg><trkpt lat="37.794555" lon="128.918326"/><trkpt lat="37.794603" lon="128.918253"/><trkpt lat="37.794678" lon="128.918047"/><trkpt lat="37.794739" lon="128.917854"/><trkpt lat="37.794835" lon="128.917572"/><trkpt lat="37.794907" lon="128.917406"/><trkpt lat="37.79502" lon="128.917205"/><trkpt lat="37.795148" lon="128.917029"/><trkpt lat="37.795232" lon="128.916936"/><trkpt lat="37.795354" lon="128.916828"/><trkpt lat="37.795446" lon="128.916753"/></trkseg><trkseg><trkpt lat="37.795446" lon="128.916753"/><trkpt lat="37.795511" lon="128.916701"/><trkpt lat="37.795642" lon="128.91659"/><trkpt lat="37.795951" lon="128.916367"/><trkpt lat="37.796134" lon="128.916245"/><trkpt lat="37.796173" lon="128.916227"/><trkpt lat="37.796214" lon="128.916208"/><trkpt lat="37.796435" lon="128.916139"/><trkpt lat="37.796651" lon="128.916612"/><trkpt lat="37.796766" lon="128.916791"/><trkpt lat="37.79679" lon="128.916859"/><trkpt lat="37.796856" lon="128.916897"/><trkpt lat="37.797038" lon="128.917196"/><trkpt lat="37.797099" lon="128.917197"/><trkpt lat="37.797148" lon="128.917153"/><trkpt lat="37.797512" lon="128.916767"/><trkpt lat="37.797595" lon="128.916685"/><trkpt lat="37.797707" lon="128.916676"/><trkpt lat="37.797725" lon="128.916675"/></trkseg></trk><trk><name>gangneung 강문·초당마을 · 확정 방문 순서 월</name><desc>walking-geometry-checked · </desc><trkseg><trkpt lat="37.791776" lon="128.907827"/><trkpt lat="37.792162" lon="128.907663"/><trkpt lat="37.793096" lon="128.907361"/><trkpt lat="37.793548" lon="128.907162"/><trkpt lat="37.793729" lon="128.907424"/><trkpt lat="37.793725" lon="128.907689"/><trkpt lat="37.793301" lon="128.907846"/><trkpt lat="37.793188" lon="128.908067"/><trkpt lat="37.793034" lon="128.908236"/><trkpt lat="37.792888" lon="128.908557"/><trkpt lat="37.792658" lon="128.908759"/><trkpt lat="37.792387" lon="128.90897"/><trkpt lat="37.79198" lon="128.909127"/><trkpt lat="37.791875" lon="128.909185"/><trkpt lat="37.791775" lon="128.909219"/><trkpt lat="37.791743" lon="128.909275"/><trkpt lat="37.791665" lon="128.90941"/><trkpt lat="37.791587" lon="128.909517"/><trkpt lat="37.791597" lon="128.909604"/><trkpt lat="37.79159" lon="128.909694"/></trkseg><trkseg><trkpt lat="37.79159" lon="128.909694"/><trkpt lat="37.791597" lon="128.909604"/><trkpt lat="37.791587" lon="128.909517"/><trkpt lat="37.791542" lon="128.909565"/><trkpt lat="37.791455" lon="128.909895"/><trkpt lat="37.791335" lon="128.910279"/><trkpt lat="37.79129" lon="128.910462"/><trkpt lat="37.791189" lon="128.910991"/><trkpt lat="37.791155" lon="128.911016"/><trkpt lat="37.791128" lon="128.911034"/><trkpt lat="37.790789" lon="128.911302"/><trkpt lat="37.790808" lon="128.911427"/><trkpt lat="37.790863" lon="128.911749"/><trkpt lat="37.790974" lon="128.912027"/><trkpt lat="37.791051" lon="128.912171"/><trkpt lat="37.791192" lon="128.912403"/><trkpt lat="37.791307" lon="128.912542"/><trkpt lat="37.792299" lon="128.913444"/><trkpt lat="37.792363" lon="128.913496"/><trkpt lat="37.792584" lon="128.913698"/><trkpt lat="37.792791" lon="128.913893"/><trkpt lat="37.791379" lon="128.91415"/><trkpt lat="37.790837" lon="128.914325"/><trkpt lat="37.79048" lon="128.914472"/></trkseg><trkseg><trkpt lat="37.79048" lon="128.914472"/><trkpt lat="37.790837" lon="128.914325"/><trkpt lat="37.791379" lon="128.91415"/><trkpt lat="37.792791" lon="128.913893"/><trkpt lat="37.793068" lon="128.914135"/></trkseg><trkseg><trkpt lat="37.793068" lon="128.914135"/><trkpt lat="37.793086" lon="128.914151"/><trkpt lat="37.79316" lon="128.914218"/><trkpt lat="37.793708" lon="128.914712"/><trkpt lat="37.791703" lon="128.916325"/><trkpt lat="37.791782" lon="128.916444"/><trkpt lat="37.791845" lon="128.916546"/><trkpt lat="37.791965" lon="128.916679"/><trkpt lat="37.792061" lon="128.916758"/><trkpt lat="37.792191" lon="128.916852"/><trkpt lat="37.792354" lon="128.916996"/></trkseg><trkseg><trkpt lat="37.792354" lon="128.916996"/><trkpt lat="37.792513" lon="128.917137"/><trkpt lat="37.792776" lon="128.917321"/><trkpt lat="37.793049" lon="128.917489"/><trkpt lat="37.793636" lon="128.917341"/><trkpt lat="37.794514" lon="128.917259"/><trkpt lat="37.794851" lon="128.917225"/><trkpt lat="37.79502" lon="128.917205"/><trkpt lat="37.794907" lon="128.917406"/><trkpt lat="37.794835" lon="128.917572"/><trkpt lat="37.794739" lon="128.917854"/><trkpt lat="37.794678" lon="128.918047"/><trkpt lat="37.794603" lon="128.918253"/><trkpt lat="37.794529" lon="128.918366"/><trkpt lat="37.794463" lon="128.918455"/><trkpt lat="37.794343" lon="128.91858"/><trkpt lat="37.794216" lon="128.918686"/><trkpt lat="37.79394" lon="128.918907"/></trkseg><trkseg><trkpt lat="37.79394" lon="128.918907"/><trkpt lat="37.794216" lon="128.918686"/><trkpt lat="37.794343" lon="128.91858"/><trkpt lat="37.794463" lon="128.918455"/><trkpt lat="37.794529" lon="128.918366"/><trkpt lat="37.794603" lon="128.918253"/><trkpt lat="37.794678" lon="128.918047"/><trkpt lat="37.794739" lon="128.917854"/><trkpt lat="37.794835" lon="128.917572"/><trkpt lat="37.794879" lon="128.917471"/></trkseg><trkseg><trkpt lat="37.794879" lon="128.917471"/><trkpt lat="37.794835" lon="128.917572"/><trkpt lat="37.794739" lon="128.917854"/><trkpt lat="37.794678" lon="128.918047"/><trkpt lat="37.794603" lon="128.918253"/><trkpt lat="37.794555" lon="128.918326"/></trkseg><trkseg><trkpt lat="37.794555" lon="128.918326"/><trkpt lat="37.794603" lon="128.918253"/><trkpt lat="37.794678" lon="128.918047"/><trkpt lat="37.794739" lon="128.917854"/><trkpt lat="37.794835" lon="128.917572"/><trkpt lat="37.794907" lon="128.917406"/><trkpt lat="37.79502" lon="128.917205"/><trkpt lat="37.795148" lon="128.917029"/><trkpt lat="37.795232" lon="128.916936"/><trkpt lat="37.795354" lon="128.916828"/><trkpt lat="37.795446" lon="128.916753"/></trkseg><trkseg><trkpt lat="37.795446" lon="128.916753"/><trkpt lat="37.795511" lon="128.916701"/><trkpt lat="37.795642" lon="128.91659"/><trkpt lat="37.795951" lon="128.916367"/><trkpt lat="37.796134" lon="128.916245"/><trkpt lat="37.796173" lon="128.916227"/><trkpt lat="37.796214" lon="128.916208"/><trkpt lat="37.796435" lon="128.916139"/><trkpt lat="37.796651" lon="128.916612"/><trkpt lat="37.796766" lon="128.916791"/><trkpt lat="37.79679" lon="128.916859"/><trkpt lat="37.796856" lon="128.916897"/><trkpt lat="37.797038" lon="128.917196"/><trkpt lat="37.797099" lon="128.917197"/><trkpt lat="37.797148" lon="128.917153"/><trkpt lat="37.797512" lon="128.916767"/><trkpt lat="37.797595" lon="128.916685"/><trkpt lat="37.797707" lon="128.916676"/><trkpt lat="37.797725" lon="128.916675"/></trkseg></trk><trk><name>gangneung 강문·초당마을 · 확정 방문 순서 화</name><desc>walking-geometry-checked · </desc><trkseg><trkpt lat="37.791776" lon="128.907827"/><trkpt lat="37.792162" lon="128.907663"/><trkpt lat="37.793096" lon="128.907361"/><trkpt lat="37.793548" lon="128.907162"/><trkpt lat="37.793729" lon="128.907424"/><trkpt lat="37.793725" lon="128.907689"/><trkpt lat="37.793301" lon="128.907846"/><trkpt lat="37.793188" lon="128.908067"/><trkpt lat="37.793034" lon="128.908236"/><trkpt lat="37.792888" lon="128.908557"/><trkpt lat="37.792658" lon="128.908759"/><trkpt lat="37.792387" lon="128.90897"/><trkpt lat="37.79198" lon="128.909127"/><trkpt lat="37.791875" lon="128.909185"/><trkpt lat="37.791775" lon="128.909219"/><trkpt lat="37.791743" lon="128.909275"/><trkpt lat="37.791665" lon="128.90941"/><trkpt lat="37.791587" lon="128.909517"/><trkpt lat="37.791597" lon="128.909604"/><trkpt lat="37.79159" lon="128.909694"/></trkseg><trkseg><trkpt lat="37.79159" lon="128.909694"/><trkpt lat="37.791597" lon="128.909604"/><trkpt lat="37.791587" lon="128.909517"/><trkpt lat="37.791542" lon="128.909565"/><trkpt lat="37.791455" lon="128.909895"/><trkpt lat="37.791335" lon="128.910279"/><trkpt lat="37.791329" lon="128.910302"/></trkseg><trkseg><trkpt lat="37.791329" lon="128.910302"/><trkpt lat="37.79129" lon="128.910462"/><trkpt lat="37.791189" lon="128.910991"/><trkpt lat="37.791155" lon="128.911016"/><trkpt lat="37.791128" lon="128.911034"/><trkpt lat="37.790789" lon="128.911302"/><trkpt lat="37.790808" lon="128.911427"/><trkpt lat="37.790646" lon="128.911568"/><trkpt lat="37.790531" lon="128.911744"/><trkpt lat="37.790384" lon="128.911935"/><trkpt lat="37.790246" lon="128.912072"/><trkpt lat="37.789957" lon="128.912342"/><trkpt lat="37.789754" lon="128.912514"/><trkpt lat="37.789607" lon="128.912601"/><trkpt lat="37.789532" lon="128.912672"/><trkpt lat="37.789331" lon="128.912835"/><trkpt lat="37.789231" lon="128.913007"/><trkpt lat="37.789161" lon="128.913101"/><trkpt lat="37.789069" lon="128.913158"/><trkpt lat="37.788908" lon="128.913193"/><trkpt lat="37.788502" lon="128.913295"/><trkpt lat="37.787881" lon="128.913444"/><trkpt lat="37.787969" lon="128.913644"/><trkpt lat="37.788043" lon="128.91382"/><trkpt lat="37.788078" lon="128.913904"/><trkpt lat="37.788177" lon="128.91418"/><trkpt lat="37.788248" lon="128.914307"/><trkpt lat="37.788304" lon="128.914408"/><trkpt lat="37.788501" lon="128.914683"/><trkpt lat="37.788925" lon="128.915153"/><trkpt lat="37.788991" lon="128.915086"/><trkpt lat="37.789359" lon="128.915462"/><trkpt lat="37.78949" lon="128.915566"/><trkpt lat="37.789694" lon="128.915609"/><trkpt lat="37.78988" lon="128.91565"/><trkpt lat="37.790156" lon="128.915673"/><trkpt lat="37.790397" lon="128.91573"/><trkpt lat="37.790562" lon="128.915687"/><trkpt lat="37.790665" lon="128.915598"/></trkseg><trkseg><trkpt lat="37.790665" lon="128.915598"/><trkpt lat="37.79078" lon="128.915497"/><trkpt lat="37.790857" lon="128.915444"/><trkpt lat="37.790971" lon="128.915416"/><trkpt lat="37.791108" lon="128.915439"/><trkpt lat="37.791336" lon="128.915764"/><trkpt lat="37.791506" lon="128.916023"/><trkpt lat="37.79168" lon="128.916271"/><trkpt lat="37.791703" lon="128.916325"/><trkpt lat="37.791782" lon="128.916444"/><trkpt lat="37.791845" lon="128.916546"/><trkpt lat="37.791965" lon="128.916679"/><trkpt lat="37.792061" lon="128.916758"/><trkpt lat="37.792191" lon="128.916852"/><trkpt lat="37.792354" lon="128.916996"/></trkseg><trkseg><trkpt lat="37.792354" lon="128.916996"/><trkpt lat="37.792513" lon="128.917137"/><trkpt lat="37.792776" lon="128.917321"/><trkpt lat="37.793049" lon="128.917489"/><trkpt lat="37.793636" lon="128.917341"/><trkpt lat="37.794514" lon="128.917259"/><trkpt lat="37.794851" lon="128.917225"/><trkpt lat="37.79502" lon="128.917205"/><trkpt lat="37.794907" lon="128.917406"/><trkpt lat="37.794835" lon="128.917572"/><trkpt lat="37.794739" lon="128.917854"/><trkpt lat="37.794678" lon="128.918047"/><trkpt lat="37.794603" lon="128.918253"/><trkpt lat="37.794529" lon="128.918366"/><trkpt lat="37.794463" lon="128.918455"/><trkpt lat="37.794343" lon="128.91858"/><trkpt lat="37.794216" lon="128.918686"/><trkpt lat="37.79394" lon="128.918907"/></trkseg><trkseg><trkpt lat="37.79394" lon="128.918907"/><trkpt lat="37.794216" lon="128.918686"/><trkpt lat="37.794343" lon="128.91858"/><trkpt lat="37.794463" lon="128.918455"/><trkpt lat="37.794529" lon="128.918366"/><trkpt lat="37.794603" lon="128.918253"/><trkpt lat="37.794678" lon="128.918047"/><trkpt lat="37.794739" lon="128.917854"/><trkpt lat="37.794835" lon="128.917572"/><trkpt lat="37.794879" lon="128.917471"/></trkseg><trkseg><trkpt lat="37.794879" lon="128.917471"/><trkpt lat="37.794835" lon="128.917572"/><trkpt lat="37.794739" lon="128.917854"/><trkpt lat="37.794678" lon="128.918047"/><trkpt lat="37.794603" lon="128.918253"/><trkpt lat="37.794555" lon="128.918326"/></trkseg><trkseg><trkpt lat="37.794555" lon="128.918326"/><trkpt lat="37.794603" lon="128.918253"/><trkpt lat="37.794678" lon="128.918047"/><trkpt lat="37.794739" lon="128.917854"/><trkpt lat="37.794835" lon="128.917572"/><trkpt lat="37.794907" lon="128.917406"/><trkpt lat="37.79502" lon="128.917205"/><trkpt lat="37.795148" lon="128.917029"/><trkpt lat="37.795232" lon="128.916936"/><trkpt lat="37.795354" lon="128.916828"/><trkpt lat="37.795446" lon="128.916753"/></trkseg><trkseg><trkpt lat="37.795446" lon="128.916753"/><trkpt lat="37.795511" lon="128.916701"/><trkpt lat="37.795642" lon="128.91659"/><trkpt lat="37.795951" lon="128.916367"/><trkpt lat="37.796134" lon="128.916245"/><trkpt lat="37.796173" lon="128.916227"/><trkpt lat="37.796214" lon="128.916208"/><trkpt lat="37.796435" lon="128.916139"/><trkpt lat="37.796651" lon="128.916612"/><trkpt lat="37.796766" lon="128.916791"/><trkpt lat="37.79679" lon="128.916859"/><trkpt lat="37.796856" lon="128.916897"/><trkpt lat="37.797038" lon="128.917196"/><trkpt lat="37.797099" lon="128.917197"/><trkpt lat="37.797148" lon="128.917153"/><trkpt lat="37.797512" lon="128.916767"/><trkpt lat="37.797595" lon="128.916685"/><trkpt lat="37.797707" lon="128.916676"/><trkpt lat="37.797725" lon="128.916675"/></trkseg></trk><trk><name>gangneung 강문·초당마을 · 확정 방문 순서 수</name><desc>walking-geometry-checked · </desc><trkseg><trkpt lat="37.791776" lon="128.907827"/><trkpt lat="37.792162" lon="128.907663"/><trkpt lat="37.793096" lon="128.907361"/><trkpt lat="37.793548" lon="128.907162"/><trkpt lat="37.793729" lon="128.907424"/><trkpt lat="37.793725" lon="128.907689"/><trkpt lat="37.793301" lon="128.907846"/><trkpt lat="37.793188" lon="128.908067"/><trkpt lat="37.793034" lon="128.908236"/><trkpt lat="37.792888" lon="128.908557"/><trkpt lat="37.792658" lon="128.908759"/><trkpt lat="37.792387" lon="128.90897"/><trkpt lat="37.79198" lon="128.909127"/><trkpt lat="37.791875" lon="128.909185"/><trkpt lat="37.791775" lon="128.909219"/><trkpt lat="37.791743" lon="128.909275"/><trkpt lat="37.791665" lon="128.90941"/><trkpt lat="37.791587" lon="128.909517"/><trkpt lat="37.791597" lon="128.909604"/><trkpt lat="37.79159" lon="128.909694"/></trkseg><trkseg><trkpt lat="37.79159" lon="128.909694"/><trkpt lat="37.791597" lon="128.909604"/><trkpt lat="37.791587" lon="128.909517"/><trkpt lat="37.791542" lon="128.909565"/><trkpt lat="37.791455" lon="128.909895"/><trkpt lat="37.791335" lon="128.910279"/><trkpt lat="37.791329" lon="128.910302"/></trkseg><trkseg><trkpt lat="37.791329" lon="128.910302"/><trkpt lat="37.79129" lon="128.910462"/><trkpt lat="37.791189" lon="128.910991"/><trkpt lat="37.791155" lon="128.911016"/><trkpt lat="37.791128" lon="128.911034"/><trkpt lat="37.790789" lon="128.911302"/><trkpt lat="37.790808" lon="128.911427"/><trkpt lat="37.790863" lon="128.911749"/><trkpt lat="37.790974" lon="128.912027"/><trkpt lat="37.791051" lon="128.912171"/><trkpt lat="37.791192" lon="128.912403"/><trkpt lat="37.791307" lon="128.912542"/><trkpt lat="37.792299" lon="128.913444"/><trkpt lat="37.792363" lon="128.913496"/><trkpt lat="37.792584" lon="128.913698"/><trkpt lat="37.792791" lon="128.913893"/><trkpt lat="37.791379" lon="128.91415"/><trkpt lat="37.790837" lon="128.914325"/><trkpt lat="37.79048" lon="128.914472"/></trkseg><trkseg><trkpt lat="37.79048" lon="128.914472"/><trkpt lat="37.790837" lon="128.914325"/><trkpt lat="37.791379" lon="128.91415"/><trkpt lat="37.792791" lon="128.913893"/><trkpt lat="37.793068" lon="128.914135"/></trkseg><trkseg><trkpt lat="37.793068" lon="128.914135"/><trkpt lat="37.793086" lon="128.914151"/><trkpt lat="37.79316" lon="128.914218"/><trkpt lat="37.793708" lon="128.914712"/><trkpt lat="37.791703" lon="128.916325"/><trkpt lat="37.791782" lon="128.916444"/><trkpt lat="37.791845" lon="128.916546"/><trkpt lat="37.791965" lon="128.916679"/><trkpt lat="37.792061" lon="128.916758"/><trkpt lat="37.792191" lon="128.916852"/><trkpt lat="37.792354" lon="128.916996"/></trkseg><trkseg><trkpt lat="37.792354" lon="128.916996"/><trkpt lat="37.792513" lon="128.917137"/><trkpt lat="37.792776" lon="128.917321"/><trkpt lat="37.793049" lon="128.917489"/><trkpt lat="37.793636" lon="128.917341"/><trkpt lat="37.794514" lon="128.917259"/><trkpt lat="37.794851" lon="128.917225"/><trkpt lat="37.79502" lon="128.917205"/><trkpt lat="37.794907" lon="128.917406"/><trkpt lat="37.794835" lon="128.917572"/><trkpt lat="37.794739" lon="128.917854"/><trkpt lat="37.794678" lon="128.918047"/><trkpt lat="37.794603" lon="128.918253"/><trkpt lat="37.794529" lon="128.918366"/><trkpt lat="37.794463" lon="128.918455"/><trkpt lat="37.794343" lon="128.91858"/><trkpt lat="37.794216" lon="128.918686"/><trkpt lat="37.79394" lon="128.918907"/></trkseg><trkseg><trkpt lat="37.79394" lon="128.918907"/><trkpt lat="37.794216" lon="128.918686"/><trkpt lat="37.794343" lon="128.91858"/><trkpt lat="37.794463" lon="128.918455"/><trkpt lat="37.794529" lon="128.918366"/><trkpt lat="37.794603" lon="128.918253"/><trkpt lat="37.794678" lon="128.918047"/><trkpt lat="37.794739" lon="128.917854"/><trkpt lat="37.794835" lon="128.917572"/><trkpt lat="37.794907" lon="128.917406"/><trkpt lat="37.79502" lon="128.917205"/><trkpt lat="37.794851" lon="128.917225"/></trkseg><trkseg><trkpt lat="37.794851" lon="128.917225"/><trkpt lat="37.79502" lon="128.917205"/><trkpt lat="37.794907" lon="128.917406"/><trkpt lat="37.794835" lon="128.917572"/><trkpt lat="37.794739" lon="128.917854"/><trkpt lat="37.794678" lon="128.918047"/><trkpt lat="37.794603" lon="128.918253"/><trkpt lat="37.794555" lon="128.918326"/></trkseg><trkseg><trkpt lat="37.794555" lon="128.918326"/><trkpt lat="37.794603" lon="128.918253"/><trkpt lat="37.794678" lon="128.918047"/><trkpt lat="37.794739" lon="128.917854"/><trkpt lat="37.794835" lon="128.917572"/><trkpt lat="37.794907" lon="128.917406"/><trkpt lat="37.79502" lon="128.917205"/><trkpt lat="37.795148" lon="128.917029"/><trkpt lat="37.795232" lon="128.916936"/><trkpt lat="37.795354" lon="128.916828"/><trkpt lat="37.795446" lon="128.916753"/></trkseg><trkseg><trkpt lat="37.795446" lon="128.916753"/><trkpt lat="37.795511" lon="128.916701"/><trkpt lat="37.795642" lon="128.91659"/><trkpt lat="37.795951" lon="128.916367"/><trkpt lat="37.796134" lon="128.916245"/><trkpt lat="37.796173" lon="128.916227"/><trkpt lat="37.796214" lon="128.916208"/><trkpt lat="37.796435" lon="128.916139"/><trkpt lat="37.796651" lon="128.916612"/><trkpt lat="37.796766" lon="128.916791"/><trkpt lat="37.79679" lon="128.916859"/><trkpt lat="37.796856" lon="128.916897"/><trkpt lat="37.797038" lon="128.917196"/><trkpt lat="37.797099" lon="128.917197"/><trkpt lat="37.797148" lon="128.917153"/><trkpt lat="37.797512" lon="128.916767"/><trkpt lat="37.797595" lon="128.916685"/><trkpt lat="37.797707" lon="128.916676"/><trkpt lat="37.797725" lon="128.916675"/></trkseg></trk><trk><name>gangneung 커피거리·안목 · 확정 방문 순서 일·화·수·목·금·토</name><desc>walking-geometry-checked · </desc><trkseg><trkpt lat="37.779964" lon="128.936969"/><trkpt lat="37.779779" lon="128.937218"/><trkpt lat="37.779728" lon="128.937282"/><trkpt lat="37.778367" lon="128.936251"/><trkpt lat="37.778231" lon="128.936585"/><trkpt lat="37.777658" lon="128.938012"/><trkpt lat="37.777414" lon="128.938621"/><trkpt lat="37.777289" lon="128.938933"/><trkpt lat="37.777168" lon="128.939199"/><trkpt lat="37.777074" lon="128.939405"/><trkpt lat="37.776915" lon="128.939661"/><trkpt lat="37.774128" lon="128.943029"/></trkseg><trkseg><trkpt lat="37.774128" lon="128.943029"/><trkpt lat="37.773988" lon="128.943199"/><trkpt lat="37.773648" lon="128.943665"/><trkpt lat="37.773502" lon="128.943897"/><trkpt lat="37.773415" lon="128.944069"/><trkpt lat="37.773087" lon="128.944704"/><trkpt lat="37.773022" lon="128.944829"/><trkpt lat="37.772482" lon="128.945874"/><trkpt lat="37.77241" lon="128.946015"/><trkpt lat="37.772624" lon="128.945959"/><trkpt lat="37.772947" lon="128.945832"/><trkpt lat="37.773155" lon="128.945731"/><trkpt lat="37.773385" lon="128.945612"/><trkpt lat="37.773396" lon="128.94558"/><trkpt lat="37.773413" lon="128.945552"/><trkpt lat="37.773435" lon="128.94553"/><trkpt lat="37.77346" lon="128.945517"/><trkpt lat="37.773488" lon="128.945512"/><trkpt lat="37.773515" lon="128.945517"/><trkpt lat="37.773541" lon="128.94553"/><trkpt lat="37.773695" lon="128.945395"/><trkpt lat="37.774085" lon="128.944959"/><trkpt lat="37.774136" lon="128.944899"/></trkseg><trkseg><trkpt lat="37.774136" lon="128.944899"/><trkpt lat="37.774085" lon="128.944959"/><trkpt lat="37.773695" lon="128.945395"/><trkpt lat="37.773541" lon="128.94553"/><trkpt lat="37.773515" lon="128.945517"/><trkpt lat="37.773488" lon="128.945512"/><trkpt lat="37.77346" lon="128.945517"/><trkpt lat="37.773435" lon="128.94553"/><trkpt lat="37.773413" lon="128.945552"/><trkpt lat="37.773396" lon="128.94558"/><trkpt lat="37.773385" lon="128.945612"/><trkpt lat="37.773155" lon="128.945731"/><trkpt lat="37.772947" lon="128.945832"/><trkpt lat="37.772624" lon="128.945959"/><trkpt lat="37.77241" lon="128.946015"/><trkpt lat="37.772482" lon="128.945874"/><trkpt lat="37.773022" lon="128.944829"/><trkpt lat="37.77318" lon="128.945075"/><trkpt lat="37.773161" lon="128.9451"/></trkseg><trkseg><trkpt lat="37.773161" lon="128.9451"/><trkpt lat="37.77318" lon="128.945075"/><trkpt lat="37.773022" lon="128.944829"/><trkpt lat="37.772482" lon="128.945874"/><trkpt lat="37.77241" lon="128.946015"/><trkpt lat="37.772624" lon="128.945959"/><trkpt lat="37.772947" lon="128.945832"/><trkpt lat="37.773155" lon="128.945731"/><trkpt lat="37.773385" lon="128.945612"/><trkpt lat="37.773382" lon="128.945653"/><trkpt lat="37.773388" lon="128.945692"/><trkpt lat="37.773404" lon="128.945728"/><trkpt lat="37.773427" lon="128.945756"/><trkpt lat="37.773456" lon="128.945774"/><trkpt lat="37.773487" lon="128.94578"/><trkpt lat="37.773519" lon="128.945774"/><trkpt lat="37.773548" lon="128.945757"/><trkpt lat="37.773512" lon="128.946002"/><trkpt lat="37.773321" lon="128.946374"/><trkpt lat="37.773027" lon="128.94693"/><trkpt lat="37.772886" lon="128.947113"/><trkpt lat="37.772687" lon="128.947324"/></trkseg><trkseg><trkpt lat="37.772687" lon="128.947324"/><trkpt lat="37.771948" lon="128.94811"/><trkpt lat="37.771623" lon="128.948529"/><trkpt lat="37.771333" lon="128.948938"/><trkpt lat="37.771152" lon="128.949267"/><trkpt lat="37.771012" lon="128.949572"/><trkpt lat="37.770903" lon="128.949965"/><trkpt lat="37.772112" lon="128.950464"/><trkpt lat="37.772414" lon="128.950796"/><trkpt lat="37.772651" lon="128.951057"/><trkpt lat="37.772899" lon="128.951338"/><trkpt lat="37.772914" lon="128.95186"/><trkpt lat="37.772938" lon="128.953039"/></trkseg><trkseg><trkpt lat="37.772938" lon="128.953039"/><trkpt lat="37.772914" lon="128.95186"/><trkpt lat="37.772899" lon="128.951338"/><trkpt lat="37.772651" lon="128.951057"/><trkpt lat="37.772414" lon="128.950796"/><trkpt lat="37.772112" lon="128.950464"/><trkpt lat="37.770903" lon="128.949965"/><trkpt lat="37.770888" lon="128.950029"/><trkpt lat="37.770855" lon="128.950259"/><trkpt lat="37.770816" lon="128.950252"/><trkpt lat="37.770777" lon="128.950263"/><trkpt lat="37.770743" lon="128.95029"/><trkpt lat="37.770719" lon="128.95033"/><trkpt lat="37.770706" lon="128.950377"/><trkpt lat="37.770671" lon="128.950233"/><trkpt lat="37.770617" lon="128.950046"/><trkpt lat="37.770606" lon="128.950011"/><trkpt lat="37.770563" lon="128.949873"/><trkpt lat="37.770493" lon="128.949563"/><trkpt lat="37.770518" lon="128.949352"/><trkpt lat="37.769605" lon="128.950399"/><trkpt lat="37.769389" lon="128.950648"/><trkpt lat="37.769184" lon="128.950869"/><trkpt lat="37.76911" lon="128.951052"/><trkpt lat="37.769084" lon="128.951155"/><trkpt lat="37.769038" lon="128.951227"/><trkpt lat="37.768988" lon="128.951336"/><trkpt lat="37.768346" lon="128.95135"/><trkpt lat="37.768135" lon="128.951354"/></trkseg><trkseg><trkpt lat="37.768135" lon="128.951354"/><trkpt lat="37.767865" lon="128.951359"/><trkpt lat="37.76725" lon="128.951379"/><trkpt lat="37.767197" lon="128.951381"/><trkpt lat="37.767098" lon="128.951425"/><trkpt lat="37.766393" lon="128.951963"/><trkpt lat="37.766222" lon="128.952075"/><trkpt lat="37.765771" lon="128.952759"/></trkseg><trkseg><trkpt lat="37.765771" lon="128.952759"/><trkpt lat="37.76566" lon="128.952928"/><trkpt lat="37.765558" lon="128.953083"/><trkpt lat="37.76515" lon="128.953507"/><trkpt lat="37.764794" lon="128.953807"/><trkpt lat="37.764305" lon="128.95399"/><trkpt lat="37.764264" lon="128.954006"/></trkseg></trk><trk><name>gangneung 커피거리·안목 · 확정 방문 순서 월</name><desc>walking-geometry-checked · </desc><trkseg><trkpt lat="37.779964" lon="128.936969"/><trkpt lat="37.779779" lon="128.937218"/><trkpt lat="37.779728" lon="128.937282"/><trkpt lat="37.778367" lon="128.936251"/><trkpt lat="37.778231" lon="128.936585"/><trkpt lat="37.777658" lon="128.938012"/><trkpt lat="37.777414" lon="128.938621"/><trkpt lat="37.777289" lon="128.938933"/><trkpt lat="37.777168" lon="128.939199"/><trkpt lat="37.777074" lon="128.939405"/><trkpt lat="37.776915" lon="128.939661"/><trkpt lat="37.774128" lon="128.943029"/></trkseg><trkseg><trkpt lat="37.774128" lon="128.943029"/><trkpt lat="37.773988" lon="128.943199"/><trkpt lat="37.773648" lon="128.943665"/><trkpt lat="37.773502" lon="128.943897"/><trkpt lat="37.773415" lon="128.944069"/><trkpt lat="37.773087" lon="128.944704"/><trkpt lat="37.773022" lon="128.944829"/><trkpt lat="37.772482" lon="128.945874"/><trkpt lat="37.77241" lon="128.946015"/><trkpt lat="37.772624" lon="128.945959"/><trkpt lat="37.772947" lon="128.945832"/><trkpt lat="37.773155" lon="128.945731"/><trkpt lat="37.773385" lon="128.945612"/><trkpt lat="37.773396" lon="128.94558"/><trkpt lat="37.773413" lon="128.945552"/><trkpt lat="37.773435" lon="128.94553"/><trkpt lat="37.77346" lon="128.945517"/><trkpt lat="37.773488" lon="128.945512"/><trkpt lat="37.773515" lon="128.945517"/><trkpt lat="37.773541" lon="128.94553"/><trkpt lat="37.773695" lon="128.945395"/><trkpt lat="37.774085" lon="128.944959"/><trkpt lat="37.774136" lon="128.944899"/></trkseg><trkseg><trkpt lat="37.774136" lon="128.944899"/><trkpt lat="37.774085" lon="128.944959"/><trkpt lat="37.773695" lon="128.945395"/><trkpt lat="37.773541" lon="128.94553"/><trkpt lat="37.773515" lon="128.945517"/><trkpt lat="37.773488" lon="128.945512"/><trkpt lat="37.77346" lon="128.945517"/><trkpt lat="37.773435" lon="128.94553"/><trkpt lat="37.773413" lon="128.945552"/><trkpt lat="37.773396" lon="128.94558"/><trkpt lat="37.773385" lon="128.945612"/><trkpt lat="37.773155" lon="128.945731"/><trkpt lat="37.772947" lon="128.945832"/><trkpt lat="37.772624" lon="128.945959"/><trkpt lat="37.77241" lon="128.946015"/><trkpt lat="37.772482" lon="128.945874"/><trkpt lat="37.773022" lon="128.944829"/><trkpt lat="37.773087" lon="128.944704"/><trkpt lat="37.773415" lon="128.944069"/><trkpt lat="37.773502" lon="128.943897"/><trkpt lat="37.773648" lon="128.943665"/><trkpt lat="37.773988" lon="128.943199"/><trkpt lat="37.775485" lon="128.94139"/></trkseg><trkseg><trkpt lat="37.775485" lon="128.94139"/><trkpt lat="37.773988" lon="128.943199"/><trkpt lat="37.773648" lon="128.943665"/><trkpt lat="37.773502" lon="128.943897"/><trkpt lat="37.773415" lon="128.944069"/><trkpt lat="37.773087" lon="128.944704"/><trkpt lat="37.773022" lon="128.944829"/><trkpt lat="37.772482" lon="128.945874"/><trkpt lat="37.77241" lon="128.946015"/><trkpt lat="37.772624" lon="128.945959"/><trkpt lat="37.772947" lon="128.945832"/><trkpt lat="37.773155" lon="128.945731"/><trkpt lat="37.773385" lon="128.945612"/><trkpt lat="37.773382" lon="128.945653"/><trkpt lat="37.773388" lon="128.945692"/><trkpt lat="37.773404" lon="128.945728"/><trkpt lat="37.773427" lon="128.945756"/><trkpt lat="37.773456" lon="128.945774"/><trkpt lat="37.773487" lon="128.94578"/><trkpt lat="37.773519" lon="128.945774"/><trkpt lat="37.773548" lon="128.945757"/><trkpt lat="37.773512" lon="128.946002"/><trkpt lat="37.773321" lon="128.946374"/><trkpt lat="37.773027" lon="128.94693"/><trkpt lat="37.772886" lon="128.947113"/><trkpt lat="37.772687" lon="128.947324"/></trkseg><trkseg><trkpt lat="37.772687" lon="128.947324"/><trkpt lat="37.771948" lon="128.94811"/><trkpt lat="37.771623" lon="128.948529"/><trkpt lat="37.771333" lon="128.948938"/><trkpt lat="37.771152" lon="128.949267"/><trkpt lat="37.771012" lon="128.949572"/><trkpt lat="37.770903" lon="128.949965"/><trkpt lat="37.772112" lon="128.950464"/><trkpt lat="37.772414" lon="128.950796"/><trkpt lat="37.772651" lon="128.951057"/><trkpt lat="37.772899" lon="128.951338"/><trkpt lat="37.772914" lon="128.95186"/><trkpt lat="37.772938" lon="128.953039"/></trkseg><trkseg><trkpt lat="37.772938" lon="128.953039"/><trkpt lat="37.772914" lon="128.95186"/><trkpt lat="37.772899" lon="128.951338"/><trkpt lat="37.772651" lon="128.951057"/><trkpt lat="37.772414" lon="128.950796"/><trkpt lat="37.772112" lon="128.950464"/><trkpt lat="37.770903" lon="128.949965"/><trkpt lat="37.770888" lon="128.950029"/><trkpt lat="37.770855" lon="128.950259"/><trkpt lat="37.770816" lon="128.950252"/><trkpt lat="37.770777" lon="128.950263"/><trkpt lat="37.770743" lon="128.95029"/><trkpt lat="37.770719" lon="128.95033"/><trkpt lat="37.770706" lon="128.950377"/><trkpt lat="37.770671" lon="128.950233"/><trkpt lat="37.770617" lon="128.950046"/><trkpt lat="37.770606" lon="128.950011"/><trkpt lat="37.770563" lon="128.949873"/><trkpt lat="37.770493" lon="128.949563"/><trkpt lat="37.770518" lon="128.949352"/><trkpt lat="37.769605" lon="128.950399"/><trkpt lat="37.769389" lon="128.950648"/><trkpt lat="37.769184" lon="128.950869"/><trkpt lat="37.76911" lon="128.951052"/><trkpt lat="37.769084" lon="128.951155"/><trkpt lat="37.769038" lon="128.951227"/><trkpt lat="37.768988" lon="128.951336"/><trkpt lat="37.768346" lon="128.95135"/><trkpt lat="37.768135" lon="128.951354"/></trkseg><trkseg><trkpt lat="37.768135" lon="128.951354"/><trkpt lat="37.767865" lon="128.951359"/><trkpt lat="37.76725" lon="128.951379"/><trkpt lat="37.767197" lon="128.951381"/><trkpt lat="37.767098" lon="128.951425"/><trkpt lat="37.766393" lon="128.951963"/><trkpt lat="37.766222" lon="128.952075"/><trkpt lat="37.765771" lon="128.952759"/></trkseg><trkseg><trkpt lat="37.765771" lon="128.952759"/><trkpt lat="37.76566" lon="128.952928"/><trkpt lat="37.765558" lon="128.953083"/><trkpt lat="37.76515" lon="128.953507"/><trkpt lat="37.764794" lon="128.953807"/><trkpt lat="37.764305" lon="128.95399"/><trkpt lat="37.764264" lon="128.954006"/></trkseg></trk><trk><name>gangneung 시장·먹거리 · 확정 방문 순서 일</name><desc>walking-geometry-checked · </desc><trkseg><trkpt lat="37.75603" lon="128.895931"/><trkpt lat="37.755913" lon="128.896037"/><trkpt lat="37.755765" lon="128.896264"/><trkpt lat="37.7551" lon="128.896843"/><trkpt lat="37.755186" lon="128.89697"/><trkpt lat="37.755338" lon="128.897221"/><trkpt lat="37.755606" lon="128.897727"/><trkpt lat="37.755871" lon="128.897439"/></trkseg><trkseg><trkpt lat="37.755871" lon="128.897439"/><trkpt lat="37.755606" lon="128.897727"/><trkpt lat="37.755328" lon="128.89804"/><trkpt lat="37.754881" lon="128.897243"/><trkpt lat="37.754535" lon="128.897555"/><trkpt lat="37.753851" lon="128.896506"/><trkpt lat="37.753344" lon="128.896996"/><trkpt lat="37.753154" lon="128.89716"/></trkseg><trkseg><trkpt lat="37.753154" lon="128.89716"/><trkpt lat="37.752933" lon="128.897351"/><trkpt lat="37.753119" lon="128.897647"/><trkpt lat="37.753582" lon="128.89843"/><trkpt lat="37.753768" lon="128.898736"/><trkpt lat="37.753816" lon="128.898818"/></trkseg><trkseg><trkpt lat="37.753816" lon="128.898818"/><trkpt lat="37.753906" lon="128.898974"/><trkpt lat="37.753763" lon="128.899096"/></trkseg><trkseg><trkpt lat="37.753763" lon="128.899096"/><trkpt lat="37.753906" lon="128.898974"/><trkpt lat="37.753768" lon="128.898736"/><trkpt lat="37.753613" lon="128.898877"/></trkseg><trkseg><trkpt lat="37.753613" lon="128.898877"/><trkpt lat="37.753454" lon="128.899022"/><trkpt lat="37.753286" lon="128.898653"/><trkpt lat="37.753012" lon="128.898888"/><trkpt lat="37.753182" lon="128.899387"/></trkseg><trkseg><trkpt lat="37.753182" lon="128.899387"/><trkpt lat="37.753012" lon="128.898888"/><trkpt lat="37.752722" lon="128.898018"/><trkpt lat="37.752594" lon="128.897665"/><trkpt lat="37.75239" lon="128.897057"/><trkpt lat="37.752167" lon="128.896488"/><trkpt lat="37.751974" lon="128.895998"/><trkpt lat="37.751853" lon="128.895691"/><trkpt lat="37.751557" lon="128.894945"/><trkpt lat="37.751535" lon="128.89474"/><trkpt lat="37.751338" lon="128.894389"/><trkpt lat="37.751428" lon="128.894293"/><trkpt lat="37.751228" lon="128.893988"/><trkpt lat="37.751152" lon="128.89389"/><trkpt lat="37.751023" lon="128.893534"/><trkpt lat="37.750839" lon="128.893207"/><trkpt lat="37.750808" lon="128.893088"/><trkpt lat="37.750846" lon="128.893058"/><trkpt lat="37.750901" lon="128.893141"/></trkseg><trkseg><trkpt lat="37.750901" lon="128.893141"/><trkpt lat="37.751566" lon="128.894142"/><trkpt lat="37.751904" lon="128.893797"/><trkpt lat="37.752072" lon="128.893606"/><trkpt lat="37.752359" lon="128.893344"/><trkpt lat="37.752682" lon="128.893007"/><trkpt lat="37.753052" lon="128.892632"/><trkpt lat="37.752761" lon="128.891846"/></trkseg></trk><trk><name>gangneung 시장·먹거리 · 확정 방문 순서 월</name><desc>walking-geometry-checked · </desc><trkseg><trkpt lat="37.75603" lon="128.895931"/><trkpt lat="37.755913" lon="128.896037"/><trkpt lat="37.755765" lon="128.896264"/><trkpt lat="37.7551" lon="128.896843"/><trkpt lat="37.755186" lon="128.89697"/><trkpt lat="37.755338" lon="128.897221"/><trkpt lat="37.755606" lon="128.897727"/><trkpt lat="37.755871" lon="128.897439"/></trkseg><trkseg><trkpt lat="37.755871" lon="128.897439"/><trkpt lat="37.755606" lon="128.897727"/><trkpt lat="37.755328" lon="128.89804"/><trkpt lat="37.754881" lon="128.897243"/><trkpt lat="37.754535" lon="128.897555"/><trkpt lat="37.753851" lon="128.896506"/><trkpt lat="37.753344" lon="128.896996"/><trkpt lat="37.753154" lon="128.89716"/></trkseg><trkseg><trkpt lat="37.753154" lon="128.89716"/><trkpt lat="37.752933" lon="128.897351"/><trkpt lat="37.753119" lon="128.897647"/><trkpt lat="37.753582" lon="128.89843"/><trkpt lat="37.753768" lon="128.898736"/><trkpt lat="37.753816" lon="128.898818"/></trkseg><trkseg><trkpt lat="37.753816" lon="128.898818"/><trkpt lat="37.753906" lon="128.898974"/><trkpt lat="37.753763" lon="128.899096"/></trkseg><trkseg><trkpt lat="37.753763" lon="128.899096"/><trkpt lat="37.753906" lon="128.898974"/><trkpt lat="37.753768" lon="128.898736"/><trkpt lat="37.753613" lon="128.898877"/></trkseg><trkseg><trkpt lat="37.753613" lon="128.898877"/><trkpt lat="37.753454" lon="128.899022"/><trkpt lat="37.753286" lon="128.898653"/><trkpt lat="37.753012" lon="128.898888"/><trkpt lat="37.753182" lon="128.899387"/></trkseg><trkseg><trkpt lat="37.753182" lon="128.899387"/><trkpt lat="37.753012" lon="128.898888"/><trkpt lat="37.752722" lon="128.898018"/><trkpt lat="37.752594" lon="128.897665"/><trkpt lat="37.75239" lon="128.897057"/><trkpt lat="37.752167" lon="128.896488"/><trkpt lat="37.751974" lon="128.895998"/><trkpt lat="37.751853" lon="128.895691"/><trkpt lat="37.751557" lon="128.894945"/><trkpt lat="37.751535" lon="128.89474"/><trkpt lat="37.751338" lon="128.894389"/><trkpt lat="37.751428" lon="128.894293"/><trkpt lat="37.751228" lon="128.893988"/><trkpt lat="37.751152" lon="128.89389"/><trkpt lat="37.751023" lon="128.893534"/><trkpt lat="37.750839" lon="128.893207"/><trkpt lat="37.750808" lon="128.893088"/><trkpt lat="37.750846" lon="128.893058"/><trkpt lat="37.750901" lon="128.893141"/></trkseg></trk><trk><name>gangneung 시장·먹거리 · 확정 방문 순서 화·목·금·토</name><desc>walking-geometry-checked · </desc><trkseg><trkpt lat="37.75603" lon="128.895931"/><trkpt lat="37.755913" lon="128.896037"/><trkpt lat="37.755765" lon="128.896264"/><trkpt lat="37.7551" lon="128.896843"/><trkpt lat="37.755186" lon="128.89697"/><trkpt lat="37.755338" lon="128.897221"/><trkpt lat="37.755606" lon="128.897727"/><trkpt lat="37.755871" lon="128.897439"/></trkseg><trkseg><trkpt lat="37.755871" lon="128.897439"/><trkpt lat="37.755606" lon="128.897727"/><trkpt lat="37.755328" lon="128.89804"/><trkpt lat="37.754881" lon="128.897243"/><trkpt lat="37.754535" lon="128.897555"/><trkpt lat="37.753851" lon="128.896506"/><trkpt lat="37.753344" lon="128.896996"/><trkpt lat="37.753154" lon="128.89716"/></trkseg><trkseg><trkpt lat="37.753154" lon="128.89716"/><trkpt lat="37.752933" lon="128.897351"/><trkpt lat="37.753119" lon="128.897647"/><trkpt lat="37.753582" lon="128.89843"/><trkpt lat="37.753768" lon="128.898736"/><trkpt lat="37.753816" lon="128.898818"/></trkseg><trkseg><trkpt lat="37.753816" lon="128.898818"/><trkpt lat="37.753906" lon="128.898974"/><trkpt lat="37.753763" lon="128.899096"/></trkseg><trkseg><trkpt lat="37.753763" lon="128.899096"/><trkpt lat="37.753906" lon="128.898974"/><trkpt lat="37.753768" lon="128.898736"/><trkpt lat="37.753613" lon="128.898877"/></trkseg><trkseg><trkpt lat="37.753613" lon="128.898877"/><trkpt lat="37.753454" lon="128.899022"/><trkpt lat="37.753286" lon="128.898653"/><trkpt lat="37.753012" lon="128.898888"/><trkpt lat="37.753182" lon="128.899387"/></trkseg><trkseg><trkpt lat="37.753182" lon="128.899387"/><trkpt lat="37.753012" lon="128.898888"/><trkpt lat="37.752722" lon="128.898018"/><trkpt lat="37.752594" lon="128.897665"/><trkpt lat="37.75239" lon="128.897057"/><trkpt lat="37.752167" lon="128.896488"/><trkpt lat="37.751974" lon="128.895998"/><trkpt lat="37.751853" lon="128.895691"/><trkpt lat="37.751557" lon="128.894945"/><trkpt lat="37.751535" lon="128.89474"/><trkpt lat="37.751338" lon="128.894389"/><trkpt lat="37.751428" lon="128.894293"/><trkpt lat="37.751228" lon="128.893988"/><trkpt lat="37.751152" lon="128.89389"/><trkpt lat="37.751023" lon="128.893534"/><trkpt lat="37.750839" lon="128.893207"/><trkpt lat="37.750808" lon="128.893088"/><trkpt lat="37.750846" lon="128.893058"/><trkpt lat="37.750901" lon="128.893141"/></trkseg><trkseg><trkpt lat="37.750901" lon="128.893141"/><trkpt lat="37.750846" lon="128.893058"/><trkpt lat="37.751083" lon="128.892783"/><trkpt lat="37.750923" lon="128.892549"/></trkseg><trkseg><trkpt lat="37.750923" lon="128.892549"/><trkpt lat="37.751083" lon="128.892783"/><trkpt lat="37.751904" lon="128.893797"/><trkpt lat="37.752072" lon="128.893606"/><trkpt lat="37.752359" lon="128.893344"/><trkpt lat="37.752682" lon="128.893007"/><trkpt lat="37.753052" lon="128.892632"/><trkpt lat="37.752761" lon="128.891846"/></trkseg></trk><trk><name>gangneung 시장·먹거리 · 확정 방문 순서 수</name><desc>walking-geometry-checked · </desc><trkseg><trkpt lat="37.755871" lon="128.897439"/><trkpt lat="37.755606" lon="128.897727"/><trkpt lat="37.755328" lon="128.89804"/><trkpt lat="37.754881" lon="128.897243"/><trkpt lat="37.754535" lon="128.897555"/><trkpt lat="37.753851" lon="128.896506"/><trkpt lat="37.753344" lon="128.896996"/><trkpt lat="37.753154" lon="128.89716"/></trkseg><trkseg><trkpt lat="37.753154" lon="128.89716"/><trkpt lat="37.752933" lon="128.897351"/><trkpt lat="37.753119" lon="128.897647"/><trkpt lat="37.753582" lon="128.89843"/><trkpt lat="37.753768" lon="128.898736"/><trkpt lat="37.753816" lon="128.898818"/></trkseg><trkseg><trkpt lat="37.753816" lon="128.898818"/><trkpt lat="37.753906" lon="128.898974"/><trkpt lat="37.753763" lon="128.899096"/></trkseg><trkseg><trkpt lat="37.753763" lon="128.899096"/><trkpt lat="37.753906" lon="128.898974"/><trkpt lat="37.753768" lon="128.898736"/><trkpt lat="37.753613" lon="128.898877"/></trkseg><trkseg><trkpt lat="37.753613" lon="128.898877"/><trkpt lat="37.753454" lon="128.899022"/><trkpt lat="37.753286" lon="128.898653"/><trkpt lat="37.752916" lon="128.897839"/><trkpt lat="37.752722" lon="128.898018"/><trkpt lat="37.752594" lon="128.897665"/><trkpt lat="37.75239" lon="128.897057"/><trkpt lat="37.752167" lon="128.896488"/><trkpt lat="37.751974" lon="128.895998"/><trkpt lat="37.751853" lon="128.895691"/><trkpt lat="37.751557" lon="128.894945"/><trkpt lat="37.751535" lon="128.89474"/><trkpt lat="37.751338" lon="128.894389"/><trkpt lat="37.751428" lon="128.894293"/><trkpt lat="37.751228" lon="128.893988"/><trkpt lat="37.751152" lon="128.89389"/><trkpt lat="37.751023" lon="128.893534"/><trkpt lat="37.750839" lon="128.893207"/><trkpt lat="37.750808" lon="128.893088"/><trkpt lat="37.750846" lon="128.893058"/><trkpt lat="37.750901" lon="128.893141"/></trkseg><trkseg><trkpt lat="37.750901" lon="128.893141"/><trkpt lat="37.750846" lon="128.893058"/><trkpt lat="37.751083" lon="128.892783"/><trkpt lat="37.750923" lon="128.892549"/></trkseg><trkseg><trkpt lat="37.750923" lon="128.892549"/><trkpt lat="37.751083" lon="128.892783"/><trkpt lat="37.751904" lon="128.893797"/><trkpt lat="37.752072" lon="128.893606"/><trkpt lat="37.752359" lon="128.893344"/><trkpt lat="37.752682" lon="128.893007"/><trkpt lat="37.753052" lon="128.892632"/><trkpt lat="37.752761" lon="128.891846"/></trkseg></trk><trk><name>gangneung 경포·오죽헌 역사·문화 · 확정 방문 순서 일·월·목·금·토</name><desc>needs-review · 강릉 선교장→경포대 도보 26분·1932m: 구간 재검토; 강문떡갈비 식사까지 편도 도보 16분: 15분 초과; 총 도보 8.9km: 8km 기준 초과</desc><trkseg><trkpt lat="37.779203" lon="128.879834"/><trkpt lat="37.779161" lon="128.879862"/><trkpt lat="37.77905" lon="128.879931"/><trkpt lat="37.779133" lon="128.88"/><trkpt lat="37.779175" lon="128.880131"/><trkpt lat="37.779263" lon="128.880404"/><trkpt lat="37.779749" lon="128.881731"/><trkpt lat="37.780299" lon="128.882407"/><trkpt lat="37.782278" lon="128.879956"/><trkpt lat="37.782448" lon="128.879952"/><trkpt lat="37.782589" lon="128.879948"/><trkpt lat="37.78274" lon="128.879932"/><trkpt lat="37.782798" lon="128.879961"/><trkpt lat="37.782852" lon="128.879982"/><trkpt lat="37.783279" lon="128.880159"/><trkpt lat="37.78361" lon="128.880299"/><trkpt lat="37.783653" lon="128.880313"/><trkpt lat="37.783973" lon="128.880452"/><trkpt lat="37.784064" lon="128.8805"/><trkpt lat="37.784149" lon="128.880564"/><trkpt lat="37.784212" lon="128.880648"/><trkpt lat="37.784245" lon="128.880744"/><trkpt lat="37.784257" lon="128.880856"/><trkpt lat="37.78425" lon="128.880984"/><trkpt lat="37.784226" lon="128.881104"/><trkpt lat="37.784189" lon="128.881262"/><trkpt lat="37.784086" lon="128.881537"/><trkpt lat="37.784059" lon="128.881614"/><trkpt lat="37.784018" lon="128.881807"/><trkpt lat="37.784013" lon="128.882008"/><trkpt lat="37.784046" lon="128.882158"/><trkpt lat="37.784326" lon="128.882982"/><trkpt lat="37.784372" lon="128.883064"/><trkpt lat="37.784532" lon="128.883367"/><trkpt lat="37.784837" lon="128.88389"/><trkpt lat="37.784896" lon="128.884018"/><trkpt lat="37.785174" lon="128.884726"/><trkpt lat="37.785374" lon="128.884946"/><trkpt lat="37.78549" lon="128.884879"/></trkseg><trkseg><trkpt lat="37.78549" lon="128.884879"/><trkpt lat="37.785374" lon="128.884946"/><trkpt lat="37.78594" lon="128.886074"/><trkpt lat="37.786049" lon="128.886615"/><trkpt lat="37.786064" lon="128.886962"/><trkpt lat="37.786064" lon="128.887003"/><trkpt lat="37.786073" lon="128.88842"/><trkpt lat="37.786029" lon="128.888944"/><trkpt lat="37.785879" lon="128.889358"/><trkpt lat="37.785732" lon="128.889581"/><trkpt lat="37.785704" lon="128.889624"/><trkpt lat="37.785604" lon="128.889868"/><trkpt lat="37.785493" lon="128.890711"/><trkpt lat="37.785692" lon="128.891523"/><trkpt lat="37.785902" lon="128.891757"/><trkpt lat="37.7861" lon="128.891935"/><trkpt lat="37.786124" lon="128.891965"/><trkpt lat="37.786373" lon="128.892276"/><trkpt lat="37.786551" lon="128.8929"/><trkpt lat="37.786698" lon="128.893379"/><trkpt lat="37.78665" lon="128.893529"/><trkpt lat="37.787618" lon="128.893937"/><trkpt lat="37.788239" lon="128.89419"/><trkpt lat="37.788289" lon="128.89421"/><trkpt lat="37.788857" lon="128.894443"/><trkpt lat="37.790831" lon="128.893606"/><trkpt lat="37.790849" lon="128.893598"/><trkpt lat="37.790904" lon="128.893573"/><trkpt lat="37.790917" lon="128.893567"/><trkpt lat="37.791076" lon="128.893509"/><trkpt lat="37.791426" lon="128.894266"/><trkpt lat="37.791913" lon="128.895001"/><trkpt lat="37.793219" lon="128.896095"/><trkpt lat="37.793529" lon="128.896385"/><trkpt lat="37.793576" lon="128.896442"/><trkpt lat="37.794103" lon="128.896598"/><trkpt lat="37.79431" lon="128.89663"/><trkpt lat="37.794622" lon="128.896659"/><trkpt lat="37.794793" lon="128.896655"/><trkpt lat="37.794818" lon="128.896655"/><trkpt lat="37.794862" lon="128.89665"/><trkpt lat="37.794899" lon="128.896647"/><trkpt lat="37.794918" lon="128.896646"/><trkpt lat="37.794929" lon="128.896729"/><trkpt lat="37.795068" lon="128.896696"/><trkpt lat="37.795059" lon="128.89664"/></trkseg><trkseg><trkpt lat="37.795059" lon="128.89664"/><trkpt lat="37.795068" lon="128.896696"/><trkpt lat="37.794929" lon="128.896729"/><trkpt lat="37.794918" lon="128.896646"/><trkpt lat="37.794899" lon="128.896647"/><trkpt lat="37.794893" lon="128.896566"/><trkpt lat="37.79485" lon="128.896526"/><trkpt lat="37.794798" lon="128.896264"/><trkpt lat="37.794953" lon="128.896247"/><trkpt lat="37.795169" lon="128.896334"/><trkpt lat="37.795371" lon="128.896476"/><trkpt lat="37.795516" lon="128.896756"/><trkpt lat="37.795555" lon="128.896697"/><trkpt lat="37.795699" lon="128.896632"/><trkpt lat="37.796314" lon="128.896635"/><trkpt lat="37.796409" lon="128.896652"/><trkpt lat="37.79708" lon="128.89687"/><trkpt lat="37.797329" lon="128.896944"/><trkpt lat="37.797618" lon="128.897061"/><trkpt lat="37.797787" lon="128.897191"/></trkseg><trkseg><trkpt lat="37.797787" lon="128.897191"/><trkpt lat="37.797913" lon="128.897287"/><trkpt lat="37.798208" lon="128.897533"/><trkpt lat="37.798319" lon="128.897643"/><trkpt lat="37.798747" lon="128.898271"/><trkpt lat="37.798949" lon="128.898607"/><trkpt lat="37.799496" lon="128.899635"/><trkpt lat="37.799514" lon="128.899688"/><trkpt lat="37.799533" lon="128.899749"/><trkpt lat="37.799747" lon="128.900398"/><trkpt lat="37.799792" lon="128.9006"/><trkpt lat="37.799798" lon="128.900723"/><trkpt lat="37.79978" lon="128.900793"/><trkpt lat="37.800428" lon="128.901799"/><trkpt lat="37.801154" lon="128.902981"/><trkpt lat="37.801517" lon="128.903374"/><trkpt lat="37.802053" lon="128.90384"/><trkpt lat="37.802341" lon="128.90409"/><trkpt lat="37.802546" lon="128.904266"/><trkpt lat="37.80289" lon="128.904434"/><trkpt lat="37.803553" lon="128.904814"/><trkpt lat="37.803733" lon="128.904427"/><trkpt lat="37.804057" lon="128.904612"/><trkpt lat="37.804342" lon="128.904173"/></trkseg><trkseg><trkpt lat="37.804342" lon="128.904173"/><trkpt lat="37.804057" lon="128.904612"/><trkpt lat="37.804802" lon="128.905035"/><trkpt lat="37.804764" lon="128.905192"/><trkpt lat="37.804813" lon="128.905212"/><trkpt lat="37.80476" lon="128.905422"/><trkpt lat="37.804631" lon="128.905857"/><trkpt lat="37.80456" lon="128.906076"/><trkpt lat="37.804407" lon="128.906543"/><trkpt lat="37.804367" lon="128.906656"/><trkpt lat="37.804327" lon="128.906761"/><trkpt lat="37.804272" lon="128.906726"/><trkpt lat="37.804168" lon="128.906653"/><trkpt lat="37.804071" lon="128.906902"/><trkpt lat="37.803875" lon="128.907321"/><trkpt lat="37.803616" lon="128.907736"/><trkpt lat="37.803335" lon="128.908222"/><trkpt lat="37.803312" lon="128.90826"/><trkpt lat="37.802843" lon="128.90891"/><trkpt lat="37.802691" lon="128.909091"/><trkpt lat="37.80263" lon="128.909164"/><trkpt lat="37.802308" lon="128.90955"/><trkpt lat="37.801895" lon="128.909998"/><trkpt lat="37.801636" lon="128.910278"/><trkpt lat="37.801504" lon="128.910401"/><trkpt lat="37.801363" lon="128.910517"/><trkpt lat="37.801245" lon="128.910596"/><trkpt lat="37.801013" lon="128.910753"/><trkpt lat="37.800652" lon="128.910982"/><trkpt lat="37.800305" lon="128.911128"/><trkpt lat="37.799927" lon="128.911247"/><trkpt lat="37.799725" lon="128.911272"/><trkpt lat="37.799543" lon="128.911277"/><trkpt lat="37.799374" lon="128.911266"/><trkpt lat="37.799178" lon="128.911185"/><trkpt lat="37.798893" lon="128.910964"/><trkpt lat="37.798818" lon="128.910857"/><trkpt lat="37.798754" lon="128.910729"/><trkpt lat="37.798684" lon="128.910495"/><trkpt lat="37.798587" lon="128.910107"/><trkpt lat="37.798535" lon="128.909815"/><trkpt lat="37.798523" lon="128.909728"/><trkpt lat="37.798018" lon="128.909817"/><trkpt lat="37.798035" lon="128.909758"/><trkpt lat="37.797896" lon="128.9096"/><trkpt lat="37.797853" lon="128.909454"/><trkpt lat="37.797813" lon="128.909437"/></trkseg><trkseg><trkpt lat="37.797813" lon="128.909437"/><trkpt lat="37.797853" lon="128.909454"/><trkpt lat="37.797896" lon="128.9096"/><trkpt lat="37.798035" lon="128.909758"/><trkpt lat="37.798018" lon="128.909817"/><trkpt lat="37.798523" lon="128.909728"/><trkpt lat="37.798535" lon="128.909815"/><trkpt lat="37.798587" lon="128.910107"/><trkpt lat="37.798684" lon="128.910495"/><trkpt lat="37.798754" lon="128.910729"/><trkpt lat="37.798818" lon="128.910857"/><trkpt lat="37.798893" lon="128.910964"/><trkpt lat="37.799178" lon="128.911185"/><trkpt lat="37.799374" lon="128.911266"/><trkpt lat="37.799477" lon="128.911446"/><trkpt lat="37.798984" lon="128.911573"/><trkpt lat="37.798418" lon="128.911705"/><trkpt lat="37.797921" lon="128.91181"/><trkpt lat="37.797876" lon="128.912208"/><trkpt lat="37.797761" lon="128.912491"/><trkpt lat="37.797671" lon="128.912689"/><trkpt lat="37.797568" lon="128.91292"/><trkpt lat="37.797469" lon="128.91329"/><trkpt lat="37.797406" lon="128.913503"/><trkpt lat="37.797165" lon="128.914014"/><trkpt lat="37.797049" lon="128.914214"/><trkpt lat="37.796887" lon="128.914463"/><trkpt lat="37.796854" lon="128.914753"/><trkpt lat="37.796846" lon="128.915001"/><trkpt lat="37.796856" lon="128.915174"/><trkpt lat="37.796912" lon="128.915391"/><trkpt lat="37.796971" lon="128.915568"/><trkpt lat="37.797098" lon="128.915873"/><trkpt lat="37.797208" lon="128.916201"/><trkpt lat="37.796998" lon="128.916124"/><trkpt lat="37.796878" lon="128.916102"/><trkpt lat="37.796754" lon="128.916093"/><trkpt lat="37.796529" lon="128.916117"/><trkpt lat="37.796435" lon="128.916139"/><trkpt lat="37.796214" lon="128.916208"/><trkpt lat="37.796173" lon="128.916227"/><trkpt lat="37.796134" lon="128.916245"/><trkpt lat="37.795951" lon="128.916367"/><trkpt lat="37.795642" lon="128.91659"/><trkpt lat="37.795511" lon="128.916701"/><trkpt lat="37.795354" lon="128.916828"/><trkpt lat="37.795232" lon="128.916936"/><trkpt lat="37.795148" lon="128.917029"/><trkpt lat="37.79502" lon="128.917205"/><trkpt lat="37.794907" lon="128.917406"/><trkpt lat="37.794879" lon="128.917471"/></trkseg><trkseg><trkpt lat="37.794879" lon="128.917471"/><trkpt lat="37.794907" lon="128.917406"/><trkpt lat="37.79502" lon="128.917205"/><trkpt lat="37.795148" lon="128.917029"/><trkpt lat="37.795232" lon="128.916936"/><trkpt lat="37.795354" lon="128.916828"/><trkpt lat="37.795511" lon="128.916701"/><trkpt lat="37.795642" lon="128.91659"/><trkpt lat="37.794529" lon="128.915454"/><trkpt lat="37.793743" lon="128.91474"/><trkpt lat="37.793708" lon="128.914712"/><trkpt lat="37.79316" lon="128.914218"/><trkpt lat="37.793086" lon="128.914151"/><trkpt lat="37.792791" lon="128.913893"/><trkpt lat="37.792584" lon="128.913698"/><trkpt lat="37.792363" lon="128.913496"/><trkpt lat="37.792299" lon="128.913444"/><trkpt lat="37.791307" lon="128.912542"/><trkpt lat="37.791192" lon="128.912403"/><trkpt lat="37.791051" lon="128.912171"/><trkpt lat="37.790974" lon="128.912027"/><trkpt lat="37.790863" lon="128.911749"/><trkpt lat="37.790808" lon="128.911427"/><trkpt lat="37.790789" lon="128.911302"/><trkpt lat="37.791128" lon="128.911034"/><trkpt lat="37.791155" lon="128.911016"/><trkpt lat="37.791189" lon="128.910991"/><trkpt lat="37.79129" lon="128.910462"/><trkpt lat="37.791335" lon="128.910279"/><trkpt lat="37.791455" lon="128.909895"/><trkpt lat="37.791542" lon="128.909565"/><trkpt lat="37.791587" lon="128.909517"/><trkpt lat="37.791597" lon="128.909604"/><trkpt lat="37.79159" lon="128.909694"/></trkseg><trkseg><trkpt lat="37.79159" lon="128.909694"/><trkpt lat="37.791597" lon="128.909604"/><trkpt lat="37.791587" lon="128.909517"/><trkpt lat="37.791542" lon="128.909565"/><trkpt lat="37.791455" lon="128.909895"/><trkpt lat="37.791335" lon="128.910279"/><trkpt lat="37.79129" lon="128.910462"/><trkpt lat="37.791189" lon="128.910991"/><trkpt lat="37.791155" lon="128.911016"/><trkpt lat="37.791128" lon="128.911034"/><trkpt lat="37.790789" lon="128.911302"/><trkpt lat="37.790739" lon="128.91107"/><trkpt lat="37.790695" lon="128.910879"/><trkpt lat="37.790634" lon="128.910719"/><trkpt lat="37.790507" lon="128.910539"/><trkpt lat="37.790271" lon="128.910274"/><trkpt lat="37.790034" lon="128.909981"/><trkpt lat="37.789629" lon="128.90948"/><trkpt lat="37.789496" lon="128.909317"/><trkpt lat="37.789197" lon="128.909197"/><trkpt lat="37.788488" lon="128.908789"/><trkpt lat="37.788417" lon="128.908744"/><trkpt lat="37.787925" lon="128.908284"/><trkpt lat="37.787578" lon="128.907968"/></trkseg></trk><trk><name>gangneung 경포·오죽헌 역사·문화 · 확정 방문 순서 화</name><desc>needs-review · 강릉 선교장→경포대 도보 26분·1932m: 구간 재검토; 경포별난해물찜 식사까지 편도 도보 20분: 15분 초과; 강문떡갈비 식사까지 편도 도보 16분: 15분 초과; 총 도보 8.9km: 8km 기준 초과</desc><trkseg><trkpt lat="37.779203" lon="128.879834"/><trkpt lat="37.779161" lon="128.879862"/><trkpt lat="37.77905" lon="128.879931"/><trkpt lat="37.779133" lon="128.88"/><trkpt lat="37.779175" lon="128.880131"/><trkpt lat="37.779263" lon="128.880404"/><trkpt lat="37.779749" lon="128.881731"/><trkpt lat="37.780299" lon="128.882407"/><trkpt lat="37.782278" lon="128.879956"/><trkpt lat="37.782448" lon="128.879952"/><trkpt lat="37.782589" lon="128.879948"/><trkpt lat="37.78274" lon="128.879932"/><trkpt lat="37.782798" lon="128.879961"/><trkpt lat="37.782852" lon="128.879982"/><trkpt lat="37.783279" lon="128.880159"/><trkpt lat="37.78361" lon="128.880299"/><trkpt lat="37.783653" lon="128.880313"/><trkpt lat="37.783973" lon="128.880452"/><trkpt lat="37.784064" lon="128.8805"/><trkpt lat="37.784149" lon="128.880564"/><trkpt lat="37.784212" lon="128.880648"/><trkpt lat="37.784245" lon="128.880744"/><trkpt lat="37.784257" lon="128.880856"/><trkpt lat="37.78425" lon="128.880984"/><trkpt lat="37.784226" lon="128.881104"/><trkpt lat="37.784189" lon="128.881262"/><trkpt lat="37.784086" lon="128.881537"/><trkpt lat="37.784059" lon="128.881614"/><trkpt lat="37.784018" lon="128.881807"/><trkpt lat="37.784013" lon="128.882008"/><trkpt lat="37.784046" lon="128.882158"/><trkpt lat="37.784326" lon="128.882982"/><trkpt lat="37.784372" lon="128.883064"/><trkpt lat="37.784532" lon="128.883367"/><trkpt lat="37.784837" lon="128.88389"/><trkpt lat="37.784896" lon="128.884018"/><trkpt lat="37.785174" lon="128.884726"/><trkpt lat="37.785374" lon="128.884946"/><trkpt lat="37.78549" lon="128.884879"/></trkseg><trkseg><trkpt lat="37.78549" lon="128.884879"/><trkpt lat="37.785374" lon="128.884946"/><trkpt lat="37.78594" lon="128.886074"/><trkpt lat="37.786049" lon="128.886615"/><trkpt lat="37.786064" lon="128.886962"/><trkpt lat="37.786064" lon="128.887003"/><trkpt lat="37.786073" lon="128.88842"/><trkpt lat="37.786029" lon="128.888944"/><trkpt lat="37.785879" lon="128.889358"/><trkpt lat="37.785732" lon="128.889581"/><trkpt lat="37.785704" lon="128.889624"/><trkpt lat="37.785604" lon="128.889868"/><trkpt lat="37.785493" lon="128.890711"/><trkpt lat="37.785692" lon="128.891523"/><trkpt lat="37.785902" lon="128.891757"/><trkpt lat="37.7861" lon="128.891935"/><trkpt lat="37.786124" lon="128.891965"/><trkpt lat="37.786373" lon="128.892276"/><trkpt lat="37.786551" lon="128.8929"/><trkpt lat="37.786698" lon="128.893379"/><trkpt lat="37.78665" lon="128.893529"/><trkpt lat="37.787618" lon="128.893937"/><trkpt lat="37.788239" lon="128.89419"/><trkpt lat="37.788289" lon="128.89421"/><trkpt lat="37.788857" lon="128.894443"/><trkpt lat="37.790831" lon="128.893606"/><trkpt lat="37.790849" lon="128.893598"/><trkpt lat="37.790904" lon="128.893573"/><trkpt lat="37.790917" lon="128.893567"/><trkpt lat="37.791076" lon="128.893509"/><trkpt lat="37.791426" lon="128.894266"/><trkpt lat="37.791913" lon="128.895001"/><trkpt lat="37.793219" lon="128.896095"/><trkpt lat="37.793529" lon="128.896385"/><trkpt lat="37.793576" lon="128.896442"/><trkpt lat="37.794103" lon="128.896598"/><trkpt lat="37.79431" lon="128.89663"/><trkpt lat="37.794622" lon="128.896659"/><trkpt lat="37.794793" lon="128.896655"/><trkpt lat="37.794818" lon="128.896655"/><trkpt lat="37.794862" lon="128.89665"/><trkpt lat="37.794899" lon="128.896647"/><trkpt lat="37.794918" lon="128.896646"/><trkpt lat="37.794929" lon="128.896729"/><trkpt lat="37.795068" lon="128.896696"/><trkpt lat="37.795059" lon="128.89664"/></trkseg><trkseg><trkpt lat="37.795059" lon="128.89664"/><trkpt lat="37.795068" lon="128.896696"/><trkpt lat="37.794929" lon="128.896729"/><trkpt lat="37.794918" lon="128.896646"/><trkpt lat="37.794899" lon="128.896647"/><trkpt lat="37.794893" lon="128.896566"/><trkpt lat="37.79485" lon="128.896526"/><trkpt lat="37.794798" lon="128.896264"/><trkpt lat="37.794953" lon="128.896247"/><trkpt lat="37.795169" lon="128.896334"/><trkpt lat="37.795371" lon="128.896476"/><trkpt lat="37.795516" lon="128.896756"/><trkpt lat="37.795555" lon="128.896697"/><trkpt lat="37.795699" lon="128.896632"/><trkpt lat="37.796314" lon="128.896635"/><trkpt lat="37.796409" lon="128.896652"/><trkpt lat="37.79708" lon="128.89687"/><trkpt lat="37.797329" lon="128.896944"/><trkpt lat="37.797618" lon="128.897061"/><trkpt lat="37.797913" lon="128.897287"/><trkpt lat="37.798208" lon="128.897533"/><trkpt lat="37.798319" lon="128.897643"/><trkpt lat="37.798747" lon="128.898271"/><trkpt lat="37.798949" lon="128.898607"/><trkpt lat="37.799496" lon="128.899635"/><trkpt lat="37.799514" lon="128.899688"/><trkpt lat="37.799533" lon="128.899749"/><trkpt lat="37.799747" lon="128.900398"/><trkpt lat="37.799792" lon="128.9006"/><trkpt lat="37.799798" lon="128.900723"/><trkpt lat="37.79978" lon="128.900793"/><trkpt lat="37.800428" lon="128.901799"/><trkpt lat="37.801154" lon="128.902981"/><trkpt lat="37.801517" lon="128.903374"/><trkpt lat="37.802053" lon="128.90384"/><trkpt lat="37.802341" lon="128.90409"/><trkpt lat="37.802546" lon="128.904266"/><trkpt lat="37.80289" lon="128.904434"/><trkpt lat="37.803553" lon="128.904814"/><trkpt lat="37.803733" lon="128.904427"/><trkpt lat="37.804057" lon="128.904612"/><trkpt lat="37.804342" lon="128.904173"/></trkseg><trkseg><trkpt lat="37.804342" lon="128.904173"/><trkpt lat="37.804057" lon="128.904612"/><trkpt lat="37.804802" lon="128.905035"/><trkpt lat="37.804764" lon="128.905192"/><trkpt lat="37.804813" lon="128.905212"/><trkpt lat="37.80476" lon="128.905422"/><trkpt lat="37.804631" lon="128.905857"/><trkpt lat="37.80456" lon="128.906076"/><trkpt lat="37.804407" lon="128.906543"/><trkpt lat="37.804367" lon="128.906656"/><trkpt lat="37.804327" lon="128.906761"/><trkpt lat="37.804272" lon="128.906726"/><trkpt lat="37.804168" lon="128.906653"/><trkpt lat="37.804071" lon="128.906902"/><trkpt lat="37.803875" lon="128.907321"/><trkpt lat="37.803616" lon="128.907736"/><trkpt lat="37.803335" lon="128.908222"/><trkpt lat="37.803312" lon="128.90826"/><trkpt lat="37.802843" lon="128.90891"/><trkpt lat="37.802691" lon="128.909091"/><trkpt lat="37.80263" lon="128.909164"/><trkpt lat="37.802308" lon="128.90955"/><trkpt lat="37.801895" lon="128.909998"/><trkpt lat="37.801636" lon="128.910278"/><trkpt lat="37.801504" lon="128.910401"/><trkpt lat="37.801363" lon="128.910517"/><trkpt lat="37.801245" lon="128.910596"/><trkpt lat="37.801013" lon="128.910753"/><trkpt lat="37.800652" lon="128.910982"/><trkpt lat="37.800305" lon="128.911128"/><trkpt lat="37.799927" lon="128.911247"/><trkpt lat="37.799725" lon="128.911272"/><trkpt lat="37.799543" lon="128.911277"/><trkpt lat="37.799374" lon="128.911266"/><trkpt lat="37.799178" lon="128.911185"/><trkpt lat="37.798893" lon="128.910964"/><trkpt lat="37.798818" lon="128.910857"/><trkpt lat="37.798754" lon="128.910729"/><trkpt lat="37.798684" lon="128.910495"/><trkpt lat="37.798587" lon="128.910107"/><trkpt lat="37.798535" lon="128.909815"/><trkpt lat="37.798523" lon="128.909728"/><trkpt lat="37.798018" lon="128.909817"/><trkpt lat="37.798035" lon="128.909758"/><trkpt lat="37.797896" lon="128.9096"/><trkpt lat="37.797853" lon="128.909454"/><trkpt lat="37.797813" lon="128.909437"/></trkseg><trkseg><trkpt lat="37.797813" lon="128.909437"/><trkpt lat="37.797853" lon="128.909454"/><trkpt lat="37.797896" lon="128.9096"/><trkpt lat="37.798035" lon="128.909758"/><trkpt lat="37.798018" lon="128.909817"/><trkpt lat="37.798523" lon="128.909728"/><trkpt lat="37.798535" lon="128.909815"/><trkpt lat="37.798587" lon="128.910107"/><trkpt lat="37.798684" lon="128.910495"/><trkpt lat="37.798754" lon="128.910729"/><trkpt lat="37.798818" lon="128.910857"/><trkpt lat="37.798893" lon="128.910964"/><trkpt lat="37.799178" lon="128.911185"/><trkpt lat="37.799374" lon="128.911266"/><trkpt lat="37.799477" lon="128.911446"/><trkpt lat="37.798984" lon="128.911573"/><trkpt lat="37.798418" lon="128.911705"/><trkpt lat="37.797921" lon="128.91181"/><trkpt lat="37.797876" lon="128.912208"/><trkpt lat="37.797761" lon="128.912491"/><trkpt lat="37.797671" lon="128.912689"/><trkpt lat="37.797568" lon="128.91292"/><trkpt lat="37.797469" lon="128.91329"/><trkpt lat="37.797406" lon="128.913503"/><trkpt lat="37.797165" lon="128.914014"/><trkpt lat="37.797049" lon="128.914214"/><trkpt lat="37.796887" lon="128.914463"/><trkpt lat="37.796854" lon="128.914753"/><trkpt lat="37.796846" lon="128.915001"/><trkpt lat="37.796856" lon="128.915174"/><trkpt lat="37.796912" lon="128.915391"/><trkpt lat="37.796971" lon="128.915568"/><trkpt lat="37.797098" lon="128.915873"/><trkpt lat="37.797208" lon="128.916201"/><trkpt lat="37.796998" lon="128.916124"/><trkpt lat="37.796878" lon="128.916102"/><trkpt lat="37.796754" lon="128.916093"/><trkpt lat="37.796529" lon="128.916117"/><trkpt lat="37.796435" lon="128.916139"/><trkpt lat="37.796214" lon="128.916208"/><trkpt lat="37.796173" lon="128.916227"/><trkpt lat="37.796134" lon="128.916245"/><trkpt lat="37.795951" lon="128.916367"/><trkpt lat="37.795642" lon="128.91659"/><trkpt lat="37.795511" lon="128.916701"/><trkpt lat="37.795354" lon="128.916828"/><trkpt lat="37.795232" lon="128.916936"/><trkpt lat="37.795148" lon="128.917029"/><trkpt lat="37.79502" lon="128.917205"/><trkpt lat="37.794907" lon="128.917406"/><trkpt lat="37.794879" lon="128.917471"/></trkseg><trkseg><trkpt lat="37.794879" lon="128.917471"/><trkpt lat="37.794907" lon="128.917406"/><trkpt lat="37.79502" lon="128.917205"/><trkpt lat="37.795148" lon="128.917029"/><trkpt lat="37.795232" lon="128.916936"/><trkpt lat="37.795354" lon="128.916828"/><trkpt lat="37.795511" lon="128.916701"/><trkpt lat="37.795642" lon="128.91659"/><trkpt lat="37.794529" lon="128.915454"/><trkpt lat="37.793743" lon="128.91474"/><trkpt lat="37.793708" lon="128.914712"/><trkpt lat="37.79316" lon="128.914218"/><trkpt lat="37.793086" lon="128.914151"/><trkpt lat="37.792791" lon="128.913893"/><trkpt lat="37.792584" lon="128.913698"/><trkpt lat="37.792363" lon="128.913496"/><trkpt lat="37.792299" lon="128.913444"/><trkpt lat="37.791307" lon="128.912542"/><trkpt lat="37.791192" lon="128.912403"/><trkpt lat="37.791051" lon="128.912171"/><trkpt lat="37.790974" lon="128.912027"/><trkpt lat="37.790863" lon="128.911749"/><trkpt lat="37.790808" lon="128.911427"/><trkpt lat="37.790789" lon="128.911302"/><trkpt lat="37.791128" lon="128.911034"/><trkpt lat="37.791155" lon="128.911016"/><trkpt lat="37.791189" lon="128.910991"/><trkpt lat="37.79129" lon="128.910462"/><trkpt lat="37.791335" lon="128.910279"/><trkpt lat="37.791455" lon="128.909895"/><trkpt lat="37.791542" lon="128.909565"/><trkpt lat="37.791587" lon="128.909517"/><trkpt lat="37.791597" lon="128.909604"/><trkpt lat="37.79159" lon="128.909694"/></trkseg><trkseg><trkpt lat="37.79159" lon="128.909694"/><trkpt lat="37.791597" lon="128.909604"/><trkpt lat="37.791587" lon="128.909517"/><trkpt lat="37.791542" lon="128.909565"/><trkpt lat="37.791455" lon="128.909895"/><trkpt lat="37.791335" lon="128.910279"/><trkpt lat="37.79129" lon="128.910462"/><trkpt lat="37.791189" lon="128.910991"/><trkpt lat="37.791155" lon="128.911016"/><trkpt lat="37.791128" lon="128.911034"/><trkpt lat="37.790789" lon="128.911302"/><trkpt lat="37.790739" lon="128.91107"/><trkpt lat="37.790695" lon="128.910879"/><trkpt lat="37.790634" lon="128.910719"/><trkpt lat="37.790507" lon="128.910539"/><trkpt lat="37.790271" lon="128.910274"/><trkpt lat="37.790034" lon="128.909981"/><trkpt lat="37.789629" lon="128.90948"/><trkpt lat="37.789496" lon="128.909317"/><trkpt lat="37.789197" lon="128.909197"/><trkpt lat="37.788488" lon="128.908789"/><trkpt lat="37.788417" lon="128.908744"/><trkpt lat="37.787925" lon="128.908284"/><trkpt lat="37.787578" lon="128.907968"/></trkseg></trk><trk><name>gangneung 경포·오죽헌 역사·문화 · 확정 방문 순서 수</name><desc>needs-review · 저녁 식사 누락; 강릉 선교장→경포대 도보 26분·1932m: 구간 재검토</desc><trkseg><trkpt lat="37.779203" lon="128.879834"/><trkpt lat="37.779161" lon="128.879862"/><trkpt lat="37.77905" lon="128.879931"/><trkpt lat="37.779133" lon="128.88"/><trkpt lat="37.779175" lon="128.880131"/><trkpt lat="37.779263" lon="128.880404"/><trkpt lat="37.779749" lon="128.881731"/><trkpt lat="37.780299" lon="128.882407"/><trkpt lat="37.782278" lon="128.879956"/><trkpt lat="37.782448" lon="128.879952"/><trkpt lat="37.782589" lon="128.879948"/><trkpt lat="37.78274" lon="128.879932"/><trkpt lat="37.782798" lon="128.879961"/><trkpt lat="37.782852" lon="128.879982"/><trkpt lat="37.783279" lon="128.880159"/><trkpt lat="37.78361" lon="128.880299"/><trkpt lat="37.783653" lon="128.880313"/><trkpt lat="37.783973" lon="128.880452"/><trkpt lat="37.784064" lon="128.8805"/><trkpt lat="37.784149" lon="128.880564"/><trkpt lat="37.784212" lon="128.880648"/><trkpt lat="37.784245" lon="128.880744"/><trkpt lat="37.784257" lon="128.880856"/><trkpt lat="37.78425" lon="128.880984"/><trkpt lat="37.784226" lon="128.881104"/><trkpt lat="37.784189" lon="128.881262"/><trkpt lat="37.784086" lon="128.881537"/><trkpt lat="37.784059" lon="128.881614"/><trkpt lat="37.784018" lon="128.881807"/><trkpt lat="37.784013" lon="128.882008"/><trkpt lat="37.784046" lon="128.882158"/><trkpt lat="37.784326" lon="128.882982"/><trkpt lat="37.784372" lon="128.883064"/><trkpt lat="37.784532" lon="128.883367"/><trkpt lat="37.784837" lon="128.88389"/><trkpt lat="37.784896" lon="128.884018"/><trkpt lat="37.785174" lon="128.884726"/><trkpt lat="37.785374" lon="128.884946"/><trkpt lat="37.78549" lon="128.884879"/></trkseg><trkseg><trkpt lat="37.78549" lon="128.884879"/><trkpt lat="37.785374" lon="128.884946"/><trkpt lat="37.78594" lon="128.886074"/><trkpt lat="37.786049" lon="128.886615"/><trkpt lat="37.786064" lon="128.886962"/><trkpt lat="37.786064" lon="128.887003"/><trkpt lat="37.786073" lon="128.88842"/><trkpt lat="37.786029" lon="128.888944"/><trkpt lat="37.785879" lon="128.889358"/><trkpt lat="37.785732" lon="128.889581"/><trkpt lat="37.785704" lon="128.889624"/><trkpt lat="37.785604" lon="128.889868"/><trkpt lat="37.785493" lon="128.890711"/><trkpt lat="37.785692" lon="128.891523"/><trkpt lat="37.785902" lon="128.891757"/><trkpt lat="37.7861" lon="128.891935"/><trkpt lat="37.786124" lon="128.891965"/><trkpt lat="37.786373" lon="128.892276"/><trkpt lat="37.786551" lon="128.8929"/><trkpt lat="37.786698" lon="128.893379"/><trkpt lat="37.78665" lon="128.893529"/><trkpt lat="37.787618" lon="128.893937"/><trkpt lat="37.788239" lon="128.89419"/><trkpt lat="37.788289" lon="128.89421"/><trkpt lat="37.788857" lon="128.894443"/><trkpt lat="37.790831" lon="128.893606"/><trkpt lat="37.790849" lon="128.893598"/><trkpt lat="37.790904" lon="128.893573"/><trkpt lat="37.790917" lon="128.893567"/><trkpt lat="37.791076" lon="128.893509"/><trkpt lat="37.791426" lon="128.894266"/><trkpt lat="37.791913" lon="128.895001"/><trkpt lat="37.793219" lon="128.896095"/><trkpt lat="37.793529" lon="128.896385"/><trkpt lat="37.793576" lon="128.896442"/><trkpt lat="37.794103" lon="128.896598"/><trkpt lat="37.79431" lon="128.89663"/><trkpt lat="37.794622" lon="128.896659"/><trkpt lat="37.794793" lon="128.896655"/><trkpt lat="37.794818" lon="128.896655"/><trkpt lat="37.794862" lon="128.89665"/><trkpt lat="37.794899" lon="128.896647"/><trkpt lat="37.794918" lon="128.896646"/><trkpt lat="37.794929" lon="128.896729"/><trkpt lat="37.795068" lon="128.896696"/><trkpt lat="37.795059" lon="128.89664"/></trkseg><trkseg><trkpt lat="37.795059" lon="128.89664"/><trkpt lat="37.795068" lon="128.896696"/><trkpt lat="37.794929" lon="128.896729"/><trkpt lat="37.794918" lon="128.896646"/><trkpt lat="37.794899" lon="128.896647"/><trkpt lat="37.794893" lon="128.896566"/><trkpt lat="37.79485" lon="128.896526"/><trkpt lat="37.794798" lon="128.896264"/><trkpt lat="37.794953" lon="128.896247"/><trkpt lat="37.795169" lon="128.896334"/><trkpt lat="37.795371" lon="128.896476"/><trkpt lat="37.795516" lon="128.896756"/><trkpt lat="37.795555" lon="128.896697"/><trkpt lat="37.795699" lon="128.896632"/><trkpt lat="37.796314" lon="128.896635"/><trkpt lat="37.796409" lon="128.896652"/><trkpt lat="37.79708" lon="128.89687"/><trkpt lat="37.797329" lon="128.896944"/><trkpt lat="37.797618" lon="128.897061"/><trkpt lat="37.797787" lon="128.897191"/></trkseg><trkseg><trkpt lat="37.797787" lon="128.897191"/><trkpt lat="37.797913" lon="128.897287"/><trkpt lat="37.798208" lon="128.897533"/><trkpt lat="37.798319" lon="128.897643"/><trkpt lat="37.798747" lon="128.898271"/><trkpt lat="37.798949" lon="128.898607"/><trkpt lat="37.799496" lon="128.899635"/><trkpt lat="37.799514" lon="128.899688"/><trkpt lat="37.799533" lon="128.899749"/><trkpt lat="37.799747" lon="128.900398"/><trkpt lat="37.799792" lon="128.9006"/><trkpt lat="37.799798" lon="128.900723"/><trkpt lat="37.79978" lon="128.900793"/><trkpt lat="37.800428" lon="128.901799"/><trkpt lat="37.801154" lon="128.902981"/><trkpt lat="37.801517" lon="128.903374"/><trkpt lat="37.802053" lon="128.90384"/><trkpt lat="37.802341" lon="128.90409"/><trkpt lat="37.802546" lon="128.904266"/><trkpt lat="37.80289" lon="128.904434"/><trkpt lat="37.803553" lon="128.904814"/><trkpt lat="37.803733" lon="128.904427"/><trkpt lat="37.804057" lon="128.904612"/><trkpt lat="37.804342" lon="128.904173"/></trkseg><trkseg><trkpt lat="37.804342" lon="128.904173"/><trkpt lat="37.804057" lon="128.904612"/><trkpt lat="37.804802" lon="128.905035"/><trkpt lat="37.804764" lon="128.905192"/><trkpt lat="37.804813" lon="128.905212"/><trkpt lat="37.80476" lon="128.905422"/><trkpt lat="37.804631" lon="128.905857"/><trkpt lat="37.80456" lon="128.906076"/><trkpt lat="37.804407" lon="128.906543"/><trkpt lat="37.804367" lon="128.906656"/><trkpt lat="37.804327" lon="128.906761"/><trkpt lat="37.804272" lon="128.906726"/><trkpt lat="37.804168" lon="128.906653"/><trkpt lat="37.804071" lon="128.906902"/><trkpt lat="37.803875" lon="128.907321"/><trkpt lat="37.803616" lon="128.907736"/><trkpt lat="37.803335" lon="128.908222"/><trkpt lat="37.803312" lon="128.90826"/><trkpt lat="37.802843" lon="128.90891"/><trkpt lat="37.802691" lon="128.909091"/><trkpt lat="37.80263" lon="128.909164"/><trkpt lat="37.802308" lon="128.90955"/><trkpt lat="37.801895" lon="128.909998"/><trkpt lat="37.801636" lon="128.910278"/><trkpt lat="37.801504" lon="128.910401"/><trkpt lat="37.801363" lon="128.910517"/><trkpt lat="37.801245" lon="128.910596"/><trkpt lat="37.801013" lon="128.910753"/><trkpt lat="37.800652" lon="128.910982"/><trkpt lat="37.800305" lon="128.911128"/><trkpt lat="37.799927" lon="128.911247"/><trkpt lat="37.799725" lon="128.911272"/><trkpt lat="37.799543" lon="128.911277"/><trkpt lat="37.799374" lon="128.911266"/><trkpt lat="37.799178" lon="128.911185"/><trkpt lat="37.798893" lon="128.910964"/><trkpt lat="37.798818" lon="128.910857"/><trkpt lat="37.798754" lon="128.910729"/><trkpt lat="37.798684" lon="128.910495"/><trkpt lat="37.798587" lon="128.910107"/><trkpt lat="37.798535" lon="128.909815"/><trkpt lat="37.798523" lon="128.909728"/><trkpt lat="37.798018" lon="128.909817"/><trkpt lat="37.798035" lon="128.909758"/><trkpt lat="37.797896" lon="128.9096"/><trkpt lat="37.797853" lon="128.909454"/><trkpt lat="37.797813" lon="128.909437"/></trkseg><trkseg><trkpt lat="37.797813" lon="128.909437"/><trkpt lat="37.797853" lon="128.909454"/><trkpt lat="37.797896" lon="128.9096"/><trkpt lat="37.798035" lon="128.909758"/><trkpt lat="37.798018" lon="128.909817"/><trkpt lat="37.797733" lon="128.909863"/><trkpt lat="37.797635" lon="128.909966"/><trkpt lat="37.797545" lon="128.910065"/><trkpt lat="37.797425" lon="128.910079"/><trkpt lat="37.797291" lon="128.910214"/><trkpt lat="37.797187" lon="128.910433"/><trkpt lat="37.797118" lon="128.91044"/><trkpt lat="37.796927" lon="128.910458"/><trkpt lat="37.796877" lon="128.910429"/><trkpt lat="37.796609" lon="128.910033"/><trkpt lat="37.796533" lon="128.90992"/><trkpt lat="37.796491" lon="128.909842"/><trkpt lat="37.795464" lon="128.908277"/><trkpt lat="37.795217" lon="128.907991"/><trkpt lat="37.794804" lon="128.907642"/><trkpt lat="37.794688" lon="128.907544"/><trkpt lat="37.794546" lon="128.907394"/><trkpt lat="37.793867" lon="128.906824"/><trkpt lat="37.793797" lon="128.906735"/><trkpt lat="37.793774" lon="128.90679"/><trkpt lat="37.793609" lon="128.907105"/><trkpt lat="37.793548" lon="128.907162"/><trkpt lat="37.793729" lon="128.907424"/><trkpt lat="37.793725" lon="128.907689"/><trkpt lat="37.793301" lon="128.907846"/><trkpt lat="37.793188" lon="128.908067"/><trkpt lat="37.793034" lon="128.908236"/><trkpt lat="37.792888" lon="128.908557"/><trkpt lat="37.792658" lon="128.908759"/><trkpt lat="37.792387" lon="128.90897"/><trkpt lat="37.79198" lon="128.909127"/><trkpt lat="37.791875" lon="128.909185"/><trkpt lat="37.791775" lon="128.909219"/><trkpt lat="37.791743" lon="128.909275"/><trkpt lat="37.791665" lon="128.90941"/><trkpt lat="37.791587" lon="128.909517"/><trkpt lat="37.791597" lon="128.909604"/><trkpt lat="37.79159" lon="128.909694"/></trkseg><trkseg><trkpt lat="37.79159" lon="128.909694"/><trkpt lat="37.791597" lon="128.909604"/><trkpt lat="37.791587" lon="128.909517"/><trkpt lat="37.791542" lon="128.909565"/><trkpt lat="37.791455" lon="128.909895"/><trkpt lat="37.791335" lon="128.910279"/><trkpt lat="37.79129" lon="128.910462"/><trkpt lat="37.791189" lon="128.910991"/><trkpt lat="37.791155" lon="128.911016"/><trkpt lat="37.791128" lon="128.911034"/><trkpt lat="37.790789" lon="128.911302"/><trkpt lat="37.790739" lon="128.91107"/><trkpt lat="37.790695" lon="128.910879"/><trkpt lat="37.790634" lon="128.910719"/><trkpt lat="37.790507" lon="128.910539"/><trkpt lat="37.790271" lon="128.910274"/><trkpt lat="37.790034" lon="128.909981"/><trkpt lat="37.789629" lon="128.90948"/><trkpt lat="37.789496" lon="128.909317"/><trkpt lat="37.789197" lon="128.909197"/><trkpt lat="37.788488" lon="128.908789"/><trkpt lat="37.788417" lon="128.908744"/><trkpt lat="37.787925" lon="128.908284"/><trkpt lat="37.787578" lon="128.907968"/></trkseg></trk><trk><name>gangneung 시내→초당→안목 카페 투어 · 10곳 일·월</name><desc>walking-geometry-checked · </desc><trkseg><trkpt lat="37.749793" lon="128.890569"/><trkpt lat="37.749959" lon="128.890449"/><trkpt lat="37.750093" lon="128.890714"/><trkpt lat="37.750378" lon="128.890437"/><trkpt lat="37.750812" lon="128.891016"/><trkpt lat="37.750902" lon="128.891159"/><trkpt lat="37.751249" lon="128.890688"/><trkpt lat="37.751442" lon="128.890514"/><trkpt lat="37.751907" lon="128.89034"/><trkpt lat="37.752662" lon="128.890056"/><trkpt lat="37.75312" lon="128.890732"/><trkpt lat="37.754004" lon="128.892039"/><trkpt lat="37.754486" lon="128.891892"/><trkpt lat="37.754601" lon="128.892209"/><trkpt lat="37.754725" lon="128.89244"/><trkpt lat="37.754868" lon="128.892643"/><trkpt lat="37.755242" lon="128.893247"/><trkpt lat="37.755397" lon="128.893494"/><trkpt lat="37.755887" lon="128.893275"/></trkseg><trkseg><trkpt lat="37.785655" lon="128.915083"/><trkpt lat="37.786136" lon="128.914586"/><trkpt lat="37.78618" lon="128.91454"/><trkpt lat="37.786284" lon="128.914433"/><trkpt lat="37.786832" lon="128.914067"/><trkpt lat="37.787024" lon="128.913955"/><trkpt lat="37.787114" lon="128.913903"/><trkpt lat="37.787575" lon="128.913591"/><trkpt lat="37.787881" lon="128.913444"/><trkpt lat="37.787857" lon="128.913313"/><trkpt lat="37.787876" lon="128.912908"/></trkseg><trkseg><trkpt lat="37.787876" lon="128.912908"/><trkpt lat="37.787857" lon="128.913313"/><trkpt lat="37.787881" lon="128.913444"/><trkpt lat="37.787969" lon="128.913644"/><trkpt lat="37.788043" lon="128.91382"/><trkpt lat="37.788078" lon="128.913904"/><trkpt lat="37.788177" lon="128.91418"/><trkpt lat="37.788248" lon="128.914307"/><trkpt lat="37.788295" lon="128.914392"/></trkseg><trkseg><trkpt lat="37.788295" lon="128.914392"/><trkpt lat="37.788304" lon="128.914408"/><trkpt lat="37.788501" lon="128.914683"/><trkpt lat="37.788925" lon="128.915153"/><trkpt lat="37.788991" lon="128.915086"/><trkpt lat="37.790837" lon="128.914325"/><trkpt lat="37.791379" lon="128.91415"/><trkpt lat="37.792791" lon="128.913893"/><trkpt lat="37.793068" lon="128.914135"/></trkseg><trkseg><trkpt lat="37.772687" lon="128.947324"/><trkpt lat="37.772233" lon="128.947808"/></trkseg><trkseg><trkpt lat="37.772233" lon="128.947808"/><trkpt lat="37.772115" lon="128.947933"/></trkseg></trk><trk><name>gangneung 시내→초당→안목 카페 투어 · 10곳 화</name><desc>needs-review · 일부 구간의 보행 길선 또는 버스 연결 미확인</desc><trkseg><trkpt lat="37.750923" lon="128.892549"/><trkpt lat="37.750384" lon="128.891758"/><trkpt lat="37.750051" lon="128.891269"/><trkpt lat="37.749907" lon="128.890878"/><trkpt lat="37.749644" lon="128.890677"/><trkpt lat="37.749793" lon="128.890569"/></trkseg><trkseg><trkpt lat="37.749793" lon="128.890569"/><trkpt lat="37.749959" lon="128.890449"/><trkpt lat="37.750093" lon="128.890714"/><trkpt lat="37.750378" lon="128.890437"/><trkpt lat="37.750812" lon="128.891016"/><trkpt lat="37.750902" lon="128.891159"/><trkpt lat="37.751249" lon="128.890688"/><trkpt lat="37.751442" lon="128.890514"/><trkpt lat="37.751907" lon="128.89034"/><trkpt lat="37.752662" lon="128.890056"/><trkpt lat="37.75312" lon="128.890732"/><trkpt lat="37.754004" lon="128.892039"/><trkpt lat="37.754486" lon="128.891892"/><trkpt lat="37.754601" lon="128.892209"/><trkpt lat="37.754725" lon="128.89244"/><trkpt lat="37.754868" lon="128.892643"/><trkpt lat="37.755242" lon="128.893247"/><trkpt lat="37.755397" lon="128.893494"/><trkpt lat="37.755887" lon="128.893275"/></trkseg><trkseg><trkpt lat="37.772687" lon="128.947324"/><trkpt lat="37.772233" lon="128.947808"/></trkseg><trkseg><trkpt lat="37.772233" lon="128.947808"/><trkpt lat="37.772115" lon="128.947933"/></trkseg></trk><trk><name>gangneung 시내→초당→안목 카페 투어 · 10곳 수</name><desc>walking-geometry-checked · </desc><trkseg><trkpt lat="37.750923" lon="128.892549"/><trkpt lat="37.750384" lon="128.891758"/><trkpt lat="37.750051" lon="128.891269"/><trkpt lat="37.749907" lon="128.890878"/><trkpt lat="37.749644" lon="128.890677"/><trkpt lat="37.749793" lon="128.890569"/></trkseg><trkseg><trkpt lat="37.749793" lon="128.890569"/><trkpt lat="37.749959" lon="128.890449"/><trkpt lat="37.750093" lon="128.890714"/><trkpt lat="37.750378" lon="128.890437"/><trkpt lat="37.750812" lon="128.891016"/><trkpt lat="37.750902" lon="128.891159"/><trkpt lat="37.751249" lon="128.890688"/><trkpt lat="37.751442" lon="128.890514"/><trkpt lat="37.751907" lon="128.89034"/><trkpt lat="37.752662" lon="128.890056"/><trkpt lat="37.75312" lon="128.890732"/><trkpt lat="37.754004" lon="128.892039"/><trkpt lat="37.754486" lon="128.891892"/><trkpt lat="37.754601" lon="128.892209"/><trkpt lat="37.754725" lon="128.89244"/><trkpt lat="37.754868" lon="128.892643"/><trkpt lat="37.755242" lon="128.893247"/><trkpt lat="37.755397" lon="128.893494"/><trkpt lat="37.755887" lon="128.893275"/></trkseg><trkseg><trkpt lat="37.785655" lon="128.915083"/><trkpt lat="37.786136" lon="128.914586"/><trkpt lat="37.78618" lon="128.91454"/><trkpt lat="37.786284" lon="128.914433"/><trkpt lat="37.786832" lon="128.914067"/><trkpt lat="37.787024" lon="128.913955"/><trkpt lat="37.787114" lon="128.913903"/><trkpt lat="37.787575" lon="128.913591"/><trkpt lat="37.787881" lon="128.913444"/><trkpt lat="37.787969" lon="128.913644"/><trkpt lat="37.788043" lon="128.91382"/><trkpt lat="37.788078" lon="128.913904"/><trkpt lat="37.788177" lon="128.91418"/><trkpt lat="37.788248" lon="128.914307"/><trkpt lat="37.788295" lon="128.914392"/></trkseg><trkseg><trkpt lat="37.788295" lon="128.914392"/><trkpt lat="37.788304" lon="128.914408"/><trkpt lat="37.788501" lon="128.914683"/><trkpt lat="37.788925" lon="128.915153"/><trkpt lat="37.788991" lon="128.915086"/><trkpt lat="37.790837" lon="128.914325"/><trkpt lat="37.791379" lon="128.91415"/><trkpt lat="37.792791" lon="128.913893"/><trkpt lat="37.793068" lon="128.914135"/></trkseg><trkseg><trkpt lat="37.772687" lon="128.947324"/><trkpt lat="37.772233" lon="128.947808"/></trkseg><trkseg><trkpt lat="37.772233" lon="128.947808"/><trkpt lat="37.772115" lon="128.947933"/></trkseg></trk><trk><name>gangneung 시내→초당→안목 카페 투어 · 10곳 목</name><desc>needs-review · 일부 구간의 보행 길선 또는 버스 연결 미확인</desc><trkseg><trkpt lat="37.785655" lon="128.915083"/><trkpt lat="37.786136" lon="128.914586"/><trkpt lat="37.78618" lon="128.91454"/><trkpt lat="37.786284" lon="128.914433"/><trkpt lat="37.786832" lon="128.914067"/><trkpt lat="37.787024" lon="128.913955"/><trkpt lat="37.787114" lon="128.913903"/><trkpt lat="37.787575" lon="128.913591"/><trkpt lat="37.787881" lon="128.913444"/><trkpt lat="37.787857" lon="128.913313"/><trkpt lat="37.787876" lon="128.912908"/></trkseg><trkseg><trkpt lat="37.787876" lon="128.912908"/><trkpt lat="37.787857" lon="128.913313"/><trkpt lat="37.787881" lon="128.913444"/><trkpt lat="37.787969" lon="128.913644"/><trkpt lat="37.788043" lon="128.91382"/><trkpt lat="37.788078" lon="128.913904"/><trkpt lat="37.788177" lon="128.91418"/><trkpt lat="37.788248" lon="128.914307"/><trkpt lat="37.788295" lon="128.914392"/></trkseg><trkseg><trkpt lat="37.788295" lon="128.914392"/><trkpt lat="37.788304" lon="128.914408"/><trkpt lat="37.788501" lon="128.914683"/><trkpt lat="37.788925" lon="128.915153"/><trkpt lat="37.788991" lon="128.915086"/><trkpt lat="37.790837" lon="128.914325"/><trkpt lat="37.791379" lon="128.91415"/><trkpt lat="37.792791" lon="128.913893"/><trkpt lat="37.793068" lon="128.914135"/></trkseg><trkseg><trkpt lat="37.772687" lon="128.947324"/><trkpt lat="37.772233" lon="128.947808"/></trkseg><trkseg><trkpt lat="37.772233" lon="128.947808"/><trkpt lat="37.772115" lon="128.947933"/></trkseg></trk><trk><name>gangneung 시내→초당→안목 카페 투어 · 10곳 금·토</name><desc>walking-geometry-checked · </desc><trkseg><trkpt lat="37.750923" lon="128.892549"/><trkpt lat="37.750384" lon="128.891758"/><trkpt lat="37.750051" lon="128.891269"/><trkpt lat="37.749907" lon="128.890878"/><trkpt lat="37.749644" lon="128.890677"/><trkpt lat="37.749793" lon="128.890569"/></trkseg><trkseg><trkpt lat="37.749793" lon="128.890569"/><trkpt lat="37.749959" lon="128.890449"/><trkpt lat="37.750093" lon="128.890714"/><trkpt lat="37.750378" lon="128.890437"/><trkpt lat="37.750812" lon="128.891016"/><trkpt lat="37.750902" lon="128.891159"/><trkpt lat="37.751249" lon="128.890688"/><trkpt lat="37.751442" lon="128.890514"/><trkpt lat="37.751907" lon="128.89034"/><trkpt lat="37.752662" lon="128.890056"/><trkpt lat="37.75312" lon="128.890732"/><trkpt lat="37.754004" lon="128.892039"/><trkpt lat="37.754486" lon="128.891892"/><trkpt lat="37.754601" lon="128.892209"/><trkpt lat="37.754725" lon="128.89244"/><trkpt lat="37.754868" lon="128.892643"/><trkpt lat="37.755242" lon="128.893247"/><trkpt lat="37.755397" lon="128.893494"/><trkpt lat="37.755887" lon="128.893275"/></trkseg><trkseg><trkpt lat="37.785655" lon="128.915083"/><trkpt lat="37.786136" lon="128.914586"/><trkpt lat="37.78618" lon="128.91454"/><trkpt lat="37.786284" lon="128.914433"/><trkpt lat="37.786832" lon="128.914067"/><trkpt lat="37.787024" lon="128.913955"/><trkpt lat="37.787114" lon="128.913903"/><trkpt lat="37.787575" lon="128.913591"/><trkpt lat="37.787881" lon="128.913444"/><trkpt lat="37.787857" lon="128.913313"/><trkpt lat="37.787876" lon="128.912908"/></trkseg><trkseg><trkpt lat="37.787876" lon="128.912908"/><trkpt lat="37.787857" lon="128.913313"/><trkpt lat="37.787881" lon="128.913444"/><trkpt lat="37.787969" lon="128.913644"/><trkpt lat="37.788043" lon="128.91382"/><trkpt lat="37.788078" lon="128.913904"/><trkpt lat="37.788177" lon="128.91418"/><trkpt lat="37.788248" lon="128.914307"/><trkpt lat="37.788295" lon="128.914392"/></trkseg><trkseg><trkpt lat="37.788295" lon="128.914392"/><trkpt lat="37.788304" lon="128.914408"/><trkpt lat="37.788501" lon="128.914683"/><trkpt lat="37.788925" lon="128.915153"/><trkpt lat="37.788991" lon="128.915086"/><trkpt lat="37.790837" lon="128.914325"/><trkpt lat="37.791379" lon="128.91415"/><trkpt lat="37.792791" lon="128.913893"/><trkpt lat="37.793068" lon="128.914135"/></trkseg><trkseg><trkpt lat="37.772687" lon="128.947324"/><trkpt lat="37.772233" lon="128.947808"/></trkseg><trkseg><trkpt lat="37.772233" lon="128.947808"/><trkpt lat="37.772115" lon="128.947933"/></trkseg></trk><trk><name>gyeongju 황리단길·대릉원 골목 일</name><desc>walking-geometry-checked · </desc><trkseg><trkpt lat="35.837412" lon="129.21"/><trkpt lat="35.837311" lon="129.210013"/><trkpt lat="35.837433" lon="129.209701"/><trkpt lat="35.837349" lon="129.209694"/><trkpt lat="35.836671" lon="129.209641"/><trkpt lat="35.836422" lon="129.209622"/><trkpt lat="35.835515" lon="129.209519"/><trkpt lat="35.835276" lon="129.209502"/><trkpt lat="35.834711" lon="129.209462"/><trkpt lat="35.834362" lon="129.209466"/><trkpt lat="35.834285" lon="129.209467"/></trkseg><trkseg><trkpt lat="35.834285" lon="129.209467"/><trkpt lat="35.834362" lon="129.209466"/><trkpt lat="35.834711" lon="129.209462"/><trkpt lat="35.835276" lon="129.209502"/><trkpt lat="35.835515" lon="129.209519"/><trkpt lat="35.836422" lon="129.209622"/><trkpt lat="35.836671" lon="129.209641"/><trkpt lat="35.837349" lon="129.209694"/><trkpt lat="35.837433" lon="129.209701"/><trkpt lat="35.837311" lon="129.210013"/><trkpt lat="35.837502" lon="129.209989"/><trkpt lat="35.83751" lon="129.210188"/></trkseg><trkseg><trkpt lat="35.83751" lon="129.210188"/><trkpt lat="35.837502" lon="129.209989"/><trkpt lat="35.837311" lon="129.210013"/><trkpt lat="35.837433" lon="129.209701"/><trkpt lat="35.837349" lon="129.209694"/><trkpt lat="35.836671" lon="129.209641"/><trkpt lat="35.836422" lon="129.209622"/><trkpt lat="35.835515" lon="129.209519"/><trkpt lat="35.835462" lon="129.210015"/></trkseg><trkseg><trkpt lat="35.835462" lon="129.210015"/><trkpt lat="35.835515" lon="129.209519"/><trkpt lat="35.836422" lon="129.209622"/><trkpt lat="35.836473" lon="129.209336"/><trkpt lat="35.836912" lon="129.209332"/><trkpt lat="35.837205" lon="129.20933"/><trkpt lat="35.837471" lon="129.209313"/><trkpt lat="35.837588" lon="129.209312"/><trkpt lat="35.837848" lon="129.209309"/></trkseg><trkseg><trkpt lat="35.837848" lon="129.209309"/><trkpt lat="35.837922" lon="129.209308"/><trkpt lat="35.838129" lon="129.209305"/><trkpt lat="35.838241" lon="129.209304"/><trkpt lat="35.838366" lon="129.209243"/><trkpt lat="35.83865" lon="129.209105"/><trkpt lat="35.838724" lon="129.209282"/><trkpt lat="35.838763" lon="129.209373"/><trkpt lat="35.83897" lon="129.209866"/><trkpt lat="35.839525" lon="129.209918"/><trkpt lat="35.83975" lon="129.2108"/><trkpt lat="35.839573" lon="129.210867"/><trkpt lat="35.839117" lon="129.211031"/><trkpt lat="35.839272" lon="129.211374"/><trkpt lat="35.839418" lon="129.211599"/><trkpt lat="35.83949" lon="129.211805"/><trkpt lat="35.839486" lon="129.212016"/><trkpt lat="35.839408" lon="129.212245"/><trkpt lat="35.839276" lon="129.212566"/><trkpt lat="35.839201" lon="129.212707"/><trkpt lat="35.839073" lon="129.212672"/><trkpt lat="35.838961" lon="129.212715"/><trkpt lat="35.838913" lon="129.212733"/><trkpt lat="35.838861" lon="129.212727"/><trkpt lat="35.838814" lon="129.212693"/><trkpt lat="35.838755" lon="129.212625"/><trkpt lat="35.838691" lon="129.212602"/><trkpt lat="35.838638" lon="129.212575"/><trkpt lat="35.83861" lon="129.212529"/><trkpt lat="35.838566" lon="129.212447"/><trkpt lat="35.838526" lon="129.212396"/><trkpt lat="35.83848" lon="129.212374"/><trkpt lat="35.83843" lon="129.212376"/><trkpt lat="35.838385" lon="129.212402"/><trkpt lat="35.838353" lon="129.212449"/><trkpt lat="35.838337" lon="129.212507"/><trkpt lat="35.838342" lon="129.212568"/><trkpt lat="35.838366" lon="129.212622"/><trkpt lat="35.838382" lon="129.21269"/><trkpt lat="35.838381" lon="129.212769"/><trkpt lat="35.838374" lon="129.212835"/><trkpt lat="35.838352" lon="129.212896"/><trkpt lat="35.838315" lon="129.212946"/><trkpt lat="35.838268" lon="129.21298"/><trkpt lat="35.838296" lon="129.213224"/><trkpt lat="35.838307" lon="129.213311"/></trkseg><trkseg><trkpt lat="35.838307" lon="129.213311"/><trkpt lat="35.838329" lon="129.213474"/><trkpt lat="35.838294" lon="129.213465"/><trkpt lat="35.838167" lon="129.213502"/><trkpt lat="35.837918" lon="129.213628"/><trkpt lat="35.837835" lon="129.213628"/><trkpt lat="35.837658" lon="129.2137"/><trkpt lat="35.837566" lon="129.213722"/><trkpt lat="35.837414" lon="129.213872"/><trkpt lat="35.837147" lon="129.213969"/><trkpt lat="35.836791" lon="129.213921"/><trkpt lat="35.836669" lon="129.214004"/><trkpt lat="35.836565" lon="129.214194"/><trkpt lat="35.835947" lon="129.214721"/><trkpt lat="35.83576" lon="129.214783"/><trkpt lat="35.835673" lon="129.214828"/><trkpt lat="35.835684" lon="129.214936"/><trkpt lat="35.835552" lon="129.215167"/><trkpt lat="35.835467" lon="129.215243"/><trkpt lat="35.835665" lon="129.215578"/><trkpt lat="35.835763" lon="129.215646"/><trkpt lat="35.835741" lon="129.215696"/><trkpt lat="35.835708" lon="129.215768"/><trkpt lat="35.835561" lon="129.21591"/><trkpt lat="35.835475" lon="129.216007"/><trkpt lat="35.835125" lon="129.216318"/><trkpt lat="35.834873" lon="129.216592"/><trkpt lat="35.834778" lon="129.216692"/><trkpt lat="35.83467" lon="129.216801"/><trkpt lat="35.83454" lon="129.216925"/><trkpt lat="35.83444" lon="129.217034"/><trkpt lat="35.834355" lon="129.217152"/><trkpt lat="35.834297" lon="129.217302"/><trkpt lat="35.834265" lon="129.217467"/><trkpt lat="35.834248" lon="129.217691"/><trkpt lat="35.834244" lon="129.217957"/><trkpt lat="35.834273" lon="129.218362"/><trkpt lat="35.834291" lon="129.218538"/><trkpt lat="35.834305" lon="129.218589"/><trkpt lat="35.834397" lon="129.218637"/><trkpt lat="35.834474" lon="129.218749"/><trkpt lat="35.834564" lon="129.218744"/><trkpt lat="35.83464" lon="129.218708"/><trkpt lat="35.834743" lon="129.218734"/><trkpt lat="35.834842" lon="129.218783"/><trkpt lat="35.834896" lon="129.21891"/><trkpt lat="35.834897" lon="129.218995"/></trkseg><trkseg><trkpt lat="35.834897" lon="129.218995"/><trkpt lat="35.834896" lon="129.21891"/><trkpt lat="35.834842" lon="129.218783"/><trkpt lat="35.834743" lon="129.218734"/><trkpt lat="35.83464" lon="129.218708"/><trkpt lat="35.834564" lon="129.218744"/><trkpt lat="35.834474" lon="129.218749"/><trkpt lat="35.834397" lon="129.218637"/><trkpt lat="35.834305" lon="129.218589"/><trkpt lat="35.834336" lon="129.218889"/><trkpt lat="35.834383" lon="129.219551"/><trkpt lat="35.834421" lon="129.219921"/><trkpt lat="35.834015" lon="129.220342"/><trkpt lat="35.833914" lon="129.220569"/><trkpt lat="35.833853" lon="129.220772"/><trkpt lat="35.833788" lon="129.22082"/><trkpt lat="35.833595" lon="129.220955"/><trkpt lat="35.833369" lon="129.221072"/><trkpt lat="35.833208" lon="129.221164"/><trkpt lat="35.833334" lon="129.221546"/><trkpt lat="35.833374" lon="129.221706"/><trkpt lat="35.833417" lon="129.221899"/><trkpt lat="35.833427" lon="129.221977"/><trkpt lat="35.833426" lon="129.222043"/><trkpt lat="35.83341" lon="129.222082"/><trkpt lat="35.833357" lon="129.222094"/><trkpt lat="35.833431" lon="129.222385"/><trkpt lat="35.833497" lon="129.222675"/><trkpt lat="35.833537" lon="129.222791"/><trkpt lat="35.833652" lon="129.223081"/><trkpt lat="35.833675" lon="129.22323"/><trkpt lat="35.833706" lon="129.223459"/><trkpt lat="35.83377" lon="129.223677"/><trkpt lat="35.833779" lon="129.22377"/><trkpt lat="35.833768" lon="129.223982"/><trkpt lat="35.833809" lon="129.224136"/><trkpt lat="35.833849" lon="129.224205"/><trkpt lat="35.83391" lon="129.224263"/><trkpt lat="35.833874" lon="129.224746"/><trkpt lat="35.833864" lon="129.224936"/><trkpt lat="35.833926" lon="129.225047"/><trkpt lat="35.833804" lon="129.225248"/><trkpt lat="35.83374" lon="129.225359"/><trkpt lat="35.83376" lon="129.225377"/><trkpt lat="35.833795" lon="129.225406"/><trkpt lat="35.833857" lon="129.225458"/><trkpt lat="35.833702" lon="129.225735"/><trkpt lat="35.833328" lon="129.226397"/><trkpt lat="35.833273" lon="129.226501"/><trkpt lat="35.833295" lon="129.226651"/><trkpt lat="35.833305" lon="129.226761"/><trkpt lat="35.833382" lon="129.226765"/><trkpt lat="35.833478" lon="129.226753"/><trkpt lat="35.833515" lon="129.226718"/><trkpt lat="35.833742" lon="129.226696"/><trkpt lat="35.833842" lon="129.226668"/><trkpt lat="35.834039" lon="129.226589"/><trkpt lat="35.83443" lon="129.22653"/><trkpt lat="35.834431" lon="129.226494"/><trkpt lat="35.834696" lon="129.226467"/></trkseg><trkseg><trkpt lat="35.834696" lon="129.226467"/><trkpt lat="35.834431" lon="129.226494"/><trkpt lat="35.83443" lon="129.22653"/><trkpt lat="35.834039" lon="129.226589"/><trkpt lat="35.833842" lon="129.226668"/><trkpt lat="35.833742" lon="129.226696"/><trkpt lat="35.833515" lon="129.226718"/><trkpt lat="35.833478" lon="129.226753"/><trkpt lat="35.833382" lon="129.226765"/><trkpt lat="35.833305" lon="129.226761"/><trkpt lat="35.833336" lon="129.227268"/><trkpt lat="35.833339" lon="129.227493"/><trkpt lat="35.833343" lon="129.227877"/><trkpt lat="35.833325" lon="129.229009"/><trkpt lat="35.833321" lon="129.229239"/><trkpt lat="35.834312" lon="129.229224"/><trkpt lat="35.835139" lon="129.229211"/><trkpt lat="35.836082" lon="129.229196"/><trkpt lat="35.837204" lon="129.229179"/><trkpt lat="35.838861" lon="129.229155"/><trkpt lat="35.838914" lon="129.229154"/><trkpt lat="35.840113" lon="129.22913"/><trkpt lat="35.840231" lon="129.22913"/><trkpt lat="35.840616" lon="129.229131"/><trkpt lat="35.840828" lon="129.229131"/><trkpt lat="35.841389" lon="129.229132"/><trkpt lat="35.842318" lon="129.229137"/><trkpt lat="35.842674" lon="129.22914"/><trkpt lat="35.842689" lon="129.22914"/><trkpt lat="35.843004" lon="129.229138"/></trkseg></trk><trk><name>gyeongju 황리단길·대릉원 골목 월·화·수·목·금·토</name><desc>walking-geometry-checked · </desc><trkseg><trkpt lat="35.837412" lon="129.21"/><trkpt lat="35.837311" lon="129.210013"/><trkpt lat="35.837433" lon="129.209701"/><trkpt lat="35.837349" lon="129.209694"/><trkpt lat="35.836671" lon="129.209641"/><trkpt lat="35.836422" lon="129.209622"/><trkpt lat="35.835515" lon="129.209519"/><trkpt lat="35.835276" lon="129.209502"/><trkpt lat="35.834711" lon="129.209462"/><trkpt lat="35.834362" lon="129.209466"/><trkpt lat="35.834285" lon="129.209467"/></trkseg><trkseg><trkpt lat="35.834285" lon="129.209467"/><trkpt lat="35.834362" lon="129.209466"/><trkpt lat="35.834711" lon="129.209462"/><trkpt lat="35.835276" lon="129.209502"/><trkpt lat="35.835515" lon="129.209519"/><trkpt lat="35.836422" lon="129.209622"/><trkpt lat="35.836671" lon="129.209641"/><trkpt lat="35.837349" lon="129.209694"/><trkpt lat="35.837433" lon="129.209701"/><trkpt lat="35.837311" lon="129.210013"/><trkpt lat="35.837502" lon="129.209989"/><trkpt lat="35.83751" lon="129.210188"/></trkseg><trkseg><trkpt lat="35.83751" lon="129.210188"/><trkpt lat="35.837502" lon="129.209989"/><trkpt lat="35.837311" lon="129.210013"/><trkpt lat="35.837433" lon="129.209701"/><trkpt lat="35.837349" lon="129.209694"/><trkpt lat="35.836671" lon="129.209641"/><trkpt lat="35.836422" lon="129.209622"/><trkpt lat="35.835515" lon="129.209519"/><trkpt lat="35.835462" lon="129.210015"/></trkseg><trkseg><trkpt lat="35.835462" lon="129.210015"/><trkpt lat="35.835515" lon="129.209519"/><trkpt lat="35.836422" lon="129.209622"/><trkpt lat="35.836473" lon="129.209336"/><trkpt lat="35.836912" lon="129.209332"/><trkpt lat="35.837205" lon="129.20933"/><trkpt lat="35.837471" lon="129.209313"/><trkpt lat="35.837588" lon="129.209312"/><trkpt lat="35.837848" lon="129.209309"/></trkseg><trkseg><trkpt lat="35.837848" lon="129.209309"/><trkpt lat="35.837922" lon="129.209308"/><trkpt lat="35.838129" lon="129.209305"/><trkpt lat="35.838241" lon="129.209304"/><trkpt lat="35.838366" lon="129.209243"/><trkpt lat="35.83865" lon="129.209105"/><trkpt lat="35.838724" lon="129.209282"/><trkpt lat="35.838763" lon="129.209373"/><trkpt lat="35.83897" lon="129.209866"/><trkpt lat="35.839525" lon="129.209918"/><trkpt lat="35.83975" lon="129.2108"/><trkpt lat="35.839573" lon="129.210867"/><trkpt lat="35.839117" lon="129.211031"/><trkpt lat="35.839272" lon="129.211374"/><trkpt lat="35.839418" lon="129.211599"/><trkpt lat="35.83949" lon="129.211805"/><trkpt lat="35.839486" lon="129.212016"/><trkpt lat="35.839408" lon="129.212245"/><trkpt lat="35.839276" lon="129.212566"/><trkpt lat="35.839201" lon="129.212707"/><trkpt lat="35.839073" lon="129.212672"/><trkpt lat="35.838961" lon="129.212715"/><trkpt lat="35.838913" lon="129.212733"/><trkpt lat="35.838861" lon="129.212727"/><trkpt lat="35.838814" lon="129.212693"/><trkpt lat="35.838755" lon="129.212625"/><trkpt lat="35.838691" lon="129.212602"/><trkpt lat="35.838638" lon="129.212575"/><trkpt lat="35.83861" lon="129.212529"/><trkpt lat="35.838566" lon="129.212447"/><trkpt lat="35.838526" lon="129.212396"/><trkpt lat="35.83848" lon="129.212374"/><trkpt lat="35.83843" lon="129.212376"/><trkpt lat="35.838385" lon="129.212402"/><trkpt lat="35.838353" lon="129.212449"/><trkpt lat="35.838337" lon="129.212507"/><trkpt lat="35.838342" lon="129.212568"/><trkpt lat="35.838366" lon="129.212622"/><trkpt lat="35.838382" lon="129.21269"/><trkpt lat="35.838381" lon="129.212769"/><trkpt lat="35.838374" lon="129.212835"/><trkpt lat="35.838352" lon="129.212896"/><trkpt lat="35.838315" lon="129.212946"/><trkpt lat="35.838268" lon="129.21298"/><trkpt lat="35.838296" lon="129.213224"/><trkpt lat="35.838307" lon="129.213311"/></trkseg><trkseg><trkpt lat="35.838307" lon="129.213311"/><trkpt lat="35.838329" lon="129.213474"/><trkpt lat="35.838294" lon="129.213465"/><trkpt lat="35.838167" lon="129.213502"/><trkpt lat="35.837918" lon="129.213628"/><trkpt lat="35.837835" lon="129.213628"/><trkpt lat="35.837658" lon="129.2137"/><trkpt lat="35.837566" lon="129.213722"/><trkpt lat="35.837414" lon="129.213872"/><trkpt lat="35.837147" lon="129.213969"/><trkpt lat="35.836791" lon="129.213921"/><trkpt lat="35.836669" lon="129.214004"/><trkpt lat="35.836565" lon="129.214194"/><trkpt lat="35.835947" lon="129.214721"/><trkpt lat="35.83576" lon="129.214783"/><trkpt lat="35.835673" lon="129.214828"/><trkpt lat="35.835684" lon="129.214936"/><trkpt lat="35.835552" lon="129.215167"/><trkpt lat="35.835467" lon="129.215243"/><trkpt lat="35.835665" lon="129.215578"/><trkpt lat="35.835763" lon="129.215646"/><trkpt lat="35.835741" lon="129.215696"/><trkpt lat="35.835708" lon="129.215768"/><trkpt lat="35.835561" lon="129.21591"/><trkpt lat="35.835475" lon="129.216007"/><trkpt lat="35.835125" lon="129.216318"/><trkpt lat="35.834873" lon="129.216592"/><trkpt lat="35.834778" lon="129.216692"/><trkpt lat="35.83467" lon="129.216801"/><trkpt lat="35.83454" lon="129.216925"/><trkpt lat="35.83444" lon="129.217034"/><trkpt lat="35.834355" lon="129.217152"/><trkpt lat="35.834297" lon="129.217302"/><trkpt lat="35.834265" lon="129.217467"/><trkpt lat="35.834248" lon="129.217691"/><trkpt lat="35.834244" lon="129.217957"/><trkpt lat="35.834273" lon="129.218362"/><trkpt lat="35.834291" lon="129.218538"/><trkpt lat="35.834305" lon="129.218589"/><trkpt lat="35.834397" lon="129.218637"/><trkpt lat="35.834474" lon="129.218749"/><trkpt lat="35.834564" lon="129.218744"/><trkpt lat="35.83464" lon="129.218708"/><trkpt lat="35.834743" lon="129.218734"/><trkpt lat="35.834842" lon="129.218783"/><trkpt lat="35.834896" lon="129.21891"/><trkpt lat="35.834897" lon="129.218995"/></trkseg><trkseg><trkpt lat="35.834897" lon="129.218995"/><trkpt lat="35.834896" lon="129.21891"/><trkpt lat="35.834842" lon="129.218783"/><trkpt lat="35.834743" lon="129.218734"/><trkpt lat="35.83464" lon="129.218708"/><trkpt lat="35.834564" lon="129.218744"/><trkpt lat="35.834474" lon="129.218749"/><trkpt lat="35.834397" lon="129.218637"/><trkpt lat="35.834305" lon="129.218589"/><trkpt lat="35.834336" lon="129.218889"/><trkpt lat="35.834383" lon="129.219551"/><trkpt lat="35.834421" lon="129.219921"/><trkpt lat="35.834015" lon="129.220342"/><trkpt lat="35.833914" lon="129.220569"/><trkpt lat="35.833853" lon="129.220772"/><trkpt lat="35.833788" lon="129.22082"/><trkpt lat="35.833595" lon="129.220955"/><trkpt lat="35.833369" lon="129.221072"/><trkpt lat="35.833208" lon="129.221164"/><trkpt lat="35.833334" lon="129.221546"/><trkpt lat="35.833374" lon="129.221706"/><trkpt lat="35.833417" lon="129.221899"/><trkpt lat="35.833427" lon="129.221977"/><trkpt lat="35.833426" lon="129.222043"/><trkpt lat="35.83341" lon="129.222082"/><trkpt lat="35.833357" lon="129.222094"/><trkpt lat="35.833431" lon="129.222385"/><trkpt lat="35.833497" lon="129.222675"/><trkpt lat="35.833537" lon="129.222791"/><trkpt lat="35.833652" lon="129.223081"/><trkpt lat="35.833675" lon="129.22323"/><trkpt lat="35.833706" lon="129.223459"/><trkpt lat="35.83377" lon="129.223677"/><trkpt lat="35.833779" lon="129.22377"/><trkpt lat="35.833768" lon="129.223982"/><trkpt lat="35.833809" lon="129.224136"/><trkpt lat="35.833849" lon="129.224205"/><trkpt lat="35.83391" lon="129.224263"/><trkpt lat="35.833874" lon="129.224746"/><trkpt lat="35.833864" lon="129.224936"/><trkpt lat="35.833926" lon="129.225047"/><trkpt lat="35.833804" lon="129.225248"/><trkpt lat="35.83374" lon="129.225359"/><trkpt lat="35.83376" lon="129.225377"/><trkpt lat="35.833795" lon="129.225406"/><trkpt lat="35.833857" lon="129.225458"/><trkpt lat="35.833702" lon="129.225735"/><trkpt lat="35.833328" lon="129.226397"/><trkpt lat="35.833273" lon="129.226501"/><trkpt lat="35.833295" lon="129.226651"/><trkpt lat="35.833305" lon="129.226761"/><trkpt lat="35.833382" lon="129.226765"/><trkpt lat="35.833478" lon="129.226753"/><trkpt lat="35.833515" lon="129.226718"/><trkpt lat="35.833742" lon="129.226696"/><trkpt lat="35.833842" lon="129.226668"/><trkpt lat="35.834039" lon="129.226589"/><trkpt lat="35.83443" lon="129.22653"/><trkpt lat="35.834431" lon="129.226494"/><trkpt lat="35.834696" lon="129.226467"/></trkseg><trkseg><trkpt lat="35.834696" lon="129.226467"/><trkpt lat="35.834431" lon="129.226494"/><trkpt lat="35.83443" lon="129.22653"/><trkpt lat="35.834039" lon="129.226589"/><trkpt lat="35.833842" lon="129.226668"/><trkpt lat="35.833742" lon="129.226696"/><trkpt lat="35.833515" lon="129.226718"/><trkpt lat="35.833478" lon="129.226753"/><trkpt lat="35.833382" lon="129.226765"/><trkpt lat="35.833305" lon="129.226761"/><trkpt lat="35.833295" lon="129.226651"/><trkpt lat="35.833273" lon="129.226501"/><trkpt lat="35.833328" lon="129.226397"/><trkpt lat="35.833702" lon="129.225735"/><trkpt lat="35.833857" lon="129.225458"/><trkpt lat="35.833795" lon="129.225406"/><trkpt lat="35.83376" lon="129.225377"/><trkpt lat="35.83374" lon="129.225359"/><trkpt lat="35.833804" lon="129.225248"/><trkpt lat="35.833926" lon="129.225047"/><trkpt lat="35.834204" lon="129.224562"/><trkpt lat="35.834804" lon="129.223436"/><trkpt lat="35.835478" lon="129.222296"/><trkpt lat="35.835654" lon="129.22196"/><trkpt lat="35.835663" lon="129.22192"/><trkpt lat="35.835734" lon="129.221619"/><trkpt lat="35.835775" lon="129.221397"/><trkpt lat="35.835665" lon="129.21846"/><trkpt lat="35.835724" lon="129.218465"/><trkpt lat="35.835675" lon="129.217837"/><trkpt lat="35.835582" lon="129.217392"/><trkpt lat="35.835522" lon="129.217175"/><trkpt lat="35.835368" lon="129.216761"/><trkpt lat="35.835125" lon="129.216318"/><trkpt lat="35.834931" lon="129.216029"/><trkpt lat="35.834831" lon="129.215903"/><trkpt lat="35.834794" lon="129.215856"/><trkpt lat="35.834687" lon="129.215747"/><trkpt lat="35.834669" lon="129.215738"/><trkpt lat="35.834171" lon="129.215482"/><trkpt lat="35.834186" lon="129.215177"/><trkpt lat="35.834197" lon="129.214985"/><trkpt lat="35.834205" lon="129.214834"/><trkpt lat="35.833814" lon="129.21473"/><trkpt lat="35.833633" lon="129.214683"/><trkpt lat="35.833479" lon="129.214626"/></trkseg></trk><trk><name>gyeongju 첨성대·교촌·월정교 일</name><desc>walking-geometry-checked · </desc><trkseg><trkpt lat="35.834696" lon="129.226467"/><trkpt lat="35.834431" lon="129.226494"/><trkpt lat="35.83443" lon="129.22653"/><trkpt lat="35.834039" lon="129.226589"/><trkpt lat="35.833842" lon="129.226668"/><trkpt lat="35.833742" lon="129.226696"/><trkpt lat="35.833515" lon="129.226718"/><trkpt lat="35.833478" lon="129.226753"/><trkpt lat="35.833382" lon="129.226765"/><trkpt lat="35.833305" lon="129.226761"/><trkpt lat="35.833295" lon="129.226651"/><trkpt lat="35.833273" lon="129.226501"/><trkpt lat="35.833328" lon="129.226397"/><trkpt lat="35.833702" lon="129.225735"/><trkpt lat="35.833857" lon="129.225458"/><trkpt lat="35.834745" lon="129.223868"/><trkpt lat="35.834858" lon="129.223666"/><trkpt lat="35.835196" lon="129.223062"/><trkpt lat="35.835493" lon="129.22253"/><trkpt lat="35.835547" lon="129.222434"/><trkpt lat="35.835784" lon="129.222017"/><trkpt lat="35.835869" lon="129.221878"/><trkpt lat="35.836004" lon="129.221644"/><trkpt lat="35.836095" lon="129.221487"/><trkpt lat="35.836208" lon="129.221279"/><trkpt lat="35.836851" lon="129.220151"/><trkpt lat="35.836878" lon="129.220113"/></trkseg><trkseg><trkpt lat="35.836878" lon="129.220113"/><trkpt lat="35.837278" lon="129.219535"/><trkpt lat="35.83723" lon="129.219441"/><trkpt lat="35.837187" lon="129.21935"/><trkpt lat="35.837002" lon="129.219581"/><trkpt lat="35.836414" lon="129.219398"/><trkpt lat="35.836394" lon="129.219241"/><trkpt lat="35.836371" lon="129.218953"/><trkpt lat="35.835755" lon="129.218997"/><trkpt lat="35.835724" lon="129.218465"/><trkpt lat="35.835665" lon="129.21846"/><trkpt lat="35.835341" lon="129.218436"/><trkpt lat="35.834933" lon="129.218332"/><trkpt lat="35.834273" lon="129.218362"/><trkpt lat="35.834291" lon="129.218538"/><trkpt lat="35.834305" lon="129.218589"/><trkpt lat="35.834397" lon="129.218637"/><trkpt lat="35.834474" lon="129.218749"/><trkpt lat="35.834564" lon="129.218744"/><trkpt lat="35.83464" lon="129.218708"/><trkpt lat="35.834743" lon="129.218734"/><trkpt lat="35.834842" lon="129.218783"/><trkpt lat="35.834896" lon="129.21891"/><trkpt lat="35.834897" lon="129.218995"/></trkseg><trkseg><trkpt lat="35.834897" lon="129.218995"/><trkpt lat="35.834896" lon="129.21891"/><trkpt lat="35.834842" lon="129.218783"/><trkpt lat="35.834743" lon="129.218734"/><trkpt lat="35.83464" lon="129.218708"/><trkpt lat="35.834564" lon="129.218744"/><trkpt lat="35.834474" lon="129.218749"/><trkpt lat="35.834397" lon="129.218637"/><trkpt lat="35.834305" lon="129.218589"/><trkpt lat="35.834291" lon="129.218538"/><trkpt lat="35.834273" lon="129.218362"/><trkpt lat="35.834244" lon="129.217957"/><trkpt lat="35.834248" lon="129.217691"/><trkpt lat="35.834265" lon="129.217467"/><trkpt lat="35.834297" lon="129.217302"/><trkpt lat="35.834355" lon="129.217152"/><trkpt lat="35.83444" lon="129.217034"/><trkpt lat="35.83454" lon="129.216925"/><trkpt lat="35.83467" lon="129.216801"/><trkpt lat="35.834778" lon="129.216692"/><trkpt lat="35.834873" lon="129.216592"/><trkpt lat="35.835125" lon="129.216318"/><trkpt lat="35.835475" lon="129.216007"/><trkpt lat="35.835561" lon="129.21591"/><trkpt lat="35.835708" lon="129.215768"/><trkpt lat="35.835741" lon="129.215696"/><trkpt lat="35.835763" lon="129.215646"/><trkpt lat="35.835665" lon="129.215578"/><trkpt lat="35.835467" lon="129.215243"/><trkpt lat="35.835373" lon="129.215038"/><trkpt lat="35.83543" lon="129.214956"/><trkpt lat="35.835505" lon="129.214664"/><trkpt lat="35.835563" lon="129.214305"/><trkpt lat="35.835584" lon="129.21403"/><trkpt lat="35.835592" lon="129.21337"/><trkpt lat="35.835502" lon="129.213371"/><trkpt lat="35.835527" lon="129.213122"/><trkpt lat="35.835578" lon="129.212925"/><trkpt lat="35.835607" lon="129.212783"/><trkpt lat="35.835642" lon="129.212585"/><trkpt lat="35.835634" lon="129.212582"/><trkpt lat="35.835538" lon="129.212573"/><trkpt lat="35.835404" lon="129.212602"/><trkpt lat="35.835281" lon="129.212607"/></trkseg><trkseg><trkpt lat="35.835281" lon="129.212607"/><trkpt lat="35.83521" lon="129.21261"/><trkpt lat="35.834606" lon="129.212746"/><trkpt lat="35.834402" lon="129.212753"/><trkpt lat="35.833832" lon="129.212979"/><trkpt lat="35.833705" lon="129.213029"/><trkpt lat="35.833228" lon="129.213177"/><trkpt lat="35.833151" lon="129.213201"/><trkpt lat="35.832767" lon="129.213312"/><trkpt lat="35.832277" lon="129.213454"/><trkpt lat="35.832072" lon="129.21351"/><trkpt lat="35.831759" lon="129.213587"/><trkpt lat="35.831589" lon="129.213633"/><trkpt lat="35.831472" lon="129.213708"/><trkpt lat="35.831381" lon="129.213748"/><trkpt lat="35.831283" lon="129.213759"/><trkpt lat="35.831207" lon="129.213735"/><trkpt lat="35.831126" lon="129.213894"/><trkpt lat="35.831062" lon="129.214073"/><trkpt lat="35.831047" lon="129.214197"/><trkpt lat="35.830408" lon="129.214346"/><trkpt lat="35.830482" lon="129.214743"/><trkpt lat="35.830172" lon="129.214834"/><trkpt lat="35.830184" lon="129.214918"/><trkpt lat="35.830265" lon="129.215412"/><trkpt lat="35.830261" lon="129.21548"/><trkpt lat="35.830221" lon="129.215515"/><trkpt lat="35.830048" lon="129.215552"/><trkpt lat="35.830158" lon="129.215871"/><trkpt lat="35.830208" lon="129.216023"/><trkpt lat="35.830103" lon="129.216088"/><trkpt lat="35.829754" lon="129.216248"/><trkpt lat="35.829785" lon="129.216401"/><trkpt lat="35.829586" lon="129.216394"/><trkpt lat="35.829091" lon="129.216386"/><trkpt lat="35.829041" lon="129.216386"/><trkpt lat="35.828961" lon="129.21639"/><trkpt lat="35.828973" lon="129.216778"/><trkpt lat="35.828956" lon="129.217038"/><trkpt lat="35.82894" lon="129.217204"/><trkpt lat="35.82891" lon="129.217395"/><trkpt lat="35.828884" lon="129.217561"/><trkpt lat="35.828856" lon="129.217698"/><trkpt lat="35.828821" lon="129.217792"/><trkpt lat="35.82878" lon="129.217859"/><trkpt lat="35.828758" lon="129.217891"/><trkpt lat="35.828738" lon="129.21792"/><trkpt lat="35.828714" lon="129.217985"/><trkpt lat="35.828708" lon="129.218068"/><trkpt lat="35.82871" lon="129.21813"/><trkpt lat="35.828789" lon="129.218131"/><trkpt lat="35.82893" lon="129.218132"/><trkpt lat="35.828944" lon="129.218132"/><trkpt lat="35.82895" lon="129.218132"/><trkpt lat="35.8293" lon="129.218138"/></trkseg><trkseg><trkpt lat="35.8293" lon="129.218138"/><trkpt lat="35.82895" lon="129.218132"/><trkpt lat="35.828944" lon="129.218132"/><trkpt lat="35.82893" lon="129.218132"/><trkpt lat="35.828789" lon="129.218131"/><trkpt lat="35.82871" lon="129.21813"/><trkpt lat="35.828708" lon="129.218068"/><trkpt lat="35.828714" lon="129.217985"/><trkpt lat="35.828738" lon="129.21792"/><trkpt lat="35.828758" lon="129.217891"/><trkpt lat="35.82878" lon="129.217859"/><trkpt lat="35.828821" lon="129.217792"/><trkpt lat="35.828856" lon="129.217698"/><trkpt lat="35.828884" lon="129.217561"/><trkpt lat="35.82891" lon="129.217395"/><trkpt lat="35.82894" lon="129.217204"/><trkpt lat="35.828956" lon="129.217038"/><trkpt lat="35.828973" lon="129.216778"/><trkpt lat="35.828961" lon="129.21639"/><trkpt lat="35.829041" lon="129.216386"/><trkpt lat="35.829091" lon="129.216386"/><trkpt lat="35.829586" lon="129.216394"/><trkpt lat="35.829785" lon="129.216401"/><trkpt lat="35.829754" lon="129.216248"/><trkpt lat="35.830103" lon="129.216088"/><trkpt lat="35.830208" lon="129.216023"/><trkpt lat="35.830158" lon="129.215871"/><trkpt lat="35.830048" lon="129.215552"/><trkpt lat="35.82989" lon="129.215072"/><trkpt lat="35.829839" lon="129.215019"/><trkpt lat="35.829808" lon="129.214933"/><trkpt lat="35.82976" lon="129.214661"/></trkseg><trkseg><trkpt lat="35.82976" lon="129.214661"/><trkpt lat="35.829732" lon="129.214503"/><trkpt lat="35.829946" lon="129.214453"/><trkpt lat="35.830408" lon="129.214346"/><trkpt lat="35.831047" lon="129.214197"/><trkpt lat="35.831062" lon="129.214073"/><trkpt lat="35.831126" lon="129.213894"/><trkpt lat="35.831207" lon="129.213735"/><trkpt lat="35.831283" lon="129.213759"/><trkpt lat="35.831381" lon="129.213748"/><trkpt lat="35.831472" lon="129.213708"/><trkpt lat="35.831589" lon="129.213633"/><trkpt lat="35.831759" lon="129.213587"/><trkpt lat="35.832072" lon="129.21351"/><trkpt lat="35.832277" lon="129.213454"/><trkpt lat="35.832209" lon="129.213185"/><trkpt lat="35.83222" lon="129.213008"/><trkpt lat="35.832237" lon="129.21285"/><trkpt lat="35.832268" lon="129.212662"/><trkpt lat="35.832329" lon="129.212426"/><trkpt lat="35.832398" lon="129.212211"/><trkpt lat="35.832481" lon="129.211959"/><trkpt lat="35.83257" lon="129.211782"/><trkpt lat="35.832613" lon="129.21164"/><trkpt lat="35.832679" lon="129.211281"/><trkpt lat="35.832709" lon="129.21116"/><trkpt lat="35.832764" lon="129.211122"/><trkpt lat="35.832864" lon="129.211144"/><trkpt lat="35.833077" lon="129.211187"/><trkpt lat="35.833049" lon="129.210411"/><trkpt lat="35.833033" lon="129.209996"/></trkseg></trk><trk><name>gyeongju 첨성대·교촌·월정교 월·화·수·목·금·토</name><desc>walking-geometry-checked · </desc><trkseg><trkpt lat="35.834696" lon="129.226467"/><trkpt lat="35.834431" lon="129.226494"/><trkpt lat="35.83443" lon="129.22653"/><trkpt lat="35.834039" lon="129.226589"/><trkpt lat="35.833842" lon="129.226668"/><trkpt lat="35.833742" lon="129.226696"/><trkpt lat="35.833515" lon="129.226718"/><trkpt lat="35.833478" lon="129.226753"/><trkpt lat="35.833382" lon="129.226765"/><trkpt lat="35.833305" lon="129.226761"/><trkpt lat="35.833295" lon="129.226651"/><trkpt lat="35.833273" lon="129.226501"/><trkpt lat="35.833328" lon="129.226397"/><trkpt lat="35.833702" lon="129.225735"/><trkpt lat="35.833857" lon="129.225458"/><trkpt lat="35.834745" lon="129.223868"/><trkpt lat="35.834858" lon="129.223666"/><trkpt lat="35.835196" lon="129.223062"/><trkpt lat="35.835493" lon="129.22253"/><trkpt lat="35.835547" lon="129.222434"/><trkpt lat="35.835784" lon="129.222017"/><trkpt lat="35.835869" lon="129.221878"/><trkpt lat="35.836004" lon="129.221644"/><trkpt lat="35.836095" lon="129.221487"/><trkpt lat="35.836208" lon="129.221279"/><trkpt lat="35.836851" lon="129.220151"/><trkpt lat="35.836878" lon="129.220113"/></trkseg><trkseg><trkpt lat="35.836878" lon="129.220113"/><trkpt lat="35.837278" lon="129.219535"/><trkpt lat="35.83723" lon="129.219441"/><trkpt lat="35.837187" lon="129.21935"/><trkpt lat="35.837002" lon="129.219581"/><trkpt lat="35.836414" lon="129.219398"/><trkpt lat="35.836394" lon="129.219241"/><trkpt lat="35.836371" lon="129.218953"/><trkpt lat="35.835755" lon="129.218997"/><trkpt lat="35.835724" lon="129.218465"/><trkpt lat="35.835665" lon="129.21846"/><trkpt lat="35.835341" lon="129.218436"/><trkpt lat="35.834933" lon="129.218332"/><trkpt lat="35.834273" lon="129.218362"/><trkpt lat="35.834291" lon="129.218538"/><trkpt lat="35.834305" lon="129.218589"/><trkpt lat="35.834397" lon="129.218637"/><trkpt lat="35.834474" lon="129.218749"/><trkpt lat="35.834564" lon="129.218744"/><trkpt lat="35.83464" lon="129.218708"/><trkpt lat="35.834743" lon="129.218734"/><trkpt lat="35.834842" lon="129.218783"/><trkpt lat="35.834896" lon="129.21891"/><trkpt lat="35.834897" lon="129.218995"/></trkseg><trkseg><trkpt lat="35.834897" lon="129.218995"/><trkpt lat="35.834896" lon="129.21891"/><trkpt lat="35.834842" lon="129.218783"/><trkpt lat="35.834743" lon="129.218734"/><trkpt lat="35.83464" lon="129.218708"/><trkpt lat="35.834564" lon="129.218744"/><trkpt lat="35.834474" lon="129.218749"/><trkpt lat="35.834397" lon="129.218637"/><trkpt lat="35.834305" lon="129.218589"/><trkpt lat="35.834291" lon="129.218538"/><trkpt lat="35.834273" lon="129.218362"/><trkpt lat="35.834244" lon="129.217957"/><trkpt lat="35.834248" lon="129.217691"/><trkpt lat="35.834265" lon="129.217467"/><trkpt lat="35.834297" lon="129.217302"/><trkpt lat="35.834355" lon="129.217152"/><trkpt lat="35.83444" lon="129.217034"/><trkpt lat="35.83454" lon="129.216925"/><trkpt lat="35.83467" lon="129.216801"/><trkpt lat="35.834778" lon="129.216692"/><trkpt lat="35.834873" lon="129.216592"/><trkpt lat="35.835125" lon="129.216318"/><trkpt lat="35.834931" lon="129.216029"/><trkpt lat="35.834831" lon="129.215903"/><trkpt lat="35.834794" lon="129.215856"/><trkpt lat="35.834687" lon="129.215747"/><trkpt lat="35.834669" lon="129.215738"/><trkpt lat="35.834171" lon="129.215482"/><trkpt lat="35.834186" lon="129.215177"/><trkpt lat="35.834197" lon="129.214985"/><trkpt lat="35.834205" lon="129.214834"/><trkpt lat="35.833814" lon="129.21473"/><trkpt lat="35.833633" lon="129.214683"/><trkpt lat="35.833479" lon="129.214626"/></trkseg><trkseg><trkpt lat="35.833479" lon="129.214626"/><trkpt lat="35.833437" lon="129.21461"/><trkpt lat="35.833205" lon="129.214525"/><trkpt lat="35.833199" lon="129.214415"/><trkpt lat="35.832989" lon="129.214183"/><trkpt lat="35.832852" lon="129.214166"/><trkpt lat="35.832815" lon="129.214161"/><trkpt lat="35.832336" lon="129.214097"/><trkpt lat="35.832256" lon="129.214086"/><trkpt lat="35.832222" lon="129.214082"/><trkpt lat="35.831837" lon="129.21406"/><trkpt lat="35.831626" lon="129.214072"/><trkpt lat="35.831256" lon="129.214148"/><trkpt lat="35.831047" lon="129.214197"/><trkpt lat="35.830408" lon="129.214346"/><trkpt lat="35.830482" lon="129.214743"/><trkpt lat="35.830172" lon="129.214834"/><trkpt lat="35.830184" lon="129.214918"/><trkpt lat="35.830265" lon="129.215412"/><trkpt lat="35.830261" lon="129.21548"/><trkpt lat="35.830221" lon="129.215515"/><trkpt lat="35.830048" lon="129.215552"/><trkpt lat="35.830158" lon="129.215871"/><trkpt lat="35.830208" lon="129.216023"/><trkpt lat="35.830103" lon="129.216088"/><trkpt lat="35.829754" lon="129.216248"/><trkpt lat="35.829785" lon="129.216401"/><trkpt lat="35.829586" lon="129.216394"/><trkpt lat="35.829091" lon="129.216386"/><trkpt lat="35.829041" lon="129.216386"/><trkpt lat="35.828961" lon="129.21639"/><trkpt lat="35.828973" lon="129.216778"/><trkpt lat="35.828956" lon="129.217038"/><trkpt lat="35.82894" lon="129.217204"/><trkpt lat="35.82891" lon="129.217395"/><trkpt lat="35.828884" lon="129.217561"/><trkpt lat="35.828856" lon="129.217698"/><trkpt lat="35.828821" lon="129.217792"/><trkpt lat="35.82878" lon="129.217859"/><trkpt lat="35.828758" lon="129.217891"/><trkpt lat="35.828738" lon="129.21792"/><trkpt lat="35.828714" lon="129.217985"/><trkpt lat="35.828708" lon="129.218068"/><trkpt lat="35.82871" lon="129.21813"/><trkpt lat="35.828789" lon="129.218131"/><trkpt lat="35.82893" lon="129.218132"/><trkpt lat="35.828944" lon="129.218132"/><trkpt lat="35.82895" lon="129.218132"/><trkpt lat="35.8293" lon="129.218138"/></trkseg><trkseg><trkpt lat="35.8293" lon="129.218138"/><trkpt lat="35.82895" lon="129.218132"/><trkpt lat="35.828944" lon="129.218132"/><trkpt lat="35.82893" lon="129.218132"/><trkpt lat="35.828789" lon="129.218131"/><trkpt lat="35.82871" lon="129.21813"/><trkpt lat="35.828708" lon="129.218068"/><trkpt lat="35.828714" lon="129.217985"/><trkpt lat="35.828738" lon="129.21792"/><trkpt lat="35.828758" lon="129.217891"/><trkpt lat="35.82878" lon="129.217859"/><trkpt lat="35.828821" lon="129.217792"/><trkpt lat="35.828856" lon="129.217698"/><trkpt lat="35.828884" lon="129.217561"/><trkpt lat="35.82891" lon="129.217395"/><trkpt lat="35.82894" lon="129.217204"/><trkpt lat="35.828956" lon="129.217038"/><trkpt lat="35.828973" lon="129.216778"/><trkpt lat="35.828961" lon="129.21639"/><trkpt lat="35.829041" lon="129.216386"/><trkpt lat="35.829091" lon="129.216386"/><trkpt lat="35.829586" lon="129.216394"/><trkpt lat="35.829785" lon="129.216401"/><trkpt lat="35.829754" lon="129.216248"/><trkpt lat="35.830103" lon="129.216088"/><trkpt lat="35.830208" lon="129.216023"/><trkpt lat="35.830158" lon="129.215871"/><trkpt lat="35.830048" lon="129.215552"/><trkpt lat="35.82989" lon="129.215072"/><trkpt lat="35.829839" lon="129.215019"/><trkpt lat="35.829808" lon="129.214933"/><trkpt lat="35.82976" lon="129.214661"/></trkseg><trkseg><trkpt lat="35.82976" lon="129.214661"/><trkpt lat="35.829732" lon="129.214503"/><trkpt lat="35.829946" lon="129.214453"/><trkpt lat="35.830408" lon="129.214346"/><trkpt lat="35.831047" lon="129.214197"/><trkpt lat="35.831062" lon="129.214073"/><trkpt lat="35.831126" lon="129.213894"/><trkpt lat="35.831207" lon="129.213735"/><trkpt lat="35.831283" lon="129.213759"/><trkpt lat="35.831381" lon="129.213748"/><trkpt lat="35.831472" lon="129.213708"/><trkpt lat="35.831589" lon="129.213633"/><trkpt lat="35.831759" lon="129.213587"/><trkpt lat="35.832072" lon="129.21351"/><trkpt lat="35.832277" lon="129.213454"/><trkpt lat="35.832209" lon="129.213185"/><trkpt lat="35.83222" lon="129.213008"/><trkpt lat="35.832237" lon="129.21285"/><trkpt lat="35.832268" lon="129.212662"/><trkpt lat="35.832329" lon="129.212426"/><trkpt lat="35.832398" lon="129.212211"/><trkpt lat="35.832481" lon="129.211959"/><trkpt lat="35.83257" lon="129.211782"/><trkpt lat="35.832613" lon="129.21164"/><trkpt lat="35.832679" lon="129.211281"/><trkpt lat="35.832709" lon="129.21116"/><trkpt lat="35.832764" lon="129.211122"/><trkpt lat="35.832864" lon="129.211144"/><trkpt lat="35.833077" lon="129.211187"/><trkpt lat="35.833049" lon="129.210411"/><trkpt lat="35.833033" lon="129.209996"/></trkseg></trk><trk><name>gyeongju 동궁과 월지·동쪽 유적 일</name><desc>walking-geometry-checked · </desc><trkseg><trkpt lat="35.829052" lon="129.227964"/><trkpt lat="35.82907" lon="129.228329"/><trkpt lat="35.829795" lon="129.228283"/><trkpt lat="35.829782" lon="129.22789"/><trkpt lat="35.830115" lon="129.227877"/><trkpt lat="35.830272" lon="129.228173"/><trkpt lat="35.830379" lon="129.228376"/><trkpt lat="35.830444" lon="129.228372"/><trkpt lat="35.830543" lon="129.228417"/><trkpt lat="35.830634" lon="129.228388"/><trkpt lat="35.830706" lon="129.228469"/><trkpt lat="35.830969" lon="129.228689"/><trkpt lat="35.83131" lon="129.228946"/><trkpt lat="35.831332" lon="129.228906"/><trkpt lat="35.831357" lon="129.228869"/><trkpt lat="35.831441" lon="129.228936"/><trkpt lat="35.831491" lon="129.228943"/><trkpt lat="35.831542" lon="129.228924"/><trkpt lat="35.831683" lon="129.228712"/><trkpt lat="35.831744" lon="129.228758"/><trkpt lat="35.831782" lon="129.228788"/><trkpt lat="35.831818" lon="129.228815"/><trkpt lat="35.832962" lon="129.227002"/><trkpt lat="35.833062" lon="129.22684"/><trkpt lat="35.833236" lon="129.226571"/><trkpt lat="35.833273" lon="129.226501"/><trkpt lat="35.833295" lon="129.226651"/><trkpt lat="35.833305" lon="129.226761"/><trkpt lat="35.833382" lon="129.226765"/><trkpt lat="35.833478" lon="129.226753"/><trkpt lat="35.833515" lon="129.226718"/><trkpt lat="35.833742" lon="129.226696"/><trkpt lat="35.833842" lon="129.226668"/><trkpt lat="35.834039" lon="129.226589"/><trkpt lat="35.83443" lon="129.22653"/><trkpt lat="35.834431" lon="129.226494"/><trkpt lat="35.834696" lon="129.226467"/></trkseg><trkseg><trkpt lat="35.834696" lon="129.226467"/><trkpt lat="35.834431" lon="129.226494"/><trkpt lat="35.83443" lon="129.22653"/><trkpt lat="35.834039" lon="129.226589"/><trkpt lat="35.833842" lon="129.226668"/><trkpt lat="35.833742" lon="129.226696"/><trkpt lat="35.833515" lon="129.226718"/><trkpt lat="35.833478" lon="129.226753"/><trkpt lat="35.833382" lon="129.226765"/><trkpt lat="35.833305" lon="129.226761"/><trkpt lat="35.833336" lon="129.227268"/><trkpt lat="35.833339" lon="129.227493"/><trkpt lat="35.833343" lon="129.227877"/><trkpt lat="35.833325" lon="129.229009"/><trkpt lat="35.833321" lon="129.229239"/><trkpt lat="35.834312" lon="129.229224"/><trkpt lat="35.835139" lon="129.229211"/><trkpt lat="35.836082" lon="129.229196"/><trkpt lat="35.837204" lon="129.229179"/><trkpt lat="35.838861" lon="129.229155"/><trkpt lat="35.838914" lon="129.229154"/><trkpt lat="35.840113" lon="129.22913"/><trkpt lat="35.840231" lon="129.22913"/><trkpt lat="35.840616" lon="129.229131"/><trkpt lat="35.840828" lon="129.229131"/><trkpt lat="35.841389" lon="129.229132"/><trkpt lat="35.842318" lon="129.229137"/><trkpt lat="35.842674" lon="129.22914"/><trkpt lat="35.842689" lon="129.22914"/><trkpt lat="35.843004" lon="129.229138"/></trkseg><trkseg><trkpt lat="35.843004" lon="129.229138"/><trkpt lat="35.842689" lon="129.22914"/><trkpt lat="35.842674" lon="129.22914"/><trkpt lat="35.842318" lon="129.229137"/><trkpt lat="35.841389" lon="129.229132"/><trkpt lat="35.841374" lon="129.229514"/><trkpt lat="35.841354" lon="129.230018"/><trkpt lat="35.841334" lon="129.230167"/><trkpt lat="35.841292" lon="129.230382"/><trkpt lat="35.841251" lon="129.230515"/></trkseg><trkseg><trkpt lat="35.841251" lon="129.230515"/><trkpt lat="35.841241" lon="129.230545"/><trkpt lat="35.841192" lon="129.230698"/><trkpt lat="35.840864" lon="129.231706"/><trkpt lat="35.840657" lon="129.23244"/><trkpt lat="35.840394" lon="129.232944"/><trkpt lat="35.84029" lon="129.233291"/><trkpt lat="35.840267" lon="129.233609"/><trkpt lat="35.840313" lon="129.233609"/><trkpt lat="35.840399" lon="129.233609"/><trkpt lat="35.840478" lon="129.233608"/><trkpt lat="35.840477" lon="129.233545"/><trkpt lat="35.840567" lon="129.233545"/></trkseg><trkseg><trkpt lat="35.840567" lon="129.233545"/><trkpt lat="35.840477" lon="129.233545"/><trkpt lat="35.840478" lon="129.233608"/><trkpt lat="35.840399" lon="129.233609"/><trkpt lat="35.840313" lon="129.233609"/><trkpt lat="35.840267" lon="129.233609"/><trkpt lat="35.840099" lon="129.234875"/><trkpt lat="35.839931" lon="129.235763"/><trkpt lat="35.839787" lon="129.236472"/><trkpt lat="35.839768" lon="129.236569"/><trkpt lat="35.839519" lon="129.237875"/><trkpt lat="35.839485" lon="129.238088"/><trkpt lat="35.839638" lon="129.238193"/><trkpt lat="35.83977" lon="129.2384"/><trkpt lat="35.839818" lon="129.238622"/><trkpt lat="35.839774" lon="129.238749"/></trkseg><trkseg><trkpt lat="35.839774" lon="129.238749"/><trkpt lat="35.839818" lon="129.238622"/><trkpt lat="35.83977" lon="129.2384"/><trkpt lat="35.839638" lon="129.238193"/><trkpt lat="35.839485" lon="129.238088"/><trkpt lat="35.839519" lon="129.237875"/><trkpt lat="35.839768" lon="129.236569"/><trkpt lat="35.840658" lon="129.236548"/><trkpt lat="35.841377" lon="129.236532"/><trkpt lat="35.841392" lon="129.236484"/><trkpt lat="35.841856" lon="129.23503"/><trkpt lat="35.842084" lon="129.234236"/><trkpt lat="35.842199" lon="129.233924"/><trkpt lat="35.842172" lon="129.233658"/><trkpt lat="35.842085" lon="129.233334"/><trkpt lat="35.841928" lon="129.233233"/><trkpt lat="35.842178" lon="129.23191"/></trkseg></trk><trk><name>gyeongju 동궁과 월지·동쪽 유적 월</name><desc>walking-geometry-checked · </desc><trkseg><trkpt lat="35.829052" lon="129.227964"/><trkpt lat="35.82907" lon="129.228329"/><trkpt lat="35.829795" lon="129.228283"/><trkpt lat="35.829782" lon="129.22789"/><trkpt lat="35.830115" lon="129.227877"/><trkpt lat="35.830272" lon="129.228173"/><trkpt lat="35.830379" lon="129.228376"/><trkpt lat="35.830444" lon="129.228372"/><trkpt lat="35.830543" lon="129.228417"/><trkpt lat="35.830634" lon="129.228388"/><trkpt lat="35.830706" lon="129.228469"/><trkpt lat="35.830969" lon="129.228689"/><trkpt lat="35.83131" lon="129.228946"/><trkpt lat="35.831332" lon="129.228906"/><trkpt lat="35.831357" lon="129.228869"/><trkpt lat="35.831441" lon="129.228936"/><trkpt lat="35.831491" lon="129.228943"/><trkpt lat="35.831542" lon="129.228924"/><trkpt lat="35.831683" lon="129.228712"/><trkpt lat="35.831744" lon="129.228758"/><trkpt lat="35.831782" lon="129.228788"/><trkpt lat="35.831818" lon="129.228815"/><trkpt lat="35.832962" lon="129.227002"/><trkpt lat="35.833062" lon="129.22684"/><trkpt lat="35.833236" lon="129.226571"/><trkpt lat="35.833273" lon="129.226501"/><trkpt lat="35.833295" lon="129.226651"/><trkpt lat="35.833305" lon="129.226761"/><trkpt lat="35.833382" lon="129.226765"/><trkpt lat="35.833478" lon="129.226753"/><trkpt lat="35.833515" lon="129.226718"/><trkpt lat="35.833742" lon="129.226696"/><trkpt lat="35.833842" lon="129.226668"/><trkpt lat="35.834039" lon="129.226589"/><trkpt lat="35.83443" lon="129.22653"/><trkpt lat="35.834431" lon="129.226494"/><trkpt lat="35.834696" lon="129.226467"/></trkseg><trkseg><trkpt lat="35.834696" lon="129.226467"/><trkpt lat="35.834431" lon="129.226494"/><trkpt lat="35.83443" lon="129.22653"/><trkpt lat="35.834039" lon="129.226589"/><trkpt lat="35.833842" lon="129.226668"/><trkpt lat="35.833742" lon="129.226696"/><trkpt lat="35.833515" lon="129.226718"/><trkpt lat="35.833478" lon="129.226753"/><trkpt lat="35.833382" lon="129.226765"/><trkpt lat="35.833305" lon="129.226761"/><trkpt lat="35.833336" lon="129.227268"/><trkpt lat="35.833339" lon="129.227493"/><trkpt lat="35.833343" lon="129.227877"/><trkpt lat="35.833325" lon="129.229009"/><trkpt lat="35.833321" lon="129.229239"/><trkpt lat="35.834312" lon="129.229224"/><trkpt lat="35.835139" lon="129.229211"/><trkpt lat="35.836082" lon="129.229196"/><trkpt lat="35.837204" lon="129.229179"/><trkpt lat="35.838861" lon="129.229155"/><trkpt lat="35.838914" lon="129.229154"/><trkpt lat="35.840113" lon="129.22913"/><trkpt lat="35.840231" lon="129.22913"/><trkpt lat="35.840616" lon="129.229131"/><trkpt lat="35.840828" lon="129.229131"/><trkpt lat="35.841389" lon="129.229132"/><trkpt lat="35.842318" lon="129.229137"/><trkpt lat="35.842674" lon="129.22914"/><trkpt lat="35.842689" lon="129.22914"/><trkpt lat="35.843004" lon="129.229138"/></trkseg><trkseg><trkpt lat="35.843004" lon="129.229138"/><trkpt lat="35.842689" lon="129.22914"/><trkpt lat="35.842674" lon="129.22914"/><trkpt lat="35.842318" lon="129.229137"/><trkpt lat="35.841389" lon="129.229132"/><trkpt lat="35.841374" lon="129.229514"/><trkpt lat="35.841354" lon="129.230018"/><trkpt lat="35.841334" lon="129.230167"/><trkpt lat="35.841292" lon="129.230382"/><trkpt lat="35.841241" lon="129.230545"/><trkpt lat="35.841192" lon="129.230698"/><trkpt lat="35.840864" lon="129.231706"/><trkpt lat="35.840657" lon="129.23244"/><trkpt lat="35.840394" lon="129.232944"/><trkpt lat="35.84029" lon="129.233291"/><trkpt lat="35.840267" lon="129.233609"/><trkpt lat="35.840313" lon="129.233609"/><trkpt lat="35.840399" lon="129.233609"/><trkpt lat="35.840478" lon="129.233608"/><trkpt lat="35.840477" lon="129.233545"/><trkpt lat="35.840567" lon="129.233545"/></trkseg><trkseg><trkpt lat="35.840567" lon="129.233545"/><trkpt lat="35.840477" lon="129.233545"/><trkpt lat="35.840478" lon="129.233608"/><trkpt lat="35.840399" lon="129.233609"/><trkpt lat="35.840313" lon="129.233609"/><trkpt lat="35.840267" lon="129.233609"/><trkpt lat="35.840099" lon="129.234875"/><trkpt lat="35.839931" lon="129.235763"/><trkpt lat="35.839787" lon="129.236472"/><trkpt lat="35.839768" lon="129.236569"/><trkpt lat="35.839519" lon="129.237875"/><trkpt lat="35.839485" lon="129.238088"/><trkpt lat="35.839638" lon="129.238193"/><trkpt lat="35.83977" lon="129.2384"/><trkpt lat="35.839818" lon="129.238622"/><trkpt lat="35.839774" lon="129.238749"/></trkseg><trkseg><trkpt lat="35.839774" lon="129.238749"/><trkpt lat="35.839818" lon="129.238622"/><trkpt lat="35.83977" lon="129.2384"/><trkpt lat="35.839638" lon="129.238193"/><trkpt lat="35.839485" lon="129.238088"/><trkpt lat="35.839519" lon="129.237875"/><trkpt lat="35.839768" lon="129.236569"/><trkpt lat="35.840658" lon="129.236548"/><trkpt lat="35.841377" lon="129.236532"/><trkpt lat="35.841392" lon="129.236484"/><trkpt lat="35.841856" lon="129.23503"/><trkpt lat="35.842084" lon="129.234236"/><trkpt lat="35.842199" lon="129.233924"/><trkpt lat="35.842172" lon="129.233658"/><trkpt lat="35.842085" lon="129.233334"/><trkpt lat="35.841928" lon="129.233233"/><trkpt lat="35.842178" lon="129.23191"/></trkseg></trk><trk><name>gyeongju 동궁과 월지·동쪽 유적 화·목·금·토</name><desc>walking-geometry-checked · </desc><trkseg><trkpt lat="35.829052" lon="129.227964"/><trkpt lat="35.82907" lon="129.228329"/><trkpt lat="35.829795" lon="129.228283"/><trkpt lat="35.829782" lon="129.22789"/><trkpt lat="35.830115" lon="129.227877"/><trkpt lat="35.830272" lon="129.228173"/><trkpt lat="35.830379" lon="129.228376"/><trkpt lat="35.830444" lon="129.228372"/><trkpt lat="35.830543" lon="129.228417"/><trkpt lat="35.830634" lon="129.228388"/><trkpt lat="35.830706" lon="129.228469"/><trkpt lat="35.830969" lon="129.228689"/><trkpt lat="35.83131" lon="129.228946"/><trkpt lat="35.831332" lon="129.228906"/><trkpt lat="35.831357" lon="129.228869"/><trkpt lat="35.831441" lon="129.228936"/><trkpt lat="35.831491" lon="129.228943"/><trkpt lat="35.831542" lon="129.228924"/><trkpt lat="35.831683" lon="129.228712"/><trkpt lat="35.831744" lon="129.228758"/><trkpt lat="35.831782" lon="129.228788"/><trkpt lat="35.831818" lon="129.228815"/><trkpt lat="35.832962" lon="129.227002"/><trkpt lat="35.833062" lon="129.22684"/><trkpt lat="35.833236" lon="129.226571"/><trkpt lat="35.833273" lon="129.226501"/><trkpt lat="35.833295" lon="129.226651"/><trkpt lat="35.833305" lon="129.226761"/><trkpt lat="35.833382" lon="129.226765"/><trkpt lat="35.833478" lon="129.226753"/><trkpt lat="35.833515" lon="129.226718"/><trkpt lat="35.833742" lon="129.226696"/><trkpt lat="35.833842" lon="129.226668"/><trkpt lat="35.834039" lon="129.226589"/><trkpt lat="35.83443" lon="129.22653"/><trkpt lat="35.834431" lon="129.226494"/><trkpt lat="35.834696" lon="129.226467"/></trkseg><trkseg><trkpt lat="35.834696" lon="129.226467"/><trkpt lat="35.834431" lon="129.226494"/><trkpt lat="35.83443" lon="129.22653"/><trkpt lat="35.834039" lon="129.226589"/><trkpt lat="35.833842" lon="129.226668"/><trkpt lat="35.833742" lon="129.226696"/><trkpt lat="35.833515" lon="129.226718"/><trkpt lat="35.833478" lon="129.226753"/><trkpt lat="35.833382" lon="129.226765"/><trkpt lat="35.833305" lon="129.226761"/><trkpt lat="35.833336" lon="129.227268"/><trkpt lat="35.833339" lon="129.227493"/><trkpt lat="35.833343" lon="129.227877"/><trkpt lat="35.833325" lon="129.229009"/><trkpt lat="35.833321" lon="129.229239"/><trkpt lat="35.834312" lon="129.229224"/><trkpt lat="35.835139" lon="129.229211"/><trkpt lat="35.836082" lon="129.229196"/><trkpt lat="35.837204" lon="129.229179"/><trkpt lat="35.838861" lon="129.229155"/><trkpt lat="35.838914" lon="129.229154"/><trkpt lat="35.840113" lon="129.22913"/><trkpt lat="35.840231" lon="129.22913"/><trkpt lat="35.840616" lon="129.229131"/><trkpt lat="35.840828" lon="129.229131"/><trkpt lat="35.841389" lon="129.229132"/><trkpt lat="35.842318" lon="129.229137"/><trkpt lat="35.842674" lon="129.22914"/><trkpt lat="35.842689" lon="129.22914"/><trkpt lat="35.843004" lon="129.229138"/></trkseg><trkseg><trkpt lat="35.843004" lon="129.229138"/><trkpt lat="35.842689" lon="129.22914"/><trkpt lat="35.842674" lon="129.22914"/><trkpt lat="35.842318" lon="129.229137"/><trkpt lat="35.841389" lon="129.229132"/><trkpt lat="35.841374" lon="129.229514"/><trkpt lat="35.841354" lon="129.230018"/><trkpt lat="35.841334" lon="129.230167"/><trkpt lat="35.841292" lon="129.230382"/><trkpt lat="35.841251" lon="129.230515"/></trkseg><trkseg><trkpt lat="35.841251" lon="129.230515"/><trkpt lat="35.841241" lon="129.230545"/><trkpt lat="35.841192" lon="129.230698"/><trkpt lat="35.840864" lon="129.231706"/><trkpt lat="35.840657" lon="129.23244"/><trkpt lat="35.840394" lon="129.232944"/><trkpt lat="35.84029" lon="129.233291"/><trkpt lat="35.840267" lon="129.233609"/><trkpt lat="35.840313" lon="129.233609"/><trkpt lat="35.840399" lon="129.233609"/><trkpt lat="35.840478" lon="129.233608"/><trkpt lat="35.840477" lon="129.233545"/><trkpt lat="35.840567" lon="129.233545"/></trkseg><trkseg><trkpt lat="35.840567" lon="129.233545"/><trkpt lat="35.840477" lon="129.233545"/><trkpt lat="35.840478" lon="129.233608"/><trkpt lat="35.840399" lon="129.233609"/><trkpt lat="35.840313" lon="129.233609"/><trkpt lat="35.840267" lon="129.233609"/><trkpt lat="35.840099" lon="129.234875"/><trkpt lat="35.839931" lon="129.235763"/><trkpt lat="35.839787" lon="129.236472"/><trkpt lat="35.839768" lon="129.236569"/><trkpt lat="35.839519" lon="129.237875"/><trkpt lat="35.839485" lon="129.238088"/><trkpt lat="35.839638" lon="129.238193"/><trkpt lat="35.83977" lon="129.2384"/><trkpt lat="35.839818" lon="129.238622"/><trkpt lat="35.839774" lon="129.238749"/></trkseg><trkseg><trkpt lat="35.839774" lon="129.238749"/><trkpt lat="35.839818" lon="129.238622"/><trkpt lat="35.83977" lon="129.2384"/><trkpt lat="35.839638" lon="129.238193"/><trkpt lat="35.839485" lon="129.238088"/><trkpt lat="35.839519" lon="129.237875"/><trkpt lat="35.839768" lon="129.236569"/><trkpt lat="35.840658" lon="129.236548"/><trkpt lat="35.841377" lon="129.236532"/><trkpt lat="35.841392" lon="129.236484"/><trkpt lat="35.841856" lon="129.23503"/><trkpt lat="35.842084" lon="129.234236"/><trkpt lat="35.842199" lon="129.233924"/><trkpt lat="35.842172" lon="129.233658"/><trkpt lat="35.842085" lon="129.233334"/><trkpt lat="35.841928" lon="129.233233"/><trkpt lat="35.842178" lon="129.23191"/></trkseg></trk><trk><name>gyeongju 동궁과 월지·동쪽 유적 수</name><desc>walking-geometry-checked · </desc><trkseg><trkpt lat="35.829052" lon="129.227964"/><trkpt lat="35.82907" lon="129.228329"/><trkpt lat="35.829795" lon="129.228283"/><trkpt lat="35.829782" lon="129.22789"/><trkpt lat="35.830115" lon="129.227877"/><trkpt lat="35.830272" lon="129.228173"/><trkpt lat="35.830379" lon="129.228376"/><trkpt lat="35.830444" lon="129.228372"/><trkpt lat="35.830543" lon="129.228417"/><trkpt lat="35.830634" lon="129.228388"/><trkpt lat="35.830706" lon="129.228469"/><trkpt lat="35.830969" lon="129.228689"/><trkpt lat="35.83131" lon="129.228946"/><trkpt lat="35.831332" lon="129.228906"/><trkpt lat="35.831357" lon="129.228869"/><trkpt lat="35.831441" lon="129.228936"/><trkpt lat="35.831491" lon="129.228943"/><trkpt lat="35.831542" lon="129.228924"/><trkpt lat="35.831683" lon="129.228712"/><trkpt lat="35.831744" lon="129.228758"/><trkpt lat="35.831782" lon="129.228788"/><trkpt lat="35.831818" lon="129.228815"/><trkpt lat="35.832962" lon="129.227002"/><trkpt lat="35.833062" lon="129.22684"/><trkpt lat="35.833236" lon="129.226571"/><trkpt lat="35.833273" lon="129.226501"/><trkpt lat="35.833295" lon="129.226651"/><trkpt lat="35.833305" lon="129.226761"/><trkpt lat="35.833382" lon="129.226765"/><trkpt lat="35.833478" lon="129.226753"/><trkpt lat="35.833515" lon="129.226718"/><trkpt lat="35.833742" lon="129.226696"/><trkpt lat="35.833842" lon="129.226668"/><trkpt lat="35.834039" lon="129.226589"/><trkpt lat="35.83443" lon="129.22653"/><trkpt lat="35.834431" lon="129.226494"/><trkpt lat="35.834696" lon="129.226467"/></trkseg><trkseg><trkpt lat="35.834696" lon="129.226467"/><trkpt lat="35.834431" lon="129.226494"/><trkpt lat="35.83443" lon="129.22653"/><trkpt lat="35.834039" lon="129.226589"/><trkpt lat="35.833842" lon="129.226668"/><trkpt lat="35.833742" lon="129.226696"/><trkpt lat="35.833515" lon="129.226718"/><trkpt lat="35.833478" lon="129.226753"/><trkpt lat="35.833382" lon="129.226765"/><trkpt lat="35.833305" lon="129.226761"/><trkpt lat="35.833336" lon="129.227268"/><trkpt lat="35.833339" lon="129.227493"/><trkpt lat="35.833343" lon="129.227877"/><trkpt lat="35.833325" lon="129.229009"/><trkpt lat="35.833321" lon="129.229239"/><trkpt lat="35.834312" lon="129.229224"/><trkpt lat="35.835139" lon="129.229211"/><trkpt lat="35.836082" lon="129.229196"/><trkpt lat="35.837204" lon="129.229179"/><trkpt lat="35.838861" lon="129.229155"/><trkpt lat="35.838914" lon="129.229154"/><trkpt lat="35.840113" lon="129.22913"/><trkpt lat="35.840231" lon="129.22913"/><trkpt lat="35.840165" lon="129.229266"/><trkpt lat="35.840118" lon="129.230279"/><trkpt lat="35.840149" lon="129.230663"/><trkpt lat="35.840134" lon="129.230663"/><trkpt lat="35.84015" lon="129.23099"/><trkpt lat="35.840152" lon="129.231419"/><trkpt lat="35.84013" lon="129.231969"/><trkpt lat="35.84015" lon="129.232018"/><trkpt lat="35.840295" lon="129.232182"/><trkpt lat="35.840388" lon="129.232248"/></trkseg><trkseg><trkpt lat="35.840388" lon="129.232248"/><trkpt lat="35.840494" lon="129.232324"/><trkpt lat="35.840545" lon="129.23236"/><trkpt lat="35.840657" lon="129.23244"/><trkpt lat="35.840864" lon="129.231706"/><trkpt lat="35.841192" lon="129.230698"/><trkpt lat="35.841241" lon="129.230545"/><trkpt lat="35.841251" lon="129.230515"/></trkseg><trkseg><trkpt lat="35.841251" lon="129.230515"/><trkpt lat="35.841241" lon="129.230545"/><trkpt lat="35.841192" lon="129.230698"/><trkpt lat="35.840864" lon="129.231706"/><trkpt lat="35.840657" lon="129.23244"/><trkpt lat="35.840394" lon="129.232944"/><trkpt lat="35.84029" lon="129.233291"/><trkpt lat="35.840267" lon="129.233609"/><trkpt lat="35.840313" lon="129.233609"/><trkpt lat="35.840399" lon="129.233609"/><trkpt lat="35.840478" lon="129.233608"/><trkpt lat="35.840477" lon="129.233545"/><trkpt lat="35.840567" lon="129.233545"/></trkseg><trkseg><trkpt lat="35.840567" lon="129.233545"/><trkpt lat="35.840477" lon="129.233545"/><trkpt lat="35.840478" lon="129.233608"/><trkpt lat="35.840399" lon="129.233609"/><trkpt lat="35.840313" lon="129.233609"/><trkpt lat="35.840267" lon="129.233609"/><trkpt lat="35.840099" lon="129.234875"/><trkpt lat="35.839931" lon="129.235763"/><trkpt lat="35.839787" lon="129.236472"/><trkpt lat="35.839768" lon="129.236569"/><trkpt lat="35.839519" lon="129.237875"/><trkpt lat="35.839485" lon="129.238088"/><trkpt lat="35.839638" lon="129.238193"/><trkpt lat="35.83977" lon="129.2384"/><trkpt lat="35.839818" lon="129.238622"/><trkpt lat="35.839774" lon="129.238749"/></trkseg><trkseg><trkpt lat="35.839774" lon="129.238749"/><trkpt lat="35.839707" lon="129.238942"/><trkpt lat="35.839732" lon="129.239361"/><trkpt lat="35.839698" lon="129.23953"/><trkpt lat="35.83967" lon="129.239593"/><trkpt lat="35.839561" lon="129.239741"/><trkpt lat="35.839404" lon="129.239882"/><trkpt lat="35.8394" lon="129.240146"/><trkpt lat="35.839388" lon="129.240924"/><trkpt lat="35.839375" lon="129.241632"/><trkpt lat="35.839388" lon="129.24237"/><trkpt lat="35.839425" lon="129.24289"/><trkpt lat="35.839437" lon="129.243043"/><trkpt lat="35.839477" lon="129.243548"/><trkpt lat="35.83955" lon="129.244092"/><trkpt lat="35.839612" lon="129.2445"/><trkpt lat="35.839747" lon="129.245406"/><trkpt lat="35.83986" lon="129.246066"/><trkpt lat="35.839982" lon="129.246565"/><trkpt lat="35.840042" lon="129.246778"/><trkpt lat="35.840195" lon="129.247321"/><trkpt lat="35.840257" lon="129.247496"/><trkpt lat="35.84033" lon="129.247675"/><trkpt lat="35.840834" lon="129.248748"/><trkpt lat="35.841034" lon="129.249186"/><trkpt lat="35.841086" lon="129.249301"/><trkpt lat="35.841232" lon="129.249631"/><trkpt lat="35.841364" lon="129.249932"/><trkpt lat="35.841516" lon="129.250275"/><trkpt lat="35.841614" lon="129.250498"/><trkpt lat="35.841939" lon="129.251274"/><trkpt lat="35.842242" lon="129.25199"/></trkseg></trk><trk><name>gyeongju 분황사·황룡사·왕경숲 일</name><desc>walking-geometry-checked · </desc><trkseg><trkpt lat="35.843004" lon="129.229138"/><trkpt lat="35.842689" lon="129.22914"/><trkpt lat="35.842674" lon="129.22914"/><trkpt lat="35.842318" lon="129.229137"/><trkpt lat="35.841389" lon="129.229132"/><trkpt lat="35.841374" lon="129.229514"/><trkpt lat="35.841354" lon="129.230018"/><trkpt lat="35.841334" lon="129.230167"/><trkpt lat="35.841292" lon="129.230382"/><trkpt lat="35.841241" lon="129.230545"/><trkpt lat="35.841192" lon="129.230698"/><trkpt lat="35.840864" lon="129.231706"/><trkpt lat="35.840657" lon="129.23244"/><trkpt lat="35.840394" lon="129.232944"/><trkpt lat="35.84029" lon="129.233291"/><trkpt lat="35.840267" lon="129.233609"/><trkpt lat="35.840313" lon="129.233609"/><trkpt lat="35.840399" lon="129.233609"/><trkpt lat="35.840478" lon="129.233608"/><trkpt lat="35.840477" lon="129.233545"/><trkpt lat="35.840567" lon="129.233545"/></trkseg><trkseg><trkpt lat="35.840567" lon="129.233545"/><trkpt lat="35.840477" lon="129.233545"/><trkpt lat="35.840478" lon="129.233608"/><trkpt lat="35.840399" lon="129.233609"/><trkpt lat="35.840313" lon="129.233609"/><trkpt lat="35.840267" lon="129.233609"/><trkpt lat="35.840099" lon="129.234875"/><trkpt lat="35.839931" lon="129.235763"/><trkpt lat="35.839787" lon="129.236472"/><trkpt lat="35.839768" lon="129.236569"/><trkpt lat="35.839519" lon="129.237875"/><trkpt lat="35.839485" lon="129.238088"/><trkpt lat="35.839638" lon="129.238193"/><trkpt lat="35.83977" lon="129.2384"/><trkpt lat="35.839818" lon="129.238622"/><trkpt lat="35.839774" lon="129.238749"/></trkseg><trkseg><trkpt lat="35.839774" lon="129.238749"/><trkpt lat="35.839818" lon="129.238622"/><trkpt lat="35.83977" lon="129.2384"/><trkpt lat="35.839638" lon="129.238193"/><trkpt lat="35.839485" lon="129.238088"/><trkpt lat="35.839519" lon="129.237875"/><trkpt lat="35.839768" lon="129.236569"/><trkpt lat="35.840658" lon="129.236548"/><trkpt lat="35.841377" lon="129.236532"/><trkpt lat="35.841542" lon="129.236529"/><trkpt lat="35.84168" lon="129.236527"/><trkpt lat="35.841764" lon="129.236526"/><trkpt lat="35.842347" lon="129.236518"/><trkpt lat="35.843359" lon="129.236504"/><trkpt lat="35.84339" lon="129.236504"/><trkpt lat="35.843426" lon="129.236558"/><trkpt lat="35.843442" lon="129.236602"/><trkpt lat="35.843441" lon="129.236649"/><trkpt lat="35.843429" lon="129.236845"/><trkpt lat="35.84337" lon="129.236957"/><trkpt lat="35.843336" lon="129.237053"/><trkpt lat="35.843254" lon="129.237313"/><trkpt lat="35.843221" lon="129.237414"/><trkpt lat="35.843176" lon="129.237536"/><trkpt lat="35.843083" lon="129.237789"/><trkpt lat="35.843201" lon="129.237869"/><trkpt lat="35.843507" lon="129.238079"/></trkseg><trkseg><trkpt lat="35.843507" lon="129.238079"/><trkpt lat="35.843201" lon="129.237869"/><trkpt lat="35.843083" lon="129.237789"/><trkpt lat="35.843176" lon="129.237536"/><trkpt lat="35.843221" lon="129.237414"/><trkpt lat="35.843254" lon="129.237313"/><trkpt lat="35.843336" lon="129.237053"/><trkpt lat="35.84337" lon="129.236957"/><trkpt lat="35.843429" lon="129.236845"/><trkpt lat="35.843441" lon="129.236649"/><trkpt lat="35.843442" lon="129.236602"/><trkpt lat="35.843426" lon="129.236558"/><trkpt lat="35.84339" lon="129.236504"/><trkpt lat="35.843359" lon="129.236504"/><trkpt lat="35.842347" lon="129.236518"/><trkpt lat="35.841764" lon="129.236526"/><trkpt lat="35.84168" lon="129.236527"/><trkpt lat="35.841542" lon="129.236529"/><trkpt lat="35.841377" lon="129.236532"/><trkpt lat="35.841392" lon="129.236484"/><trkpt lat="35.841856" lon="129.23503"/><trkpt lat="35.842084" lon="129.234236"/><trkpt lat="35.842199" lon="129.233924"/><trkpt lat="35.842172" lon="129.233658"/><trkpt lat="35.842085" lon="129.233334"/><trkpt lat="35.841928" lon="129.233233"/><trkpt lat="35.842178" lon="129.23191"/></trkseg></trk><trk><name>gyeongju 분황사·황룡사·왕경숲 월·화·목·금·토</name><desc>walking-geometry-checked · </desc><trkseg><trkpt lat="35.843004" lon="129.229138"/><trkpt lat="35.842689" lon="129.22914"/><trkpt lat="35.842674" lon="129.22914"/><trkpt lat="35.842318" lon="129.229137"/><trkpt lat="35.841389" lon="129.229132"/><trkpt lat="35.841374" lon="129.229514"/><trkpt lat="35.841354" lon="129.230018"/><trkpt lat="35.841334" lon="129.230167"/><trkpt lat="35.841292" lon="129.230382"/><trkpt lat="35.841241" lon="129.230545"/><trkpt lat="35.841192" lon="129.230698"/><trkpt lat="35.840864" lon="129.231706"/><trkpt lat="35.840657" lon="129.23244"/><trkpt lat="35.840394" lon="129.232944"/><trkpt lat="35.84029" lon="129.233291"/><trkpt lat="35.840267" lon="129.233609"/><trkpt lat="35.840313" lon="129.233609"/><trkpt lat="35.840399" lon="129.233609"/><trkpt lat="35.840478" lon="129.233608"/><trkpt lat="35.840477" lon="129.233545"/><trkpt lat="35.840567" lon="129.233545"/></trkseg><trkseg><trkpt lat="35.840567" lon="129.233545"/><trkpt lat="35.840477" lon="129.233545"/><trkpt lat="35.840478" lon="129.233608"/><trkpt lat="35.840399" lon="129.233609"/><trkpt lat="35.840313" lon="129.233609"/><trkpt lat="35.840267" lon="129.233609"/><trkpt lat="35.840099" lon="129.234875"/><trkpt lat="35.839931" lon="129.235763"/><trkpt lat="35.839787" lon="129.236472"/><trkpt lat="35.839768" lon="129.236569"/><trkpt lat="35.839519" lon="129.237875"/><trkpt lat="35.839485" lon="129.238088"/><trkpt lat="35.839638" lon="129.238193"/><trkpt lat="35.83977" lon="129.2384"/><trkpt lat="35.839818" lon="129.238622"/><trkpt lat="35.839774" lon="129.238749"/></trkseg><trkseg><trkpt lat="35.839774" lon="129.238749"/><trkpt lat="35.839818" lon="129.238622"/><trkpt lat="35.83977" lon="129.2384"/><trkpt lat="35.839638" lon="129.238193"/><trkpt lat="35.839485" lon="129.238088"/><trkpt lat="35.839519" lon="129.237875"/><trkpt lat="35.839768" lon="129.236569"/><trkpt lat="35.840658" lon="129.236548"/><trkpt lat="35.841377" lon="129.236532"/><trkpt lat="35.841542" lon="129.236529"/><trkpt lat="35.84168" lon="129.236527"/><trkpt lat="35.841764" lon="129.236526"/><trkpt lat="35.842347" lon="129.236518"/><trkpt lat="35.843359" lon="129.236504"/><trkpt lat="35.84339" lon="129.236504"/><trkpt lat="35.843426" lon="129.236558"/><trkpt lat="35.843442" lon="129.236602"/><trkpt lat="35.843441" lon="129.236649"/><trkpt lat="35.843429" lon="129.236845"/><trkpt lat="35.84337" lon="129.236957"/><trkpt lat="35.843336" lon="129.237053"/><trkpt lat="35.843254" lon="129.237313"/><trkpt lat="35.843221" lon="129.237414"/><trkpt lat="35.843176" lon="129.237536"/><trkpt lat="35.843083" lon="129.237789"/><trkpt lat="35.843201" lon="129.237869"/><trkpt lat="35.843507" lon="129.238079"/></trkseg><trkseg><trkpt lat="35.843507" lon="129.238079"/><trkpt lat="35.843201" lon="129.237869"/><trkpt lat="35.843083" lon="129.237789"/><trkpt lat="35.843176" lon="129.237536"/><trkpt lat="35.843221" lon="129.237414"/><trkpt lat="35.843254" lon="129.237313"/><trkpt lat="35.843336" lon="129.237053"/><trkpt lat="35.84337" lon="129.236957"/><trkpt lat="35.843429" lon="129.236845"/><trkpt lat="35.843441" lon="129.236649"/><trkpt lat="35.843442" lon="129.236602"/><trkpt lat="35.843426" lon="129.236558"/><trkpt lat="35.84339" lon="129.236504"/><trkpt lat="35.843359" lon="129.236504"/><trkpt lat="35.842347" lon="129.236518"/><trkpt lat="35.841764" lon="129.236526"/><trkpt lat="35.84168" lon="129.236527"/><trkpt lat="35.841542" lon="129.236529"/><trkpt lat="35.841377" lon="129.236532"/><trkpt lat="35.841392" lon="129.236484"/><trkpt lat="35.841856" lon="129.23503"/><trkpt lat="35.842084" lon="129.234236"/><trkpt lat="35.842199" lon="129.233924"/><trkpt lat="35.842172" lon="129.233658"/><trkpt lat="35.842085" lon="129.233334"/><trkpt lat="35.841928" lon="129.233233"/><trkpt lat="35.842178" lon="129.23191"/></trkseg></trk><trk><name>gyeongju 분황사·황룡사·왕경숲 수</name><desc>walking-geometry-checked · </desc><trkseg><trkpt lat="35.840388" lon="129.232248"/><trkpt lat="35.840494" lon="129.232324"/><trkpt lat="35.840545" lon="129.23236"/><trkpt lat="35.840657" lon="129.23244"/><trkpt lat="35.840394" lon="129.232944"/><trkpt lat="35.84029" lon="129.233291"/><trkpt lat="35.840267" lon="129.233609"/><trkpt lat="35.840313" lon="129.233609"/><trkpt lat="35.840399" lon="129.233609"/><trkpt lat="35.840478" lon="129.233608"/><trkpt lat="35.840477" lon="129.233545"/><trkpt lat="35.840567" lon="129.233545"/></trkseg><trkseg><trkpt lat="35.840567" lon="129.233545"/><trkpt lat="35.840477" lon="129.233545"/><trkpt lat="35.840478" lon="129.233608"/><trkpt lat="35.840399" lon="129.233609"/><trkpt lat="35.840313" lon="129.233609"/><trkpt lat="35.840267" lon="129.233609"/><trkpt lat="35.840099" lon="129.234875"/><trkpt lat="35.839931" lon="129.235763"/><trkpt lat="35.839787" lon="129.236472"/><trkpt lat="35.839768" lon="129.236569"/><trkpt lat="35.839519" lon="129.237875"/><trkpt lat="35.839485" lon="129.238088"/><trkpt lat="35.839638" lon="129.238193"/><trkpt lat="35.83977" lon="129.2384"/><trkpt lat="35.839818" lon="129.238622"/><trkpt lat="35.839774" lon="129.238749"/></trkseg><trkseg><trkpt lat="35.839774" lon="129.238749"/><trkpt lat="35.839818" lon="129.238622"/><trkpt lat="35.83977" lon="129.2384"/><trkpt lat="35.839638" lon="129.238193"/><trkpt lat="35.839485" lon="129.238088"/><trkpt lat="35.839519" lon="129.237875"/><trkpt lat="35.839768" lon="129.236569"/><trkpt lat="35.840658" lon="129.236548"/><trkpt lat="35.841377" lon="129.236532"/><trkpt lat="35.841542" lon="129.236529"/><trkpt lat="35.84168" lon="129.236527"/><trkpt lat="35.841764" lon="129.236526"/><trkpt lat="35.842347" lon="129.236518"/><trkpt lat="35.843359" lon="129.236504"/><trkpt lat="35.84339" lon="129.236504"/><trkpt lat="35.843426" lon="129.236558"/><trkpt lat="35.843442" lon="129.236602"/><trkpt lat="35.843441" lon="129.236649"/><trkpt lat="35.843429" lon="129.236845"/><trkpt lat="35.84337" lon="129.236957"/><trkpt lat="35.843336" lon="129.237053"/><trkpt lat="35.843254" lon="129.237313"/><trkpt lat="35.843221" lon="129.237414"/><trkpt lat="35.843176" lon="129.237536"/><trkpt lat="35.843083" lon="129.237789"/><trkpt lat="35.843201" lon="129.237869"/><trkpt lat="35.843507" lon="129.238079"/></trkseg><trkseg><trkpt lat="35.843507" lon="129.238079"/><trkpt lat="35.843201" lon="129.237869"/><trkpt lat="35.843083" lon="129.237789"/><trkpt lat="35.843176" lon="129.237536"/><trkpt lat="35.843221" lon="129.237414"/><trkpt lat="35.843254" lon="129.237313"/><trkpt lat="35.843336" lon="129.237053"/><trkpt lat="35.84337" lon="129.236957"/><trkpt lat="35.843429" lon="129.236845"/><trkpt lat="35.843441" lon="129.236649"/><trkpt lat="35.843442" lon="129.236602"/><trkpt lat="35.843426" lon="129.236558"/><trkpt lat="35.84339" lon="129.236504"/><trkpt lat="35.843359" lon="129.236504"/><trkpt lat="35.842347" lon="129.236518"/><trkpt lat="35.841764" lon="129.236526"/><trkpt lat="35.84168" lon="129.236527"/><trkpt lat="35.841542" lon="129.236529"/><trkpt lat="35.841377" lon="129.236532"/><trkpt lat="35.841115" lon="129.237256"/><trkpt lat="35.840982" lon="129.237622"/><trkpt lat="35.840743" lon="129.238262"/><trkpt lat="35.840783" lon="129.238271"/><trkpt lat="35.840376" lon="129.239463"/><trkpt lat="35.839975" lon="129.240525"/><trkpt lat="35.839872" lon="129.240892"/><trkpt lat="35.839698" lon="129.241634"/><trkpt lat="35.839639" lon="129.242167"/><trkpt lat="35.83963" lon="129.242807"/><trkpt lat="35.839662" lon="129.243251"/><trkpt lat="35.839721" lon="129.243771"/><trkpt lat="35.839761" lon="129.24399"/><trkpt lat="35.839759" lon="129.244074"/><trkpt lat="35.839751" lon="129.244414"/><trkpt lat="35.839921" lon="129.244913"/><trkpt lat="35.840121" lon="129.245406"/><trkpt lat="35.840596" lon="129.246374"/><trkpt lat="35.840571" lon="129.246573"/><trkpt lat="35.840489" lon="129.246712"/><trkpt lat="35.840042" lon="129.246778"/><trkpt lat="35.840195" lon="129.247321"/><trkpt lat="35.840257" lon="129.247496"/><trkpt lat="35.84033" lon="129.247675"/><trkpt lat="35.840834" lon="129.248748"/><trkpt lat="35.841034" lon="129.249186"/><trkpt lat="35.841086" lon="129.249301"/><trkpt lat="35.841232" lon="129.249631"/><trkpt lat="35.841364" lon="129.249932"/><trkpt lat="35.841516" lon="129.250275"/><trkpt lat="35.841614" lon="129.250498"/><trkpt lat="35.841939" lon="129.251274"/><trkpt lat="35.842242" lon="129.25199"/></trkseg></trk><trk><name>gyeongju 읍성·성동시장·중앙시장 일·월·수·목·금·토</name><desc>walking-geometry-checked · </desc><trkseg><trkpt lat="35.843962" lon="129.206785"/><trkpt lat="35.844025" lon="129.206785"/><trkpt lat="35.844019" lon="129.206973"/><trkpt lat="35.843498" lon="129.206957"/><trkpt lat="35.842273" lon="129.207004"/><trkpt lat="35.842207" lon="129.207006"/><trkpt lat="35.842206" lon="129.207064"/><trkpt lat="35.842182" lon="129.207778"/><trkpt lat="35.842147" lon="129.208654"/><trkpt lat="35.842139" lon="129.208875"/><trkpt lat="35.842129" lon="129.209117"/><trkpt lat="35.842092" lon="129.210056"/><trkpt lat="35.841738" lon="129.210054"/><trkpt lat="35.841725" lon="129.210475"/><trkpt lat="35.841718" lon="129.210746"/><trkpt lat="35.841685" lon="129.210916"/><trkpt lat="35.841678" lon="129.210953"/><trkpt lat="35.841664" lon="129.211678"/><trkpt lat="35.841435" lon="129.21168"/></trkseg><trkseg><trkpt lat="35.841435" lon="129.21168"/><trkpt lat="35.841664" lon="129.211678"/><trkpt lat="35.842037" lon="129.21168"/><trkpt lat="35.842585" lon="129.211668"/><trkpt lat="35.842848" lon="129.211662"/><trkpt lat="35.842827" lon="129.212564"/><trkpt lat="35.843262" lon="129.212592"/><trkpt lat="35.843644" lon="129.212599"/><trkpt lat="35.843809" lon="129.212604"/><trkpt lat="35.844211" lon="129.212615"/><trkpt lat="35.844191" lon="129.213547"/><trkpt lat="35.844481" lon="129.213548"/><trkpt lat="35.844477" lon="129.213878"/><trkpt lat="35.844532" lon="129.21388"/><trkpt lat="35.844531" lon="129.213914"/><trkpt lat="35.844529" lon="129.214003"/><trkpt lat="35.844507" lon="129.214774"/><trkpt lat="35.844491" lon="129.215349"/><trkpt lat="35.845157" lon="129.215366"/><trkpt lat="35.845142" lon="129.215868"/></trkseg><trkseg><trkpt lat="35.845142" lon="129.215868"/><trkpt lat="35.845157" lon="129.215366"/><trkpt lat="35.845809" lon="129.215396"/><trkpt lat="35.84587" lon="129.21539"/><trkpt lat="35.845888" lon="129.214475"/><trkpt lat="35.845877" lon="129.213935"/><trkpt lat="35.84581" lon="129.213842"/><trkpt lat="35.845806" lon="129.213738"/><trkpt lat="35.845831" lon="129.213625"/><trkpt lat="35.845865" lon="129.213503"/><trkpt lat="35.845888" lon="129.213333"/><trkpt lat="35.845899" lon="129.212739"/><trkpt lat="35.845922" lon="129.211648"/><trkpt lat="35.847085" lon="129.21166"/></trkseg><trkseg><trkpt lat="35.847085" lon="129.21166"/><trkpt lat="35.847276" lon="129.211662"/><trkpt lat="35.847267" lon="129.212015"/><trkpt lat="35.84726" lon="129.212304"/><trkpt lat="35.847256" lon="129.21247"/><trkpt lat="35.847245" lon="129.212913"/><trkpt lat="35.847265" lon="129.213012"/><trkpt lat="35.847355" lon="129.213028"/><trkpt lat="35.847359" lon="129.213221"/><trkpt lat="35.847433" lon="129.213234"/></trkseg><trkseg><trkpt lat="35.847433" lon="129.213234"/><trkpt lat="35.847359" lon="129.213221"/><trkpt lat="35.847355" lon="129.213028"/><trkpt lat="35.847265" lon="129.213012"/><trkpt lat="35.847245" lon="129.212913"/><trkpt lat="35.84724" lon="129.213095"/><trkpt lat="35.84723" lon="129.213172"/><trkpt lat="35.847201" lon="129.213229"/><trkpt lat="35.84716" lon="129.213268"/><trkpt lat="35.846962" lon="129.213385"/><trkpt lat="35.846907" lon="129.213472"/><trkpt lat="35.846887" lon="129.213578"/><trkpt lat="35.846879" lon="129.213915"/><trkpt lat="35.846877" lon="129.213972"/><trkpt lat="35.846621" lon="129.213963"/></trkseg><trkseg><trkpt lat="35.846621" lon="129.213963"/><trkpt lat="35.846572" lon="129.213961"/><trkpt lat="35.845877" lon="129.213935"/><trkpt lat="35.845888" lon="129.214475"/><trkpt lat="35.84587" lon="129.21539"/><trkpt lat="35.845809" lon="129.215396"/><trkpt lat="35.845793" lon="129.215928"/><trkpt lat="35.845358" lon="129.215908"/></trkseg><trkseg><trkpt lat="35.845358" lon="129.215908"/><trkpt lat="35.845793" lon="129.215928"/><trkpt lat="35.845809" lon="129.215396"/><trkpt lat="35.84587" lon="129.21539"/><trkpt lat="35.845888" lon="129.214475"/><trkpt lat="35.845877" lon="129.213935"/><trkpt lat="35.84581" lon="129.213842"/><trkpt lat="35.845806" lon="129.213738"/><trkpt lat="35.845831" lon="129.213625"/><trkpt lat="35.845865" lon="129.213503"/><trkpt lat="35.845888" lon="129.213333"/><trkpt lat="35.845899" lon="129.212739"/><trkpt lat="35.845922" lon="129.211648"/><trkpt lat="35.845937" lon="129.210944"/><trkpt lat="35.845944" lon="129.210143"/><trkpt lat="35.846559" lon="129.210127"/><trkpt lat="35.84661" lon="129.210123"/></trkseg></trk><trk><name>gyeongju 읍성·성동시장·중앙시장 화</name><desc>walking-geometry-checked · </desc><trkseg><trkpt lat="35.843962" lon="129.206785"/><trkpt lat="35.844025" lon="129.206785"/><trkpt lat="35.844019" lon="129.206973"/><trkpt lat="35.844396" lon="129.206969"/><trkpt lat="35.84452" lon="129.206968"/><trkpt lat="35.844588" lon="129.206965"/><trkpt lat="35.844585" lon="129.20703"/><trkpt lat="35.844476" lon="129.207039"/><trkpt lat="35.844405" lon="129.207038"/><trkpt lat="35.844513" lon="129.207179"/><trkpt lat="35.844391" lon="129.207571"/><trkpt lat="35.84435" lon="129.20841"/><trkpt lat="35.844302" lon="129.209372"/><trkpt lat="35.844295" lon="129.209499"/><trkpt lat="35.84425" lon="129.20969"/><trkpt lat="35.844136" lon="129.210033"/><trkpt lat="35.844232" lon="129.210707"/><trkpt lat="35.844232" lon="129.211654"/><trkpt lat="35.844211" lon="129.212615"/><trkpt lat="35.844191" lon="129.213547"/><trkpt lat="35.844481" lon="129.213548"/><trkpt lat="35.844477" lon="129.213878"/><trkpt lat="35.844532" lon="129.21388"/><trkpt lat="35.844531" lon="129.213914"/><trkpt lat="35.844529" lon="129.214003"/><trkpt lat="35.844507" lon="129.214774"/><trkpt lat="35.844491" lon="129.215349"/><trkpt lat="35.845157" lon="129.215366"/><trkpt lat="35.845142" lon="129.215868"/></trkseg><trkseg><trkpt lat="35.845142" lon="129.215868"/><trkpt lat="35.845157" lon="129.215366"/><trkpt lat="35.845809" lon="129.215396"/><trkpt lat="35.84587" lon="129.21539"/><trkpt lat="35.845888" lon="129.214475"/><trkpt lat="35.845877" lon="129.213935"/><trkpt lat="35.84581" lon="129.213842"/><trkpt lat="35.845806" lon="129.213738"/><trkpt lat="35.845831" lon="129.213625"/><trkpt lat="35.845865" lon="129.213503"/><trkpt lat="35.845888" lon="129.213333"/><trkpt lat="35.845899" lon="129.212739"/><trkpt lat="35.845922" lon="129.211648"/><trkpt lat="35.847085" lon="129.21166"/></trkseg><trkseg><trkpt lat="35.847085" lon="129.21166"/><trkpt lat="35.847276" lon="129.211662"/><trkpt lat="35.847267" lon="129.212015"/><trkpt lat="35.84726" lon="129.212304"/><trkpt lat="35.847256" lon="129.21247"/><trkpt lat="35.847245" lon="129.212913"/><trkpt lat="35.847265" lon="129.213012"/><trkpt lat="35.847355" lon="129.213028"/><trkpt lat="35.847359" lon="129.213221"/><trkpt lat="35.847433" lon="129.213234"/></trkseg><trkseg><trkpt lat="35.847433" lon="129.213234"/><trkpt lat="35.847359" lon="129.213221"/><trkpt lat="35.847355" lon="129.213028"/><trkpt lat="35.847265" lon="129.213012"/><trkpt lat="35.847245" lon="129.212913"/><trkpt lat="35.84724" lon="129.213095"/><trkpt lat="35.84723" lon="129.213172"/><trkpt lat="35.847201" lon="129.213229"/><trkpt lat="35.84716" lon="129.213268"/><trkpt lat="35.846962" lon="129.213385"/><trkpt lat="35.846907" lon="129.213472"/><trkpt lat="35.846887" lon="129.213578"/><trkpt lat="35.846879" lon="129.213915"/><trkpt lat="35.846877" lon="129.213972"/><trkpt lat="35.846621" lon="129.213963"/></trkseg><trkseg><trkpt lat="35.846621" lon="129.213963"/><trkpt lat="35.846572" lon="129.213961"/><trkpt lat="35.845877" lon="129.213935"/><trkpt lat="35.845888" lon="129.214475"/><trkpt lat="35.84587" lon="129.21539"/><trkpt lat="35.845809" lon="129.215396"/><trkpt lat="35.845793" lon="129.215928"/><trkpt lat="35.845358" lon="129.215908"/></trkseg><trkseg><trkpt lat="35.845358" lon="129.215908"/><trkpt lat="35.845793" lon="129.215928"/><trkpt lat="35.845809" lon="129.215396"/><trkpt lat="35.84587" lon="129.21539"/><trkpt lat="35.845888" lon="129.214475"/><trkpt lat="35.845877" lon="129.213935"/><trkpt lat="35.84581" lon="129.213842"/><trkpt lat="35.845806" lon="129.213738"/><trkpt lat="35.845831" lon="129.213625"/><trkpt lat="35.845865" lon="129.213503"/><trkpt lat="35.845888" lon="129.213333"/><trkpt lat="35.845899" lon="129.212739"/><trkpt lat="35.845922" lon="129.211648"/><trkpt lat="35.845937" lon="129.210944"/><trkpt lat="35.845944" lon="129.210143"/><trkpt lat="35.846559" lon="129.210127"/><trkpt lat="35.84661" lon="129.210123"/></trkseg></trk><trk><name>gyeongju 불국사 마을 일</name><desc>needs-review · 일부 구간의 보행 길선 또는 버스 연결 미확인</desc><trkseg><trkpt lat="35.789892" lon="129.331942"/><trkpt lat="35.789915" lon="129.332121"/><trkpt lat="35.78994" lon="129.3323"/><trkpt lat="35.789991" lon="129.332289"/><trkpt lat="35.789994" lon="129.33232"/><trkpt lat="35.79001" lon="129.332421"/><trkpt lat="35.789948" lon="129.33257"/><trkpt lat="35.789844" lon="129.332618"/><trkpt lat="35.789774" lon="129.332597"/><trkpt lat="35.789641" lon="129.332176"/><trkpt lat="35.789077" lon="129.332287"/><trkpt lat="35.789066" lon="129.332291"/><trkpt lat="35.789023" lon="129.332301"/><trkpt lat="35.78857" lon="129.332399"/><trkpt lat="35.788567" lon="129.332466"/><trkpt lat="35.788531" lon="129.332582"/><trkpt lat="35.788452" lon="129.332697"/><trkpt lat="35.788385" lon="129.332798"/><trkpt lat="35.788373" lon="129.332874"/><trkpt lat="35.788392" lon="129.33293"/></trkseg><trkseg><trkpt lat="35.788392" lon="129.33293"/><trkpt lat="35.788373" lon="129.332874"/><trkpt lat="35.788385" lon="129.332798"/><trkpt lat="35.788452" lon="129.332697"/><trkpt lat="35.788531" lon="129.332582"/><trkpt lat="35.788567" lon="129.332466"/><trkpt lat="35.78857" lon="129.332399"/><trkpt lat="35.788152" lon="129.332489"/><trkpt lat="35.788037" lon="129.332504"/><trkpt lat="35.787848" lon="129.332529"/><trkpt lat="35.787786" lon="129.332537"/><trkpt lat="35.787496" lon="129.332374"/><trkpt lat="35.787316" lon="129.332382"/><trkpt lat="35.787214" lon="129.332416"/><trkpt lat="35.787193" lon="129.332423"/><trkpt lat="35.78717" lon="129.332431"/><trkpt lat="35.786896" lon="129.332521"/><trkpt lat="35.786844" lon="129.332438"/><trkpt lat="35.786352" lon="129.332728"/><trkpt lat="35.786789" lon="129.333565"/><trkpt lat="35.78681" lon="129.333699"/><trkpt lat="35.78681" lon="129.333828"/><trkpt lat="35.786781" lon="129.333927"/><trkpt lat="35.786727" lon="129.333997"/><trkpt lat="35.786648" lon="129.334025"/><trkpt lat="35.786538" lon="129.333982"/><trkpt lat="35.786368" lon="129.333843"/><trkpt lat="35.786194" lon="129.333852"/><trkpt lat="35.786033" lon="129.333871"/><trkpt lat="35.785715" lon="129.333715"/><trkpt lat="35.785634" lon="129.333736"/><trkpt lat="35.785545" lon="129.333813"/><trkpt lat="35.785525" lon="129.333889"/><trkpt lat="35.785529" lon="129.333992"/></trkseg></trk><trk><name>gyeongju 불국사 마을 월</name><desc>needs-review · 일부 구간의 보행 길선 또는 버스 연결 미확인</desc></trk><trk><name>gyeongju 불국사 마을 화</name><desc>needs-review · 일부 구간의 보행 길선 또는 버스 연결 미확인</desc><trkseg><trkpt lat="35.789892" lon="129.331942"/><trkpt lat="35.789915" lon="129.332121"/><trkpt lat="35.78994" lon="129.3323"/><trkpt lat="35.789991" lon="129.332289"/><trkpt lat="35.789994" lon="129.33232"/><trkpt lat="35.79001" lon="129.332421"/><trkpt lat="35.789948" lon="129.33257"/><trkpt lat="35.789844" lon="129.332618"/><trkpt lat="35.789774" lon="129.332597"/><trkpt lat="35.789641" lon="129.332176"/><trkpt lat="35.789077" lon="129.332287"/><trkpt lat="35.789066" lon="129.332291"/><trkpt lat="35.789023" lon="129.332301"/><trkpt lat="35.78857" lon="129.332399"/><trkpt lat="35.788567" lon="129.332466"/><trkpt lat="35.788531" lon="129.332582"/><trkpt lat="35.788452" lon="129.332697"/><trkpt lat="35.788385" lon="129.332798"/><trkpt lat="35.788373" lon="129.332874"/><trkpt lat="35.788392" lon="129.33293"/></trkseg></trk><trk><name>gyeongju 불국사 마을 수·목·금·토</name><desc>needs-review · 일부 구간의 보행 길선 또는 버스 연결 미확인</desc><trkseg><trkpt lat="35.789892" lon="129.331942"/><trkpt lat="35.789915" lon="129.332121"/><trkpt lat="35.78994" lon="129.3323"/><trkpt lat="35.789991" lon="129.332289"/><trkpt lat="35.789994" lon="129.33232"/><trkpt lat="35.79001" lon="129.332421"/><trkpt lat="35.789948" lon="129.33257"/><trkpt lat="35.789844" lon="129.332618"/><trkpt lat="35.789774" lon="129.332597"/><trkpt lat="35.789641" lon="129.332176"/><trkpt lat="35.789077" lon="129.332287"/><trkpt lat="35.789066" lon="129.332291"/><trkpt lat="35.789023" lon="129.332301"/><trkpt lat="35.78857" lon="129.332399"/><trkpt lat="35.788567" lon="129.332466"/><trkpt lat="35.788531" lon="129.332582"/><trkpt lat="35.788452" lon="129.332697"/><trkpt lat="35.788385" lon="129.332798"/><trkpt lat="35.788373" lon="129.332874"/><trkpt lat="35.788392" lon="129.33293"/></trkseg><trkseg><trkpt lat="35.788392" lon="129.33293"/><trkpt lat="35.788373" lon="129.332874"/><trkpt lat="35.788385" lon="129.332798"/><trkpt lat="35.788452" lon="129.332697"/><trkpt lat="35.788531" lon="129.332582"/><trkpt lat="35.788567" lon="129.332466"/><trkpt lat="35.78857" lon="129.332399"/><trkpt lat="35.788152" lon="129.332489"/><trkpt lat="35.788037" lon="129.332504"/><trkpt lat="35.787848" lon="129.332529"/><trkpt lat="35.787786" lon="129.332537"/><trkpt lat="35.787496" lon="129.332374"/><trkpt lat="35.787316" lon="129.332382"/><trkpt lat="35.787214" lon="129.332416"/><trkpt lat="35.787193" lon="129.332423"/><trkpt lat="35.78717" lon="129.332431"/><trkpt lat="35.786896" lon="129.332521"/><trkpt lat="35.786844" lon="129.332438"/><trkpt lat="35.786352" lon="129.332728"/><trkpt lat="35.786789" lon="129.333565"/><trkpt lat="35.78681" lon="129.333699"/><trkpt lat="35.78681" lon="129.333828"/><trkpt lat="35.786781" lon="129.333927"/><trkpt lat="35.786727" lon="129.333997"/><trkpt lat="35.786648" lon="129.334025"/><trkpt lat="35.786538" lon="129.333982"/><trkpt lat="35.786368" lon="129.333843"/><trkpt lat="35.786194" lon="129.333852"/><trkpt lat="35.786033" lon="129.333871"/><trkpt lat="35.785715" lon="129.333715"/><trkpt lat="35.785634" lon="129.333736"/><trkpt lat="35.785545" lon="129.333813"/><trkpt lat="35.785525" lon="129.333889"/><trkpt lat="35.785529" lon="129.333992"/></trkseg></trk></gpx>
