{
  "type": "FeatureCollection",
  "name": "경주 6개 후보 테마 도보 루트",
  "generator": "FOSSGIS OSRM foot, route lines checked and saved",
  "checkedAt": "2026-10-07",
  "features": [
    {
      "type": "Feature",
      "id": "gyeongju-hwangridan",
      "geometry": {
        "type": "MultiLineString",
        "coordinates": [
          [
            [
              129.21,
              35.837412
            ],
            [
              129.210013,
              35.837311
            ],
            [
              129.209701,
              35.837433
            ],
            [
              129.209694,
              35.837349
            ],
            [
              129.209641,
              35.836671
            ],
            [
              129.209622,
              35.836422
            ],
            [
              129.209519,
              35.835515
            ],
            [
              129.209502,
              35.835276
            ],
            [
              129.209462,
              35.834711
            ],
            [
              129.209466,
              35.834362
            ],
            [
              129.209467,
              35.834285
            ]
          ],
          [
            [
              129.209467,
              35.834285
            ],
            [
              129.209466,
              35.834362
            ],
            [
              129.209462,
              35.834711
            ],
            [
              129.209502,
              35.835276
            ],
            [
              129.209519,
              35.835515
            ],
            [
              129.209622,
              35.836422
            ],
            [
              129.209641,
              35.836671
            ],
            [
              129.209694,
              35.837349
            ],
            [
              129.209701,
              35.837433
            ],
            [
              129.210013,
              35.837311
            ],
            [
              129.209989,
              35.837502
            ],
            [
              129.210188,
              35.83751
            ]
          ],
          [
            [
              129.210188,
              35.83751
            ],
            [
              129.209989,
              35.837502
            ],
            [
              129.210013,
              35.837311
            ],
            [
              129.209701,
              35.837433
            ],
            [
              129.209694,
              35.837349
            ],
            [
              129.209641,
              35.836671
            ],
            [
              129.209622,
              35.836422
            ],
            [
              129.209519,
              35.835515
            ],
            [
              129.210015,
              35.835462
            ]
          ],
          [
            [
              129.210015,
              35.835462
            ],
            [
              129.209519,
              35.835515
            ],
            [
              129.209622,
              35.836422
            ],
            [
              129.209336,
              35.836473
            ],
            [
              129.209332,
              35.836912
            ],
            [
              129.20933,
              35.837205
            ],
            [
              129.209313,
              35.837471
            ],
            [
              129.209312,
              35.837588
            ],
            [
              129.209309,
              35.837848
            ]
          ],
          [
            [
              129.209309,
              35.837848
            ],
            [
              129.209308,
              35.837922
            ],
            [
              129.209305,
              35.838129
            ],
            [
              129.209304,
              35.838241
            ],
            [
              129.209243,
              35.838366
            ],
            [
              129.209105,
              35.83865
            ],
            [
              129.209282,
              35.838724
            ],
            [
              129.209373,
              35.838763
            ],
            [
              129.209866,
              35.83897
            ],
            [
              129.209918,
              35.839525
            ],
            [
              129.2108,
              35.83975
            ],
            [
              129.210867,
              35.839573
            ],
            [
              129.211031,
              35.839117
            ],
            [
              129.211374,
              35.839272
            ],
            [
              129.211599,
              35.839418
            ],
            [
              129.211805,
              35.83949
            ],
            [
              129.212016,
              35.839486
            ],
            [
              129.212245,
              35.839408
            ],
            [
              129.212566,
              35.839276
            ],
            [
              129.212707,
              35.839201
            ],
            [
              129.212672,
              35.839073
            ],
            [
              129.212715,
              35.838961
            ],
            [
              129.212733,
              35.838913
            ],
            [
              129.212727,
              35.838861
            ],
            [
              129.212693,
              35.838814
            ],
            [
              129.212625,
              35.838755
            ],
            [
              129.212602,
              35.838691
            ],
            [
              129.212575,
              35.838638
            ],
            [
              129.212529,
              35.83861
            ],
            [
              129.212447,
              35.838566
            ],
            [
              129.212396,
              35.838526
            ],
            [
              129.212374,
              35.83848
            ],
            [
              129.212376,
              35.83843
            ],
            [
              129.212402,
              35.838385
            ],
            [
              129.212449,
              35.838353
            ],
            [
              129.212507,
              35.838337
            ],
            [
              129.212568,
              35.838342
            ],
            [
              129.212622,
              35.838366
            ],
            [
              129.21269,
              35.838382
            ],
            [
              129.212769,
              35.838381
            ],
            [
              129.212835,
              35.838374
            ],
            [
              129.212896,
              35.838352
            ],
            [
              129.212946,
              35.838315
            ],
            [
              129.21298,
              35.838268
            ],
            [
              129.213224,
              35.838296
            ],
            [
              129.213311,
              35.838307
            ]
          ],
          [
            [
              129.213311,
              35.838307
            ],
            [
              129.213474,
              35.838329
            ],
            [
              129.213465,
              35.838294
            ],
            [
              129.213502,
              35.838167
            ],
            [
              129.213628,
              35.837918
            ],
            [
              129.213628,
              35.837835
            ],
            [
              129.2137,
              35.837658
            ],
            [
              129.213722,
              35.837566
            ],
            [
              129.213872,
              35.837414
            ],
            [
              129.213969,
              35.837147
            ],
            [
              129.213921,
              35.836791
            ],
            [
              129.214004,
              35.836669
            ],
            [
              129.214194,
              35.836565
            ],
            [
              129.214721,
              35.835947
            ],
            [
              129.214783,
              35.83576
            ],
            [
              129.214828,
              35.835673
            ],
            [
              129.214936,
              35.835684
            ],
            [
              129.215167,
              35.835552
            ],
            [
              129.215243,
              35.835467
            ],
            [
              129.215578,
              35.835665
            ],
            [
              129.215646,
              35.835763
            ],
            [
              129.215696,
              35.835741
            ],
            [
              129.215768,
              35.835708
            ],
            [
              129.21591,
              35.835561
            ],
            [
              129.216007,
              35.835475
            ],
            [
              129.216318,
              35.835125
            ],
            [
              129.216592,
              35.834873
            ],
            [
              129.216692,
              35.834778
            ],
            [
              129.216801,
              35.83467
            ],
            [
              129.216925,
              35.83454
            ],
            [
              129.217034,
              35.83444
            ],
            [
              129.217152,
              35.834355
            ],
            [
              129.217302,
              35.834297
            ],
            [
              129.217467,
              35.834265
            ],
            [
              129.217691,
              35.834248
            ],
            [
              129.217957,
              35.834244
            ],
            [
              129.218362,
              35.834273
            ],
            [
              129.218538,
              35.834291
            ],
            [
              129.218589,
              35.834305
            ],
            [
              129.218637,
              35.834397
            ],
            [
              129.218749,
              35.834474
            ],
            [
              129.218744,
              35.834564
            ],
            [
              129.218708,
              35.83464
            ],
            [
              129.218734,
              35.834743
            ],
            [
              129.218783,
              35.834842
            ],
            [
              129.21891,
              35.834896
            ],
            [
              129.218995,
              35.834897
            ]
          ],
          [
            [
              129.218995,
              35.834897
            ],
            [
              129.21891,
              35.834896
            ],
            [
              129.218783,
              35.834842
            ],
            [
              129.218734,
              35.834743
            ],
            [
              129.218708,
              35.83464
            ],
            [
              129.218744,
              35.834564
            ],
            [
              129.218749,
              35.834474
            ],
            [
              129.218637,
              35.834397
            ],
            [
              129.218589,
              35.834305
            ],
            [
              129.218889,
              35.834336
            ],
            [
              129.219551,
              35.834383
            ],
            [
              129.219921,
              35.834421
            ],
            [
              129.220342,
              35.834015
            ],
            [
              129.220569,
              35.833914
            ],
            [
              129.220772,
              35.833853
            ],
            [
              129.22082,
              35.833788
            ],
            [
              129.220955,
              35.833595
            ],
            [
              129.221072,
              35.833369
            ],
            [
              129.221164,
              35.833208
            ],
            [
              129.221546,
              35.833334
            ],
            [
              129.221706,
              35.833374
            ],
            [
              129.221899,
              35.833417
            ],
            [
              129.221977,
              35.833427
            ],
            [
              129.222043,
              35.833426
            ],
            [
              129.222082,
              35.83341
            ],
            [
              129.222094,
              35.833357
            ],
            [
              129.222385,
              35.833431
            ],
            [
              129.222675,
              35.833497
            ],
            [
              129.222791,
              35.833537
            ],
            [
              129.223081,
              35.833652
            ],
            [
              129.22323,
              35.833675
            ],
            [
              129.223459,
              35.833706
            ],
            [
              129.223677,
              35.83377
            ],
            [
              129.22377,
              35.833779
            ],
            [
              129.223982,
              35.833768
            ],
            [
              129.224136,
              35.833809
            ],
            [
              129.224205,
              35.833849
            ],
            [
              129.224263,
              35.83391
            ],
            [
              129.224746,
              35.833874
            ],
            [
              129.224936,
              35.833864
            ],
            [
              129.225047,
              35.833926
            ],
            [
              129.225248,
              35.833804
            ],
            [
              129.225359,
              35.83374
            ],
            [
              129.225377,
              35.83376
            ],
            [
              129.225406,
              35.833795
            ],
            [
              129.225458,
              35.833857
            ],
            [
              129.225735,
              35.833702
            ],
            [
              129.226397,
              35.833328
            ],
            [
              129.226501,
              35.833273
            ],
            [
              129.226651,
              35.833295
            ],
            [
              129.226761,
              35.833305
            ],
            [
              129.226765,
              35.833382
            ],
            [
              129.226753,
              35.833478
            ],
            [
              129.226718,
              35.833515
            ],
            [
              129.226696,
              35.833742
            ],
            [
              129.226668,
              35.833842
            ],
            [
              129.226589,
              35.834039
            ],
            [
              129.22653,
              35.83443
            ],
            [
              129.226494,
              35.834431
            ],
            [
              129.226467,
              35.834696
            ]
          ],
          [
            [
              129.226467,
              35.834696
            ],
            [
              129.226494,
              35.834431
            ],
            [
              129.22653,
              35.83443
            ],
            [
              129.226589,
              35.834039
            ],
            [
              129.226668,
              35.833842
            ],
            [
              129.226696,
              35.833742
            ],
            [
              129.226718,
              35.833515
            ],
            [
              129.226753,
              35.833478
            ],
            [
              129.226765,
              35.833382
            ],
            [
              129.226761,
              35.833305
            ],
            [
              129.226651,
              35.833295
            ],
            [
              129.226501,
              35.833273
            ],
            [
              129.226397,
              35.833328
            ],
            [
              129.225735,
              35.833702
            ],
            [
              129.225458,
              35.833857
            ],
            [
              129.225406,
              35.833795
            ],
            [
              129.225377,
              35.83376
            ],
            [
              129.225359,
              35.83374
            ],
            [
              129.225248,
              35.833804
            ],
            [
              129.225047,
              35.833926
            ],
            [
              129.224562,
              35.834204
            ],
            [
              129.223436,
              35.834804
            ],
            [
              129.222296,
              35.835478
            ],
            [
              129.22196,
              35.835654
            ],
            [
              129.22192,
              35.835663
            ],
            [
              129.221619,
              35.835734
            ],
            [
              129.221397,
              35.835775
            ],
            [
              129.21846,
              35.835665
            ],
            [
              129.218465,
              35.835724
            ],
            [
              129.217837,
              35.835675
            ],
            [
              129.217392,
              35.835582
            ],
            [
              129.217175,
              35.835522
            ],
            [
              129.216761,
              35.835368
            ],
            [
              129.216318,
              35.835125
            ],
            [
              129.216029,
              35.834931
            ],
            [
              129.215903,
              35.834831
            ],
            [
              129.215856,
              35.834794
            ],
            [
              129.215747,
              35.834687
            ],
            [
              129.215738,
              35.834669
            ],
            [
              129.215482,
              35.834171
            ],
            [
              129.215177,
              35.834186
            ],
            [
              129.214985,
              35.834197
            ],
            [
              129.214834,
              35.834205
            ],
            [
              129.21473,
              35.833814
            ],
            [
              129.214683,
              35.833633
            ],
            [
              129.214626,
              35.833479
            ]
          ]
        ]
      },
      "properties": {
        "id": "gyeongju-hwangridan",
        "region": "gyeongju",
        "themeId": "hwangridan",
        "title": "황리단길·대릉원 골목",
        "description": "황리단길에서 대릉원·첨성대·동궁과 월지 방향으로 걷는 골목·유적 코스",
        "stops": [
          {
            "sequence": 1,
            "placeId": "j3",
            "name": "황리단길",
            "category": "market",
            "lat": 35.8374081139238,
            "lon": 129.209953809161,
            "routeSnapMeters": 4,
            "locationText": "경주시 포석로 1080 일대 · 거리 대표점",
            "scheduleText": "거리 산책에 공통 운영시간은 없습니다. 개별 먹거리·기념품 점포의 시간·휴무·가격은 각각 확인해야 합니다.",
            "priceInfo": {
              "label": "황리단길 거리 산책",
              "price": "무료",
              "checked": "2026-10-06",
              "source": "https://www.gyeongju.go.kr/hwangridan/index.nm",
              "note": "개별 점포의 음식·상품 구매는 별도 비용."
            },
            "mealRole": null
          },
          {
            "sequence": 2,
            "placeId": "j103",
            "name": "미피스토어 경주",
            "category": "books",
            "lat": 35.8342864664,
            "lon": 129.2095850345,
            "routeSnapMeters": 11,
            "locationText": "경주시 포석로 1046 1층",
            "scheduleText": "카카오맵 10:00~20:00 표시. 방문일 재확인.",
            "priceInfo": {
              "label": "캐릭터 소품",
              "price": "품목별 가격 미확인",
              "checked": "2026-10-06",
              "source": "https://place.map.kakao.com/210891597",
              "note": "입장료와 상품값은 매장 확인."
            },
            "mealRole": null
          },
          {
            "sequence": 3,
            "placeId": "j95",
            "name": "제로스페이스 경주",
            "category": "books",
            "lat": 35.8375625,
            "lon": 129.2103125,
            "routeSnapMeters": 13,
            "locationText": "경주시 손효자길 17-2",
            "scheduleText": "Google 월~금 11:00~19:00, 토·일 11:00~20:00. 카카오맵은 11:00~19:00 표시.",
            "priceInfo": {
              "label": "경주 소재 스티커·마그넷·엽서",
              "price": "현행 가격 미확인",
              "checked": "2026-10-06",
              "source": "https://place.map.kakao.com/558090783",
              "note": "2022년 스티커 1,800원·마그넷 5,600원은 과거값으로 현재 가격에 사용하지 않음."
            },
            "mealRole": null
          },
          {
            "sequence": 4,
            "placeId": "j38",
            "name": "스컹크웍스",
            "category": "cafe",
            "lat": 35.8355972750305,
            "lon": 129.210037456348,
            "routeSnapMeters": 15,
            "locationText": "경주시 포석로 1058-3",
            "scheduleText": "경주시 관광 안내 매일 10:00~22:00. 방문일 재확인.",
            "priceInfo": {
              "label": "아메리카노",
              "price": "5,500원",
              "checked": "2026-10-06",
              "source": "https://www.diningcode.com/profile.php?rid=qEmeVMYzMxCc",
              "note": "다이닝코드 조회 가격. 동동라떼 6,500원, 자몽티 6,000원 등록. 방문 전 현행 메뉴와 가격 확인."
            },
            "mealRole": "cafe"
          },
          {
            "sequence": 5,
            "placeId": "j142",
            "name": "소향몽",
            "category": "food",
            "lat": 35.83784822,
            "lon": 129.20933685,
            "routeSnapMeters": 3,
            "locationText": "경주시 사정로57번길 16 1층",
            "scheduleText": "매일 11:00–15:00 / 17:00–21:00 · 브레이크: 15:00–17:00",
            "priceInfo": {
              "label": "육회비빔밥",
              "price": "17,000원",
              "source": "https://www.diningcode.com/profile.php?rid=jWukVMJerlqJ",
              "checked": "2026-10-06",
              "note": "육회비빔밥 17,000원 · 감태육회주먹밥 12,000원 · 궁중소갈비찜 28,000원 · 통새우햇미나리전 16,000원 · 육회물회 14,000원. 과거 후기의 육전·차돌삼합 현재 판매 여부 미확인. 현재 DC 가격과 메뉴 구분."
            },
            "mealRole": "lunch"
          },
          {
            "sequence": 6,
            "placeId": "j4",
            "name": "대릉원",
            "category": "culture",
            "lat": 35.838191058762,
            "lon": 129.213333992314,
            "routeSnapMeters": 13,
            "locationText": "경주시 황남동 · 유적 전체의 대표점",
            "scheduleText": "경주시 관광 09:00~22:00, 매표 마감 21:30. 천마총 내부 관람은 별도 유료.",
            "priceInfo": {
              "label": "대릉원 공원 산책",
              "price": "무료",
              "checked": "2026-10-06",
              "source": "https://www.gyeongju.go.kr/tour/page.do?area_uid=203&cmd=2&code_uid=1012&mnu_uid=4716",
              "note": "천마총 내부는 별도 유료. 현행 세부요금 미확인."
            },
            "mealRole": null
          },
          {
            "sequence": 7,
            "placeId": "j1",
            "name": "첨성대",
            "category": "culture",
            "lat": 35.834714812336,
            "lon": 129.219000182596,
            "routeSnapMeters": 20,
            "locationText": "경주시 인왕동 839-1 · 시내 유적권",
            "scheduleText": "경주시 관광 안내 09:00~22:00, 동절기 21:00까지. 앱은 21:00로 보수적으로 계산",
            "priceInfo": {
              "label": "첨성대 외부 관람",
              "price": "무료",
              "checked": "2026-10-06",
              "source": "https://www.gyeongju.go.kr/tour/page.do?area_uid=47&cmd=2&code_uid=1012&mnu_uid=4716"
            },
            "mealRole": null
          },
          {
            "sequence": 8,
            "placeId": "j2",
            "name": "동궁과 월지",
            "category": "culture",
            "lat": 35.8347762643542,
            "lon": 129.226975518857,
            "routeSnapMeters": 47,
            "locationText": "경주시 원화로 102 · 시내 유적권",
            "scheduleText": "경주시 관광 안내 09:00~22:00, 입장 마감 21:30. 방문일 재확인",
            "priceInfo": {
              "label": "일반 입장료",
              "price": "성인 3,000원",
              "checked": "2026-10-06",
              "source": "https://www.gyeongju.go.kr/tour/page.do?area_uid=50&cmd=2&code_uid=1012&mnu_uid=4716",
              "note": "청소년 2,000원·어린이 1,000원. 발권·입장 마감 21:30."
            },
            "mealRole": null
          },
          {
            "sequence": 9,
            "placeId": "j42",
            "name": "경주원조콩국",
            "category": "food",
            "lat": 35.8334528343,
            "lon": 129.2147315243,
            "routeSnapMeters": 10,
            "locationText": "경주시 첨성로 113",
            "scheduleText": "월~토 09:00~19:45, 일요일 휴무. 브레이크 10:30~11:30; 오후 브레이크는 시 16:30~17:00와 관광 사이트 16:00~17:30이 충돌.",
            "priceInfo": {
              "label": "따뜻한 콩국 1",
              "price": "8,000원",
              "checked": "2026-10-06",
              "source": "https://visitgyeongju.or.kr/kr/cuisine/view/535f40400605094c0949044347514a414d",
              "note": "관광 사이트 가격. 다이닝코드 9,000원과 충돌. 콩국수 9,000원/10,000원도 출처별 차이."
            },
            "mealRole": "dinner"
          }
        ],
        "stopCount": 9,
        "walkStopCount": 9,
        "placePoolCount": 47,
        "placePool": [
          {
            "sequence": null,
            "placeId": "j4",
            "name": "대릉원",
            "category": "culture",
            "lat": 35.838191058762,
            "lon": 129.213333992314,
            "routeSnapMeters": null,
            "locationText": "경주시 황남동 · 유적 전체의 대표점"
          },
          {
            "sequence": null,
            "placeId": "j3",
            "name": "황리단길",
            "category": "market",
            "lat": 35.8374081139238,
            "lon": 129.209953809161,
            "routeSnapMeters": null,
            "locationText": "경주시 포석로 1080 일대 · 거리 대표점"
          },
          {
            "sequence": null,
            "placeId": "j95",
            "name": "제로스페이스 경주",
            "category": "books",
            "lat": 35.8375625,
            "lon": 129.2103125,
            "routeSnapMeters": null,
            "locationText": "경주시 손효자길 17-2"
          },
          {
            "sequence": null,
            "placeId": "j93",
            "name": "어서어서책방",
            "category": "books",
            "lat": 35.837673485,
            "lon": 129.2096347347,
            "routeSnapMeters": null,
            "locationText": "경주시 포석로 1083"
          },
          {
            "sequence": null,
            "placeId": "j142",
            "name": "소향몽",
            "category": "food",
            "lat": 35.83784822,
            "lon": 129.20933685,
            "routeSnapMeters": null,
            "locationText": "경주시 사정로57번길 16 1층"
          },
          {
            "sequence": null,
            "placeId": "j89",
            "name": "황남우엉김밥",
            "category": "market",
            "lat": 35.8367556411,
            "lon": 129.2097641887,
            "routeSnapMeters": null,
            "locationText": "경주시 포석로 1074 남편동 1층"
          },
          {
            "sequence": null,
            "placeId": "j98",
            "name": "소소밀밀 대릉원점",
            "category": "books",
            "lat": 35.8374375,
            "lon": 129.2108125,
            "routeSnapMeters": null,
            "locationText": "경주시 포석로1092번길 16"
          },
          {
            "sequence": null,
            "placeId": "j85",
            "name": "경주약과방",
            "category": "market",
            "lat": 35.8366875,
            "lon": 129.2098125,
            "routeSnapMeters": null,
            "locationText": "경주시 포석로 1074 북편동 1층"
          },
          {
            "sequence": null,
            "placeId": "j139",
            "name": "향화정",
            "category": "food",
            "lat": 35.83800982,
            "lon": 129.20919354,
            "routeSnapMeters": null,
            "locationText": "경주시 사정로57번길 17"
          },
          {
            "sequence": null,
            "placeId": "j37",
            "name": "아덴 황리단길점",
            "category": "cafe",
            "lat": 35.8367668704458,
            "lon": 129.209153680974,
            "routeSnapMeters": null,
            "locationText": "경주시 사정로 57"
          },
          {
            "sequence": null,
            "placeId": "j140",
            "name": "청온채",
            "category": "food",
            "lat": 35.83761282,
            "lon": 129.20880536,
            "routeSnapMeters": null,
            "locationText": "경주시 포석로1079번길 8-5"
          },
          {
            "sequence": null,
            "placeId": "j99",
            "name": "책방무제",
            "category": "books",
            "lat": 35.8364397968,
            "lon": 129.2106716507,
            "routeSnapMeters": null,
            "locationText": "경주시 포석로1068번길 9"
          },
          {
            "sequence": null,
            "placeId": "j115",
            "name": "참치향 경주본점",
            "category": "food",
            "lat": 35.8364208,
            "lon": 129.2087634,
            "routeSnapMeters": null,
            "locationText": "경주시 사정로50번길 1-2"
          },
          {
            "sequence": null,
            "placeId": "j166",
            "name": "가배향주",
            "category": "cafe",
            "lat": 35.83606249999999,
            "lon": 129.2094375,
            "routeSnapMeters": null,
            "locationText": "경주시 포석로 1063"
          },
          {
            "sequence": null,
            "placeId": "j105",
            "name": "사가소",
            "category": "books",
            "lat": 35.8388356586,
            "lon": 129.2097422267,
            "routeSnapMeters": null,
            "locationText": "경주시 포석로 1095 1층 2호"
          },
          {
            "sequence": null,
            "placeId": "j106",
            "name": "심상",
            "category": "books",
            "lat": 35.8360222057,
            "lon": 129.2094694167,
            "routeSnapMeters": null,
            "locationText": "경주시 포석로 1063"
          },
          {
            "sequence": null,
            "placeId": "j96",
            "name": "디스모먼트",
            "category": "books",
            "lat": 35.8365625,
            "lon": 129.2084375,
            "routeSnapMeters": null,
            "locationText": "경주시 사정로50번길 2"
          },
          {
            "sequence": null,
            "placeId": "j84",
            "name": "최영화빵 황리단점",
            "category": "market",
            "lat": 35.838964936,
            "lon": 129.2097679454,
            "routeSnapMeters": null,
            "locationText": "경주시 포석로1095번길 2"
          },
          {
            "sequence": null,
            "placeId": "j104",
            "name": "하우해브유빈",
            "category": "books",
            "lat": 35.8361947333,
            "lon": 129.2112579588,
            "routeSnapMeters": null,
            "locationText": "경주시 포석로1068번길 15 1층"
          },
          {
            "sequence": null,
            "placeId": "j143",
            "name": "료미",
            "category": "food",
            "lat": 35.83561062,
            "lon": 129.20974176,
            "routeSnapMeters": null,
            "locationText": "경주시 포석로 1058-1"
          },
          {
            "sequence": null,
            "placeId": "j38",
            "name": "스컹크웍스",
            "category": "cafe",
            "lat": 35.8355972750305,
            "lon": 129.210037456348,
            "routeSnapMeters": null,
            "locationText": "경주시 포석로 1058-3"
          },
          {
            "sequence": null,
            "placeId": "j129",
            "name": "고유한우국밥",
            "category": "food",
            "lat": 35.8356249,
            "lon": 129.2106933,
            "routeSnapMeters": null,
            "locationText": "경주시 포석로 1058-13"
          },
          {
            "sequence": null,
            "placeId": "j173",
            "name": "바이닐바이브",
            "category": "cafe",
            "lat": 35.83568749999999,
            "lon": 129.2109375,
            "routeSnapMeters": null,
            "locationText": "경주시 첨성로81번길 29 2층"
          },
          {
            "sequence": null,
            "placeId": "j152",
            "name": "향미사",
            "category": "cafe",
            "lat": 35.83905876569267,
            "lon": 129.20838952631127,
            "routeSnapMeters": null,
            "locationText": "경주시 태종로 734 1층"
          },
          {
            "sequence": null,
            "placeId": "j145",
            "name": "단향회",
            "category": "food",
            "lat": 35.8355441,
            "lon": 129.21124921,
            "routeSnapMeters": null,
            "locationText": "경주시 첨성로81번길 28-1"
          },
          {
            "sequence": null,
            "placeId": "j111",
            "name": "황리화덕가",
            "category": "food",
            "lat": 35.8356716,
            "lon": 129.2083487,
            "routeSnapMeters": null,
            "locationText": "경주시 사정로50번길 12"
          },
          {
            "sequence": null,
            "placeId": "j162",
            "name": "조르바",
            "category": "cafe",
            "lat": 35.83949542804954,
            "lon": 129.2087513188813,
            "routeSnapMeters": null,
            "locationText": "경주시 태종로 735 2층"
          },
          {
            "sequence": null,
            "placeId": "j81",
            "name": "신라대종",
            "category": "experience",
            "lat": 35.8404375,
            "lon": 129.2119375,
            "routeSnapMeters": null,
            "locationText": "경주시 태종로 767 · 신라대종 광장"
          },
          {
            "sequence": null,
            "placeId": "j40",
            "name": "황남빵",
            "category": "market",
            "lat": 35.8408398161359,
            "lon": 129.21364442351,
            "routeSnapMeters": null,
            "locationText": "경주시 태종로 783 · 본점 대표점"
          },
          {
            "sequence": null,
            "placeId": "j110",
            "name": "도미",
            "category": "food",
            "lat": 35.8407627,
            "lon": 129.2117655,
            "routeSnapMeters": null,
            "locationText": "경주시 중앙로 10"
          },
          {
            "sequence": null,
            "placeId": "j109",
            "name": "료코",
            "category": "food",
            "lat": 35.8352845,
            "lon": 129.2127376,
            "routeSnapMeters": null,
            "locationText": "경주시 첨성로99번길 24"
          },
          {
            "sequence": null,
            "placeId": "j117",
            "name": "황남두꺼비",
            "category": "food",
            "lat": 35.8344892,
            "lon": 129.2109096,
            "routeSnapMeters": null,
            "locationText": "경주시 포석로1050번길 16"
          },
          {
            "sequence": null,
            "placeId": "j147",
            "name": "신라제면",
            "category": "food",
            "lat": 35.83509942,
            "lon": 129.21236334,
            "routeSnapMeters": null,
            "locationText": "경주시 첨성로81번길 22-11"
          },
          {
            "sequence": null,
            "placeId": "j103",
            "name": "미피스토어 경주",
            "category": "books",
            "lat": 35.8342864664,
            "lon": 129.2095850345,
            "routeSnapMeters": null,
            "locationText": "경주시 포석로 1046 1층"
          },
          {
            "sequence": null,
            "placeId": "j153",
            "name": "커피플레이스 노동점",
            "category": "cafe",
            "lat": 35.841436092258704,
            "lon": 129.21179744929205,
            "routeSnapMeters": null,
            "locationText": "경주시 중앙로 18 1층"
          },
          {
            "sequence": null,
            "placeId": "j83",
            "name": "최영화빵 본점",
            "category": "market",
            "lat": 35.8415724334,
            "lon": 129.2153512812,
            "routeSnapMeters": null,
            "locationText": "경주시 북정로 6-1"
          },
          {
            "sequence": null,
            "placeId": "j39",
            "name": "카페 오버랩",
            "category": "cafe",
            "lat": 35.8398432115293,
            "lon": 129.206300993078,
            "routeSnapMeters": null,
            "locationText": "경주시 금성로247번길 8"
          },
          {
            "sequence": null,
            "placeId": "j107",
            "name": "화목토",
            "category": "books",
            "lat": 35.8343458152,
            "lon": 129.2138003181,
            "routeSnapMeters": null,
            "locationText": "경주시 포석로1050번길 39"
          },
          {
            "sequence": null,
            "placeId": "j108",
            "name": "라이팅룸",
            "category": "books",
            "lat": 35.8420524368,
            "lon": 129.2129698896,
            "routeSnapMeters": null,
            "locationText": "경주시 원효로 109-1 1층"
          },
          {
            "sequence": null,
            "placeId": "j55",
            "name": "두낫디스터브 베이커스 경주",
            "category": "cafe",
            "lat": 35.8331875,
            "lon": 129.2103125,
            "routeSnapMeters": null,
            "locationText": "경주시 첨성로 71-1"
          },
          {
            "sequence": null,
            "placeId": "j114",
            "name": "복길",
            "category": "food",
            "lat": 35.8331762,
            "lon": 129.209988,
            "routeSnapMeters": null,
            "locationText": "경주시 첨성로 71"
          },
          {
            "sequence": null,
            "placeId": "j88",
            "name": "이상복명과 본점",
            "category": "market",
            "lat": 35.8331692411,
            "lon": 129.2087971932,
            "routeSnapMeters": null,
            "locationText": "경주시 첨성로 61"
          },
          {
            "sequence": null,
            "placeId": "j100",
            "name": "너른벽",
            "category": "books",
            "lat": 35.842646323,
            "lon": 129.2151642564,
            "routeSnapMeters": null,
            "locationText": "경주시 북정로 19 1층"
          },
          {
            "sequence": null,
            "placeId": "j42",
            "name": "경주원조콩국",
            "category": "food",
            "lat": 35.8334528343,
            "lon": 129.2147315243,
            "routeSnapMeters": null,
            "locationText": "경주시 첨성로 113"
          },
          {
            "sequence": null,
            "placeId": "j86",
            "name": "이상복경주빵 본가",
            "category": "market",
            "lat": 35.8358718652,
            "lon": 129.2193842976,
            "routeSnapMeters": null,
            "locationText": "경주시 첨성로 169"
          },
          {
            "sequence": null,
            "placeId": "j164",
            "name": "바넘커피",
            "category": "cafe",
            "lat": 35.83692785665329,
            "lon": 129.22016618147987,
            "routeSnapMeters": null,
            "locationText": "경주시 원화로 178-4"
          },
          {
            "sequence": null,
            "placeId": "j1",
            "name": "첨성대",
            "category": "culture",
            "lat": 35.834714812336,
            "lon": 129.219000182596,
            "routeSnapMeters": null,
            "locationText": "경주시 인왕동 839-1 · 시내 유적권"
          }
        ],
        "distanceMeters": 5707,
        "walkingDistanceMeters": 5707,
        "walkingMinutes": 76,
        "legMetrics": [
          {
            "from": "황리단길",
            "to": "미피스토어 경주",
            "meters": 393,
            "minutes": 5
          },
          {
            "from": "미피스토어 경주",
            "to": "제로스페이스 경주",
            "meters": 421,
            "minutes": 6
          },
          {
            "from": "제로스페이스 경주",
            "to": "스컹크웍스",
            "meters": 329,
            "minutes": 4
          },
          {
            "from": "스컹크웍스",
            "to": "소향몽",
            "meters": 325,
            "minutes": 4
          },
          {
            "from": "소향몽",
            "to": "대릉원",
            "meters": 754,
            "minutes": 10
          },
          {
            "from": "대릉원",
            "to": "첨성대",
            "meters": 873,
            "minutes": 12
          },
          {
            "from": "첨성대",
            "to": "동궁과 월지",
            "meters": 1116,
            "minutes": 15
          },
          {
            "from": "동궁과 월지",
            "to": "경주원조콩국",
            "meters": 1496,
            "minutes": 20
          }
        ],
        "cafeCount": 1,
        "meals": [
          {
            "slot": "점심",
            "sequence": 5,
            "mapPin": false,
            "name": "소향몽",
            "placeId": "j142",
            "lat": 35.83784822,
            "lon": 129.20933685,
            "locationText": "경주시 사정로57번길 16 1층",
            "placement": "점심 · 보행 동선 중",
            "menu": "육회비빔밥",
            "price": "17,000원",
            "hours": "매일 11:00–15:00 / 17:00–21:00 · 브레이크: 15:00–17:00",
            "source": "https://www.diningcode.com/profile.php?rid=jWukVMJerlqJ",
            "checkedAt": "2026-10-06"
          },
          {
            "slot": "저녁",
            "sequence": 9,
            "mapPin": false,
            "name": "경주원조콩국",
            "placeId": "j42",
            "lat": 35.8334528343,
            "lon": 129.2147315243,
            "locationText": "경주시 첨성로 113",
            "placement": "저녁 · 보행 동선 중",
            "menu": "따뜻한 콩국 1",
            "price": "8,000원",
            "hours": "월~토 09:00~19:45, 일요일 휴무. 브레이크 10:30~11:30; 오후 브레이크는 시 16:30~17:00와 관광 사이트 16:00~17:30이 충돌.",
            "source": "https://visitgyeongju.or.kr/kr/cuisine/view/535f40400605094c0949044347514a414d",
            "checkedAt": "2026-10-06"
          }
        ],
        "busLegs": [],
        "busRides": 0,
        "originArea": "경주 시내 숙소권",
        "checkedAt": "2026-10-07",
        "walkingProvider": "fossgis-osrm-foot",
        "walkingSource": "FOSSGIS OSRM foot · OpenStreetMap · 2026-10-07",
        "walkingRouteUrl": "https://www.openstreetmap.org/directions?engine=fossgis_osrm_foot&route=35.8374081139238,129.209953809161;35.8342864664,129.2095850345;35.8375625,129.2103125;35.8355972750305,129.210037456348;35.83784822,129.20933685;35.838191058762,129.213333992314;35.834714812336,129.219000182596;35.8347762643542,129.226975518857;35.8334528343,129.2147315243",
        "profile": "foot",
        "sourceUrl": "https://www.openstreetmap.org/directions?engine=fossgis_osrm_foot&route=35.8374081139238,129.209953809161;35.8342864664,129.2095850345;35.8375625,129.2103125;35.8355972750305,129.210037456348;35.83784822,129.20933685;35.838191058762,129.213333992314;35.834714812336,129.219000182596;35.8347762643542,129.226975518857;35.8334528343,129.2147315243",
        "maxPlaceSnapMeters": 47,
        "accessNotes": [],
        "unverifiedAccess": [],
        "returnTransitChecked": false,
        "hoursAreDaySpecific": false,
        "startTime": "10:00",
        "breakfastRule": "10:00 출발 기준. 09:00 이전 출발이면 시내에서 아침 식사 후 합류.",
        "note": "시내에서 10:00 출발 기준이라 아침은 넣지 않았습니다. 09:00 이전 출발로 바꾸면 시내 식당에서 아침을 먹고 시작하세요. 보행망 거리 약 5.71km · 걷기 약 76분(방문·식사·대기 제외).",
        "routeRule": "관광·시장·책방 등 비식사 장소의 진행 방향을 먼저 정한 뒤, 그 보행선에서 크게 벗어나지 않는 식당·카페를 삽입. 카페 최대 2곳.",
        "routeFlowNote": null,
        "optionalVisitNotes": [],
        "busRidesNote": "시내권 도보 코스; 숙소별 접근은 별도.",
        "mapData": "© OpenStreetMap contributors"
      }
    },
    {
      "type": "Feature",
      "id": "gyeongju-wolseong",
      "geometry": {
        "type": "MultiLineString",
        "coordinates": [
          [
            [
              129.226467,
              35.834696
            ],
            [
              129.226494,
              35.834431
            ],
            [
              129.22653,
              35.83443
            ],
            [
              129.226589,
              35.834039
            ],
            [
              129.226668,
              35.833842
            ],
            [
              129.226696,
              35.833742
            ],
            [
              129.226718,
              35.833515
            ],
            [
              129.226753,
              35.833478
            ],
            [
              129.226765,
              35.833382
            ],
            [
              129.226761,
              35.833305
            ],
            [
              129.226651,
              35.833295
            ],
            [
              129.226501,
              35.833273
            ],
            [
              129.226397,
              35.833328
            ],
            [
              129.225735,
              35.833702
            ],
            [
              129.225458,
              35.833857
            ],
            [
              129.223868,
              35.834745
            ],
            [
              129.223666,
              35.834858
            ],
            [
              129.223062,
              35.835196
            ],
            [
              129.22253,
              35.835493
            ],
            [
              129.222434,
              35.835547
            ],
            [
              129.222017,
              35.835784
            ],
            [
              129.221878,
              35.835869
            ],
            [
              129.221644,
              35.836004
            ],
            [
              129.221487,
              35.836095
            ],
            [
              129.221279,
              35.836208
            ],
            [
              129.220151,
              35.836851
            ],
            [
              129.220113,
              35.836878
            ]
          ],
          [
            [
              129.220113,
              35.836878
            ],
            [
              129.219535,
              35.837278
            ],
            [
              129.219441,
              35.83723
            ],
            [
              129.21935,
              35.837187
            ],
            [
              129.219581,
              35.837002
            ],
            [
              129.219398,
              35.836414
            ],
            [
              129.219241,
              35.836394
            ],
            [
              129.218953,
              35.836371
            ],
            [
              129.218997,
              35.835755
            ],
            [
              129.218465,
              35.835724
            ],
            [
              129.21846,
              35.835665
            ],
            [
              129.218436,
              35.835341
            ],
            [
              129.218332,
              35.834933
            ],
            [
              129.218362,
              35.834273
            ],
            [
              129.218538,
              35.834291
            ],
            [
              129.218589,
              35.834305
            ],
            [
              129.218637,
              35.834397
            ],
            [
              129.218749,
              35.834474
            ],
            [
              129.218744,
              35.834564
            ],
            [
              129.218708,
              35.83464
            ],
            [
              129.218734,
              35.834743
            ],
            [
              129.218783,
              35.834842
            ],
            [
              129.21891,
              35.834896
            ],
            [
              129.218995,
              35.834897
            ]
          ],
          [
            [
              129.218995,
              35.834897
            ],
            [
              129.21891,
              35.834896
            ],
            [
              129.218783,
              35.834842
            ],
            [
              129.218734,
              35.834743
            ],
            [
              129.218708,
              35.83464
            ],
            [
              129.218744,
              35.834564
            ],
            [
              129.218749,
              35.834474
            ],
            [
              129.218637,
              35.834397
            ],
            [
              129.218589,
              35.834305
            ],
            [
              129.218538,
              35.834291
            ],
            [
              129.218362,
              35.834273
            ],
            [
              129.217957,
              35.834244
            ],
            [
              129.217691,
              35.834248
            ],
            [
              129.217467,
              35.834265
            ],
            [
              129.217302,
              35.834297
            ],
            [
              129.217152,
              35.834355
            ],
            [
              129.217034,
              35.83444
            ],
            [
              129.216925,
              35.83454
            ],
            [
              129.216801,
              35.83467
            ],
            [
              129.216692,
              35.834778
            ],
            [
              129.216592,
              35.834873
            ],
            [
              129.216318,
              35.835125
            ],
            [
              129.216029,
              35.834931
            ],
            [
              129.215903,
              35.834831
            ],
            [
              129.215856,
              35.834794
            ],
            [
              129.215747,
              35.834687
            ],
            [
              129.215738,
              35.834669
            ],
            [
              129.215482,
              35.834171
            ],
            [
              129.215177,
              35.834186
            ],
            [
              129.214985,
              35.834197
            ],
            [
              129.214834,
              35.834205
            ],
            [
              129.21473,
              35.833814
            ],
            [
              129.214683,
              35.833633
            ],
            [
              129.214626,
              35.833479
            ]
          ],
          [
            [
              129.214626,
              35.833479
            ],
            [
              129.21461,
              35.833437
            ],
            [
              129.214525,
              35.833205
            ],
            [
              129.214415,
              35.833199
            ],
            [
              129.214183,
              35.832989
            ],
            [
              129.214166,
              35.832852
            ],
            [
              129.214161,
              35.832815
            ],
            [
              129.214097,
              35.832336
            ],
            [
              129.214086,
              35.832256
            ],
            [
              129.214082,
              35.832222
            ],
            [
              129.21406,
              35.831837
            ],
            [
              129.214072,
              35.831626
            ],
            [
              129.214148,
              35.831256
            ],
            [
              129.214197,
              35.831047
            ],
            [
              129.214346,
              35.830408
            ],
            [
              129.214743,
              35.830482
            ],
            [
              129.214834,
              35.830172
            ],
            [
              129.214918,
              35.830184
            ],
            [
              129.215412,
              35.830265
            ],
            [
              129.21548,
              35.830261
            ],
            [
              129.215515,
              35.830221
            ],
            [
              129.215552,
              35.830048
            ],
            [
              129.215871,
              35.830158
            ],
            [
              129.216023,
              35.830208
            ],
            [
              129.216088,
              35.830103
            ],
            [
              129.216248,
              35.829754
            ],
            [
              129.216401,
              35.829785
            ],
            [
              129.216394,
              35.829586
            ],
            [
              129.216386,
              35.829091
            ],
            [
              129.216386,
              35.829041
            ],
            [
              129.21639,
              35.828961
            ],
            [
              129.216778,
              35.828973
            ],
            [
              129.217038,
              35.828956
            ],
            [
              129.217204,
              35.82894
            ],
            [
              129.217395,
              35.82891
            ],
            [
              129.217561,
              35.828884
            ],
            [
              129.217698,
              35.828856
            ],
            [
              129.217792,
              35.828821
            ],
            [
              129.217859,
              35.82878
            ],
            [
              129.217891,
              35.828758
            ],
            [
              129.21792,
              35.828738
            ],
            [
              129.217985,
              35.828714
            ],
            [
              129.218068,
              35.828708
            ],
            [
              129.21813,
              35.82871
            ],
            [
              129.218131,
              35.828789
            ],
            [
              129.218132,
              35.82893
            ],
            [
              129.218132,
              35.828944
            ],
            [
              129.218132,
              35.82895
            ],
            [
              129.218138,
              35.8293
            ]
          ],
          [
            [
              129.218138,
              35.8293
            ],
            [
              129.218132,
              35.82895
            ],
            [
              129.218132,
              35.828944
            ],
            [
              129.218132,
              35.82893
            ],
            [
              129.218131,
              35.828789
            ],
            [
              129.21813,
              35.82871
            ],
            [
              129.218068,
              35.828708
            ],
            [
              129.217985,
              35.828714
            ],
            [
              129.21792,
              35.828738
            ],
            [
              129.217891,
              35.828758
            ],
            [
              129.217859,
              35.82878
            ],
            [
              129.217792,
              35.828821
            ],
            [
              129.217698,
              35.828856
            ],
            [
              129.217561,
              35.828884
            ],
            [
              129.217395,
              35.82891
            ],
            [
              129.217204,
              35.82894
            ],
            [
              129.217038,
              35.828956
            ],
            [
              129.216778,
              35.828973
            ],
            [
              129.21639,
              35.828961
            ],
            [
              129.216386,
              35.829041
            ],
            [
              129.216386,
              35.829091
            ],
            [
              129.216394,
              35.829586
            ],
            [
              129.216401,
              35.829785
            ],
            [
              129.216248,
              35.829754
            ],
            [
              129.216088,
              35.830103
            ],
            [
              129.216023,
              35.830208
            ],
            [
              129.215871,
              35.830158
            ],
            [
              129.215552,
              35.830048
            ],
            [
              129.215072,
              35.82989
            ],
            [
              129.215019,
              35.829839
            ],
            [
              129.214933,
              35.829808
            ],
            [
              129.214661,
              35.82976
            ]
          ],
          [
            [
              129.214661,
              35.82976
            ],
            [
              129.214503,
              35.829732
            ],
            [
              129.214453,
              35.829946
            ],
            [
              129.214346,
              35.830408
            ],
            [
              129.214197,
              35.831047
            ],
            [
              129.214073,
              35.831062
            ],
            [
              129.213894,
              35.831126
            ],
            [
              129.213735,
              35.831207
            ],
            [
              129.213759,
              35.831283
            ],
            [
              129.213748,
              35.831381
            ],
            [
              129.213708,
              35.831472
            ],
            [
              129.213633,
              35.831589
            ],
            [
              129.213587,
              35.831759
            ],
            [
              129.21351,
              35.832072
            ],
            [
              129.213454,
              35.832277
            ],
            [
              129.213185,
              35.832209
            ],
            [
              129.213008,
              35.83222
            ],
            [
              129.21285,
              35.832237
            ],
            [
              129.212662,
              35.832268
            ],
            [
              129.212426,
              35.832329
            ],
            [
              129.212211,
              35.832398
            ],
            [
              129.211959,
              35.832481
            ],
            [
              129.211782,
              35.83257
            ],
            [
              129.21164,
              35.832613
            ],
            [
              129.211281,
              35.832679
            ],
            [
              129.21116,
              35.832709
            ],
            [
              129.211122,
              35.832764
            ],
            [
              129.211144,
              35.832864
            ],
            [
              129.211187,
              35.833077
            ],
            [
              129.210411,
              35.833049
            ],
            [
              129.209996,
              35.833033
            ]
          ]
        ]
      },
      "properties": {
        "id": "gyeongju-wolseong",
        "region": "gyeongju",
        "themeId": "wolseong",
        "title": "첨성대·교촌·월정교",
        "description": "동궁과 월지에서 서쪽으로 첨성대·월정교·교촌을 잇는 유적 산책",
        "stops": [
          {
            "sequence": 1,
            "placeId": "j2",
            "name": "동궁과 월지",
            "category": "culture",
            "lat": 35.8347762643542,
            "lon": 129.226975518857,
            "routeSnapMeters": 47,
            "locationText": "경주시 원화로 102 · 시내 유적권",
            "scheduleText": "경주시 관광 안내 09:00~22:00, 입장 마감 21:30. 방문일 재확인",
            "priceInfo": {
              "label": "일반 입장료",
              "price": "성인 3,000원",
              "checked": "2026-10-06",
              "source": "https://www.gyeongju.go.kr/tour/page.do?area_uid=50&cmd=2&code_uid=1012&mnu_uid=4716",
              "note": "청소년 2,000원·어린이 1,000원. 발권·입장 마감 21:30."
            },
            "mealRole": null
          },
          {
            "sequence": 2,
            "placeId": "j164",
            "name": "바넘커피",
            "category": "cafe",
            "lat": 35.83692785665329,
            "lon": 129.22016618147987,
            "routeSnapMeters": 7,
            "locationText": "경주시 원화로 178-4",
            "scheduleText": "테이블링은 월~토 10:00~22:00, 일요일 10:00~18:00로 안내합니다. 다이닝코드의 화요일 19:00 마감 안내와 차이가 있으므로 방문일에 확인하세요.",
            "priceInfo": {
              "label": "카이막",
              "price": "9,900원",
              "source": "https://www.tabling.co.kr/place/677cd05b66de5f069885ec09",
              "checked": "2026-10-06",
              "note": "테이블링은 치즈케이크 6,900원, 에스프레소 콘파냐 5,400원으로 안내합니다. 카카오맵은 3.5점·후기 49건, Google 지도는 4.5점·후기 66건입니다."
            },
            "mealRole": "cafe"
          },
          {
            "sequence": 3,
            "placeId": "j1",
            "name": "첨성대",
            "category": "culture",
            "lat": 35.834714812336,
            "lon": 129.219000182596,
            "routeSnapMeters": 20,
            "locationText": "경주시 인왕동 839-1 · 시내 유적권",
            "scheduleText": "경주시 관광 안내 09:00~22:00, 동절기 21:00까지. 앱은 21:00로 보수적으로 계산",
            "priceInfo": {
              "label": "첨성대 외부 관람",
              "price": "무료",
              "checked": "2026-10-06",
              "source": "https://www.gyeongju.go.kr/tour/page.do?area_uid=47&cmd=2&code_uid=1012&mnu_uid=4716"
            },
            "mealRole": null
          },
          {
            "sequence": 4,
            "placeId": "j42",
            "name": "경주원조콩국",
            "category": "food",
            "lat": 35.8334528343,
            "lon": 129.2147315243,
            "routeSnapMeters": 10,
            "locationText": "경주시 첨성로 113",
            "scheduleText": "월~토 09:00~19:45, 일요일 휴무. 브레이크 10:30~11:30; 오후 브레이크는 시 16:30~17:00와 관광 사이트 16:00~17:30이 충돌.",
            "priceInfo": {
              "label": "따뜻한 콩국 1",
              "price": "8,000원",
              "checked": "2026-10-06",
              "source": "https://visitgyeongju.or.kr/kr/cuisine/view/535f40400605094c0949044347514a414d",
              "note": "관광 사이트 가격. 다이닝코드 9,000원과 충돌. 콩국수 9,000원/10,000원도 출처별 차이."
            },
            "mealRole": "lunch"
          },
          {
            "sequence": 5,
            "placeId": "j5",
            "name": "월정교",
            "category": "culture",
            "lat": 35.8292995462011,
            "lon": 129.218121296919,
            "routeSnapMeters": 2,
            "locationText": "경주시 교동 · 다리 대표점",
            "scheduleText": "교량 09:00~22:00. 문루 전시관은 10:00부터 운영하며 종료시간은 별도 확인.",
            "priceInfo": {
              "label": "교량·문루 전시관",
              "price": "무료",
              "checked": "2026-10-06",
              "source": "https://www.gyeongju.go.kr/tour/page.do?area_uid=49&cmd=2&code_uid=1012&mnu_uid=4716"
            },
            "mealRole": null
          },
          {
            "sequence": 6,
            "placeId": "j6",
            "name": "교촌한옥마을",
            "category": "culture",
            "lat": 35.8296330738302,
            "lon": 129.214695038002,
            "routeSnapMeters": 14,
            "locationText": "경주시 교동 · 마을 대표점",
            "scheduleText": "마을 거리는 정해진 개폐시간 없음. 체험장 다수는 09:00~18:00이나 각 시설별로 다름.",
            "priceInfo": {
              "label": "마을 거리 산책",
              "price": "무료",
              "checked": "2026-10-06",
              "source": "https://www.gyeongju.go.kr/tour/page.do?mnu_uid=4758",
              "note": "개별 고택·체험·식음료 요금은 별도."
            },
            "mealRole": null
          },
          {
            "sequence": 7,
            "placeId": "j114",
            "name": "복길",
            "category": "food",
            "lat": 35.8331762,
            "lon": 129.209988,
            "routeSnapMeters": 16,
            "locationText": "경주시 첨성로 71",
            "scheduleText": "조회 주간 매일 10:30~21:00, 16:00~17:00 브레이크.",
            "priceInfo": {
              "label": "전복솥밥",
              "price": "17,000원",
              "checked": "2026-10-06",
              "source": "https://place.map.kakao.com/1055466429",
              "note": "전복죽 17,000원도 카카오 메뉴 게시값."
            },
            "mealRole": "dinner"
          }
        ],
        "stopCount": 7,
        "walkStopCount": 7,
        "placePoolCount": 36,
        "placePool": [
          {
            "sequence": null,
            "placeId": "j72",
            "name": "경주향교",
            "category": "culture",
            "lat": 35.8311875,
            "lon": 129.2169375,
            "routeSnapMeters": null,
            "locationText": "경주시 교촌안길 27-20"
          },
          {
            "sequence": null,
            "placeId": "j6",
            "name": "교촌한옥마을",
            "category": "culture",
            "lat": 35.8296330738302,
            "lon": 129.214695038002,
            "routeSnapMeters": null,
            "locationText": "경주시 교동 · 마을 대표점"
          },
          {
            "sequence": null,
            "placeId": "j5",
            "name": "월정교",
            "category": "culture",
            "lat": 35.8292995462011,
            "lon": 129.218121296919,
            "routeSnapMeters": null,
            "locationText": "경주시 교동 · 다리 대표점"
          },
          {
            "sequence": null,
            "placeId": "j1",
            "name": "첨성대",
            "category": "culture",
            "lat": 35.834714812336,
            "lon": 129.219000182596,
            "routeSnapMeters": null,
            "locationText": "경주시 인왕동 839-1 · 시내 유적권"
          },
          {
            "sequence": null,
            "placeId": "j86",
            "name": "이상복경주빵 본가",
            "category": "market",
            "lat": 35.8358718652,
            "lon": 129.2193842976,
            "routeSnapMeters": null,
            "locationText": "경주시 첨성로 169"
          },
          {
            "sequence": null,
            "placeId": "j164",
            "name": "바넘커피",
            "category": "cafe",
            "lat": 35.83692785665329,
            "lon": 129.22016618147987,
            "routeSnapMeters": null,
            "locationText": "경주시 원화로 178-4"
          },
          {
            "sequence": null,
            "placeId": "j42",
            "name": "경주원조콩국",
            "category": "food",
            "lat": 35.8334528343,
            "lon": 129.2147315243,
            "routeSnapMeters": null,
            "locationText": "경주시 첨성로 113"
          },
          {
            "sequence": null,
            "placeId": "j148",
            "name": "늘곰탕",
            "category": "food",
            "lat": 35.8288561,
            "lon": 129.20984528,
            "routeSnapMeters": null,
            "locationText": "경주시 포석로 986 1층 (황남동 467)"
          },
          {
            "sequence": null,
            "placeId": "j107",
            "name": "화목토",
            "category": "books",
            "lat": 35.8343458152,
            "lon": 129.2138003181,
            "routeSnapMeters": null,
            "locationText": "경주시 포석로1050번길 39"
          },
          {
            "sequence": null,
            "placeId": "j55",
            "name": "두낫디스터브 베이커스 경주",
            "category": "cafe",
            "lat": 35.8331875,
            "lon": 129.2103125,
            "routeSnapMeters": null,
            "locationText": "경주시 첨성로 71-1"
          },
          {
            "sequence": null,
            "placeId": "j109",
            "name": "료코",
            "category": "food",
            "lat": 35.8352845,
            "lon": 129.2127376,
            "routeSnapMeters": null,
            "locationText": "경주시 첨성로99번길 24"
          },
          {
            "sequence": null,
            "placeId": "j114",
            "name": "복길",
            "category": "food",
            "lat": 35.8331762,
            "lon": 129.209988,
            "routeSnapMeters": null,
            "locationText": "경주시 첨성로 71"
          },
          {
            "sequence": null,
            "placeId": "j147",
            "name": "신라제면",
            "category": "food",
            "lat": 35.83509942,
            "lon": 129.21236334,
            "routeSnapMeters": null,
            "locationText": "경주시 첨성로81번길 22-11"
          },
          {
            "sequence": null,
            "placeId": "j117",
            "name": "황남두꺼비",
            "category": "food",
            "lat": 35.8344892,
            "lon": 129.2109096,
            "routeSnapMeters": null,
            "locationText": "경주시 포석로1050번길 16"
          },
          {
            "sequence": null,
            "placeId": "j4",
            "name": "대릉원",
            "category": "culture",
            "lat": 35.838191058762,
            "lon": 129.213333992314,
            "routeSnapMeters": null,
            "locationText": "경주시 황남동 · 유적 전체의 대표점"
          },
          {
            "sequence": null,
            "placeId": "j88",
            "name": "이상복명과 본점",
            "category": "market",
            "lat": 35.8331692411,
            "lon": 129.2087971932,
            "routeSnapMeters": null,
            "locationText": "경주시 첨성로 61"
          },
          {
            "sequence": null,
            "placeId": "j103",
            "name": "미피스토어 경주",
            "category": "books",
            "lat": 35.8342864664,
            "lon": 129.2095850345,
            "routeSnapMeters": null,
            "locationText": "경주시 포석로 1046 1층"
          },
          {
            "sequence": null,
            "placeId": "j145",
            "name": "단향회",
            "category": "food",
            "lat": 35.8355441,
            "lon": 129.21124921,
            "routeSnapMeters": null,
            "locationText": "경주시 첨성로81번길 28-1"
          },
          {
            "sequence": null,
            "placeId": "j104",
            "name": "하우해브유빈",
            "category": "books",
            "lat": 35.8361947333,
            "lon": 129.2112579588,
            "routeSnapMeters": null,
            "locationText": "경주시 포석로1068번길 15 1층"
          },
          {
            "sequence": null,
            "placeId": "j2",
            "name": "동궁과 월지",
            "category": "culture",
            "lat": 35.8347762643542,
            "lon": 129.226975518857,
            "routeSnapMeters": null,
            "locationText": "경주시 원화로 102 · 시내 유적권"
          },
          {
            "sequence": null,
            "placeId": "j173",
            "name": "바이닐바이브",
            "category": "cafe",
            "lat": 35.83568749999999,
            "lon": 129.2109375,
            "routeSnapMeters": null,
            "locationText": "경주시 첨성로81번길 29 2층"
          },
          {
            "sequence": null,
            "placeId": "j129",
            "name": "고유한우국밥",
            "category": "food",
            "lat": 35.8356249,
            "lon": 129.2106933,
            "routeSnapMeters": null,
            "locationText": "경주시 포석로 1058-13"
          },
          {
            "sequence": null,
            "placeId": "j99",
            "name": "책방무제",
            "category": "books",
            "lat": 35.8364397968,
            "lon": 129.2106716507,
            "routeSnapMeters": null,
            "locationText": "경주시 포석로1068번길 9"
          },
          {
            "sequence": null,
            "placeId": "j38",
            "name": "스컹크웍스",
            "category": "cafe",
            "lat": 35.8355972750305,
            "lon": 129.210037456348,
            "routeSnapMeters": null,
            "locationText": "경주시 포석로 1058-3"
          },
          {
            "sequence": null,
            "placeId": "j98",
            "name": "소소밀밀 대릉원점",
            "category": "books",
            "lat": 35.8374375,
            "lon": 129.2108125,
            "routeSnapMeters": null,
            "locationText": "경주시 포석로1092번길 16"
          },
          {
            "sequence": null,
            "placeId": "j143",
            "name": "료미",
            "category": "food",
            "lat": 35.83561062,
            "lon": 129.20974176,
            "routeSnapMeters": null,
            "locationText": "경주시 포석로 1058-1"
          },
          {
            "sequence": null,
            "placeId": "j83",
            "name": "최영화빵 본점",
            "category": "market",
            "lat": 35.8415724334,
            "lon": 129.2153512812,
            "routeSnapMeters": null,
            "locationText": "경주시 북정로 6-1"
          },
          {
            "sequence": null,
            "placeId": "j40",
            "name": "황남빵",
            "category": "market",
            "lat": 35.8408398161359,
            "lon": 129.21364442351,
            "routeSnapMeters": null,
            "locationText": "경주시 태종로 783 · 본점 대표점"
          },
          {
            "sequence": null,
            "placeId": "j95",
            "name": "제로스페이스 경주",
            "category": "books",
            "lat": 35.8375625,
            "lon": 129.2103125,
            "routeSnapMeters": null,
            "locationText": "경주시 손효자길 17-2"
          },
          {
            "sequence": null,
            "placeId": "j106",
            "name": "심상",
            "category": "books",
            "lat": 35.8360222057,
            "lon": 129.2094694167,
            "routeSnapMeters": null,
            "locationText": "경주시 포석로 1063"
          },
          {
            "sequence": null,
            "placeId": "j85",
            "name": "경주약과방",
            "category": "market",
            "lat": 35.8366875,
            "lon": 129.2098125,
            "routeSnapMeters": null,
            "locationText": "경주시 포석로 1074 북편동 1층"
          },
          {
            "sequence": null,
            "placeId": "j166",
            "name": "가배향주",
            "category": "cafe",
            "lat": 35.83606249999999,
            "lon": 129.2094375,
            "routeSnapMeters": null,
            "locationText": "경주시 포석로 1063"
          },
          {
            "sequence": null,
            "placeId": "j89",
            "name": "황남우엉김밥",
            "category": "market",
            "lat": 35.8367556411,
            "lon": 129.2097641887,
            "routeSnapMeters": null,
            "locationText": "경주시 포석로 1074 남편동 1층"
          },
          {
            "sequence": null,
            "placeId": "j3",
            "name": "황리단길",
            "category": "market",
            "lat": 35.8374081139238,
            "lon": 129.209953809161,
            "routeSnapMeters": null,
            "locationText": "경주시 포석로 1080 일대 · 거리 대표점"
          },
          {
            "sequence": null,
            "placeId": "j111",
            "name": "황리화덕가",
            "category": "food",
            "lat": 35.8356716,
            "lon": 129.2083487,
            "routeSnapMeters": null,
            "locationText": "경주시 사정로50번길 12"
          },
          {
            "sequence": null,
            "placeId": "j7",
            "name": "국립경주박물관",
            "category": "culture",
            "lat": 35.8292338953534,
            "lon": 129.227950264925,
            "routeSnapMeters": null,
            "locationText": "경주시 일정로 186"
          }
        ],
        "distanceMeters": 4284,
        "walkingDistanceMeters": 4284,
        "walkingMinutes": 57,
        "legMetrics": [
          {
            "from": "동궁과 월지",
            "to": "바넘커피",
            "meters": 887,
            "minutes": 12
          },
          {
            "from": "바넘커피",
            "to": "첨성대",
            "meters": 612,
            "minutes": 8
          },
          {
            "from": "첨성대",
            "to": "경주원조콩국",
            "meters": 609,
            "minutes": 8
          },
          {
            "from": "경주원조콩국",
            "to": "월정교",
            "meters": 954,
            "minutes": 13
          },
          {
            "from": "월정교",
            "to": "교촌한옥마을",
            "meters": 523,
            "minutes": 7
          },
          {
            "from": "교촌한옥마을",
            "to": "복길",
            "meters": 700,
            "minutes": 9
          }
        ],
        "cafeCount": 1,
        "meals": [
          {
            "slot": "점심",
            "sequence": 4,
            "mapPin": false,
            "name": "경주원조콩국",
            "placeId": "j42",
            "lat": 35.8334528343,
            "lon": 129.2147315243,
            "locationText": "경주시 첨성로 113",
            "placement": "점심 · 보행 동선 중",
            "menu": "따뜻한 콩국 1",
            "price": "8,000원",
            "hours": "월~토 09:00~19:45, 일요일 휴무. 브레이크 10:30~11:30; 오후 브레이크는 시 16:30~17:00와 관광 사이트 16:00~17:30이 충돌.",
            "source": "https://visitgyeongju.or.kr/kr/cuisine/view/535f40400605094c0949044347514a414d",
            "checkedAt": "2026-10-06"
          },
          {
            "slot": "저녁",
            "sequence": 7,
            "mapPin": false,
            "name": "복길",
            "placeId": "j114",
            "lat": 35.8331762,
            "lon": 129.209988,
            "locationText": "경주시 첨성로 71",
            "placement": "저녁 · 보행 동선 중",
            "menu": "전복솥밥",
            "price": "17,000원",
            "hours": "조회 주간 매일 10:30~21:00, 16:00~17:00 브레이크.",
            "source": "https://place.map.kakao.com/1055466429",
            "checkedAt": "2026-10-06"
          }
        ],
        "busLegs": [],
        "busRides": 0,
        "originArea": "경주 시내 숙소권",
        "checkedAt": "2026-10-07",
        "walkingProvider": "fossgis-osrm-foot",
        "walkingSource": "FOSSGIS OSRM foot · OpenStreetMap · 2026-10-07",
        "walkingRouteUrl": "https://www.openstreetmap.org/directions?engine=fossgis_osrm_foot&route=35.8347762643542,129.226975518857;35.83692785665329,129.22016618147987;35.834714812336,129.219000182596;35.8334528343,129.2147315243;35.8292995462011,129.218121296919;35.8296330738302,129.214695038002;35.8331762,129.209988",
        "profile": "foot",
        "sourceUrl": "https://www.openstreetmap.org/directions?engine=fossgis_osrm_foot&route=35.8347762643542,129.226975518857;35.83692785665329,129.22016618147987;35.834714812336,129.219000182596;35.8334528343,129.2147315243;35.8292995462011,129.218121296919;35.8296330738302,129.214695038002;35.8331762,129.209988",
        "maxPlaceSnapMeters": 47,
        "accessNotes": [],
        "unverifiedAccess": [],
        "returnTransitChecked": false,
        "hoursAreDaySpecific": false,
        "startTime": "10:00",
        "breakfastRule": "10:00 출발 기준. 09:00 이전 출발이면 시내에서 아침 식사 후 합류.",
        "note": "시내 유적권 안에서 동쪽에서 서쪽으로 이어갑니다. 10:00 출발 기준이며, 09:00 이전 출발이면 시내 아침을 추가하세요. 보행망 거리 약 4.28km · 걷기 약 57분(방문·식사·대기 제외).",
        "routeRule": "관광·시장·책방 등 비식사 장소의 진행 방향을 먼저 정한 뒤, 그 보행선에서 크게 벗어나지 않는 식당·카페를 삽입. 카페 최대 2곳.",
        "routeFlowNote": null,
        "optionalVisitNotes": [],
        "busRidesNote": "시내권 도보 코스; 숙소별 접근은 별도.",
        "mapData": "© OpenStreetMap contributors"
      }
    },
    {
      "type": "Feature",
      "id": "gyeongju-donggung",
      "geometry": {
        "type": "MultiLineString",
        "coordinates": [
          [
            [
              129.214626,
              35.833479
            ],
            [
              129.214683,
              35.833633
            ],
            [
              129.21473,
              35.833814
            ],
            [
              129.214834,
              35.834205
            ],
            [
              129.214985,
              35.834197
            ],
            [
              129.215177,
              35.834186
            ],
            [
              129.215482,
              35.834171
            ],
            [
              129.215738,
              35.834669
            ],
            [
              129.215747,
              35.834687
            ],
            [
              129.215856,
              35.834794
            ],
            [
              129.215903,
              35.834831
            ],
            [
              129.216029,
              35.834931
            ],
            [
              129.216318,
              35.835125
            ],
            [
              129.216592,
              35.834873
            ],
            [
              129.216692,
              35.834778
            ],
            [
              129.216801,
              35.83467
            ],
            [
              129.216925,
              35.83454
            ],
            [
              129.217034,
              35.83444
            ],
            [
              129.217152,
              35.834355
            ],
            [
              129.217302,
              35.834297
            ],
            [
              129.217467,
              35.834265
            ],
            [
              129.217691,
              35.834248
            ],
            [
              129.217957,
              35.834244
            ],
            [
              129.218362,
              35.834273
            ],
            [
              129.218538,
              35.834291
            ],
            [
              129.218589,
              35.834305
            ],
            [
              129.218889,
              35.834336
            ],
            [
              129.219049,
              35.833689
            ],
            [
              129.219117,
              35.833419
            ],
            [
              129.219278,
              35.833194
            ],
            [
              129.219636,
              35.832647
            ],
            [
              129.21965,
              35.832564
            ],
            [
              129.219757,
              35.832442
            ],
            [
              129.2201,
              35.832048
            ],
            [
              129.220373,
              35.831779
            ],
            [
              129.220478,
              35.831672
            ],
            [
              129.220572,
              35.831599
            ],
            [
              129.220863,
              35.831426
            ],
            [
              129.221098,
              35.831334
            ],
            [
              129.221378,
              35.831296
            ],
            [
              129.221697,
              35.831304
            ],
            [
              129.22222,
              35.831374
            ],
            [
              129.223372,
              35.831568
            ],
            [
              129.224225,
              35.831637
            ],
            [
              129.224855,
              35.83175
            ],
            [
              129.225152,
              35.831907
            ],
            [
              129.225703,
              35.831632
            ],
            [
              129.225794,
              35.831485
            ],
            [
              129.226109,
              35.831293
            ],
            [
              129.226224,
              35.830945
            ],
            [
              129.226169,
              35.830763
            ],
            [
              129.226424,
              35.830503
            ],
            [
              129.22644,
              35.83022
            ],
            [
              129.226442,
              35.830179
            ],
            [
              129.227034,
              35.830263
            ],
            [
              129.227452,
              35.830327
            ],
            [
              129.227844,
              35.830438
            ],
            [
              129.228361,
              35.830659
            ],
            [
              129.228388,
              35.830634
            ],
            [
              129.228417,
              35.830543
            ],
            [
              129.228372,
              35.830444
            ],
            [
              129.228376,
              35.830379
            ],
            [
              129.228173,
              35.830272
            ],
            [
              129.227877,
              35.830115
            ],
            [
              129.22789,
              35.829782
            ],
            [
              129.228283,
              35.829795
            ],
            [
              129.228329,
              35.82907
            ],
            [
              129.227964,
              35.829052
            ]
          ],
          [
            [
              129.227964,
              35.829052
            ],
            [
              129.228329,
              35.82907
            ],
            [
              129.228283,
              35.829795
            ],
            [
              129.22789,
              35.829782
            ],
            [
              129.227877,
              35.830115
            ],
            [
              129.228173,
              35.830272
            ],
            [
              129.228376,
              35.830379
            ],
            [
              129.228372,
              35.830444
            ],
            [
              129.228417,
              35.830543
            ],
            [
              129.228388,
              35.830634
            ],
            [
              129.228469,
              35.830706
            ],
            [
              129.228689,
              35.830969
            ],
            [
              129.228946,
              35.83131
            ],
            [
              129.228906,
              35.831332
            ],
            [
              129.228869,
              35.831357
            ],
            [
              129.228936,
              35.831441
            ],
            [
              129.228943,
              35.831491
            ],
            [
              129.228924,
              35.831542
            ],
            [
              129.228712,
              35.831683
            ],
            [
              129.228758,
              35.831744
            ],
            [
              129.228788,
              35.831782
            ],
            [
              129.228815,
              35.831818
            ],
            [
              129.227002,
              35.832962
            ],
            [
              129.22684,
              35.833062
            ],
            [
              129.226571,
              35.833236
            ],
            [
              129.226501,
              35.833273
            ],
            [
              129.226651,
              35.833295
            ],
            [
              129.226761,
              35.833305
            ],
            [
              129.226765,
              35.833382
            ],
            [
              129.226753,
              35.833478
            ],
            [
              129.226718,
              35.833515
            ],
            [
              129.226696,
              35.833742
            ],
            [
              129.226668,
              35.833842
            ],
            [
              129.226589,
              35.834039
            ],
            [
              129.22653,
              35.83443
            ],
            [
              129.226494,
              35.834431
            ],
            [
              129.226467,
              35.834696
            ]
          ],
          [
            [
              129.226467,
              35.834696
            ],
            [
              129.226494,
              35.834431
            ],
            [
              129.22653,
              35.83443
            ],
            [
              129.226589,
              35.834039
            ],
            [
              129.226668,
              35.833842
            ],
            [
              129.226696,
              35.833742
            ],
            [
              129.226718,
              35.833515
            ],
            [
              129.226753,
              35.833478
            ],
            [
              129.226765,
              35.833382
            ],
            [
              129.226761,
              35.833305
            ],
            [
              129.227268,
              35.833336
            ],
            [
              129.227493,
              35.833339
            ],
            [
              129.227877,
              35.833343
            ],
            [
              129.229009,
              35.833325
            ],
            [
              129.229239,
              35.833321
            ],
            [
              129.229224,
              35.834312
            ],
            [
              129.229211,
              35.835139
            ],
            [
              129.229196,
              35.836082
            ],
            [
              129.229179,
              35.837204
            ],
            [
              129.229155,
              35.838861
            ],
            [
              129.229154,
              35.838914
            ],
            [
              129.22913,
              35.840113
            ],
            [
              129.22913,
              35.840231
            ],
            [
              129.229131,
              35.840616
            ],
            [
              129.229513,
              35.840585
            ],
            [
              129.229659,
              35.840691
            ],
            [
              129.229852,
              35.840693
            ],
            [
              129.230468,
              35.840675
            ],
            [
              129.23068,
              35.840669
            ],
            [
              129.230698,
              35.841192
            ],
            [
              129.230545,
              35.841241
            ],
            [
              129.230515,
              35.841251
            ]
          ],
          [
            [
              129.230515,
              35.841251
            ],
            [
              129.230545,
              35.841241
            ],
            [
              129.230698,
              35.841192
            ],
            [
              129.231706,
              35.840864
            ],
            [
              129.23244,
              35.840657
            ],
            [
              129.232944,
              35.840394
            ],
            [
              129.233291,
              35.84029
            ],
            [
              129.233609,
              35.840267
            ],
            [
              129.233609,
              35.840313
            ],
            [
              129.233609,
              35.840399
            ],
            [
              129.233608,
              35.840478
            ],
            [
              129.233545,
              35.840477
            ],
            [
              129.233545,
              35.840567
            ]
          ],
          [
            [
              129.233545,
              35.840567
            ],
            [
              129.233545,
              35.840477
            ],
            [
              129.233608,
              35.840478
            ],
            [
              129.233609,
              35.840399
            ],
            [
              129.233609,
              35.840313
            ],
            [
              129.233609,
              35.840267
            ],
            [
              129.234875,
              35.840099
            ],
            [
              129.235763,
              35.839931
            ],
            [
              129.236472,
              35.839787
            ],
            [
              129.236569,
              35.839768
            ],
            [
              129.237875,
              35.839519
            ],
            [
              129.238088,
              35.839485
            ],
            [
              129.238193,
              35.839638
            ],
            [
              129.2384,
              35.83977
            ],
            [
              129.238622,
              35.839818
            ],
            [
              129.238749,
              35.839774
            ]
          ],
          [
            [
              129.238749,
              35.839774
            ],
            [
              129.238942,
              35.839707
            ],
            [
              129.239361,
              35.839732
            ],
            [
              129.23953,
              35.839698
            ],
            [
              129.239593,
              35.83967
            ],
            [
              129.239741,
              35.839561
            ],
            [
              129.239882,
              35.839404
            ],
            [
              129.240146,
              35.8394
            ],
            [
              129.240924,
              35.839388
            ],
            [
              129.241632,
              35.839375
            ],
            [
              129.24237,
              35.839388
            ],
            [
              129.24289,
              35.839425
            ],
            [
              129.243043,
              35.839437
            ],
            [
              129.243548,
              35.839477
            ],
            [
              129.244092,
              35.83955
            ],
            [
              129.2445,
              35.839612
            ],
            [
              129.245406,
              35.839747
            ],
            [
              129.246066,
              35.83986
            ],
            [
              129.246565,
              35.839982
            ],
            [
              129.246778,
              35.840042
            ],
            [
              129.247321,
              35.840195
            ],
            [
              129.247496,
              35.840257
            ],
            [
              129.247675,
              35.84033
            ],
            [
              129.248748,
              35.840834
            ],
            [
              129.249186,
              35.841034
            ],
            [
              129.249301,
              35.841086
            ],
            [
              129.249631,
              35.841232
            ],
            [
              129.249932,
              35.841364
            ],
            [
              129.250275,
              35.841516
            ],
            [
              129.250498,
              35.841614
            ],
            [
              129.251274,
              35.841939
            ],
            [
              129.25199,
              35.842242
            ]
          ]
        ]
      },
      "properties": {
        "id": "gyeongju-donggung",
        "region": "gyeongju",
        "themeId": "donggung",
        "title": "동궁과 월지·동쪽 유적",
        "description": "국립경주박물관에서 동궁과 월지, 분황사·왕경숲 방향으로 이어지는 동쪽 유적 코스",
        "stops": [
          {
            "sequence": 1,
            "placeId": "j42",
            "name": "경주원조콩국",
            "category": "food",
            "lat": 35.8334528343,
            "lon": 129.2147315243,
            "routeSnapMeters": 10,
            "locationText": "경주시 첨성로 113",
            "scheduleText": "월~토 09:00~19:45, 일요일 휴무. 브레이크 10:30~11:30; 오후 브레이크는 시 16:30~17:00와 관광 사이트 16:00~17:30이 충돌.",
            "priceInfo": {
              "label": "따뜻한 콩국 1",
              "price": "8,000원",
              "checked": "2026-10-06",
              "source": "https://visitgyeongju.or.kr/kr/cuisine/view/535f40400605094c0949044347514a414d",
              "note": "관광 사이트 가격. 다이닝코드 9,000원과 충돌. 콩국수 9,000원/10,000원도 출처별 차이."
            },
            "mealRole": "lunch"
          },
          {
            "sequence": 2,
            "placeId": "j7",
            "name": "국립경주박물관",
            "category": "culture",
            "lat": 35.8292338953534,
            "lon": 129.227950264925,
            "routeSnapMeters": 20,
            "locationText": "경주시 일정로 186",
            "scheduleText": "10:00~18:00, 입장 17:30 마감. 2026년 3~10월 토요일은 20:00까지(입장 19:30).",
            "priceInfo": {
              "label": "상설전시·일반 특별전",
              "price": "무료",
              "checked": "2026-10-06",
              "source": "https://gyeongju.museum.go.kr/kor/html/sub01/0101.html",
              "note": "일부 유료 특별전 예외. 어린이박물관은 별도 예약."
            },
            "mealRole": null
          },
          {
            "sequence": 3,
            "placeId": "j2",
            "name": "동궁과 월지",
            "category": "culture",
            "lat": 35.8347762643542,
            "lon": 129.226975518857,
            "routeSnapMeters": 47,
            "locationText": "경주시 원화로 102 · 시내 유적권",
            "scheduleText": "경주시 관광 안내 09:00~22:00, 입장 마감 21:30. 방문일 재확인",
            "priceInfo": {
              "label": "일반 입장료",
              "price": "성인 3,000원",
              "checked": "2026-10-06",
              "source": "https://www.gyeongju.go.kr/tour/page.do?area_uid=50&cmd=2&code_uid=1012&mnu_uid=4716",
              "note": "청소년 2,000원·어린이 1,000원. 발권·입장 마감 21:30."
            },
            "mealRole": null
          },
          {
            "sequence": 4,
            "placeId": "j130",
            "name": "꼬푸GGOPU",
            "category": "cafe",
            "lat": 35.8412005,
            "lon": 129.2304905,
            "routeSnapMeters": 6,
            "locationText": "경주시 원효로 270",
            "scheduleText": "조회 주간 화~금 11:00~20:00, 토·일 10:00~20:00.",
            "priceInfo": {
              "label": "오늘의 커피",
              "price": "6,000원",
              "checked": "2026-10-06",
              "source": "https://www.diningcode.com/profile.php?rid=VT7jexjQxwoc",
              "note": "판나코타 5,000원 다이닝코드 게시값."
            },
            "mealRole": "cafe"
          },
          {
            "sequence": 5,
            "placeId": "j8",
            "name": "분황사",
            "category": "culture",
            "lat": 35.8405669628174,
            "lon": 129.233639851398,
            "routeSnapMeters": 9,
            "locationText": "경주시 구황동 · 모전석탑 부근 대표점",
            "scheduleText": "08:00~18:00, 동절기 17:00까지. 동절기 정확한 시작·종료일은 미게시.",
            "priceInfo": {
              "label": "사찰 관람",
              "price": "무료",
              "checked": "2026-10-06",
              "source": "https://www.gyeongju.go.kr/tour/page.do?area_uid=54&cmd=2&code_uid=1012&mnu_uid=4716"
            },
            "mealRole": null
          },
          {
            "sequence": 6,
            "placeId": "j69",
            "name": "신라왕경숲공원",
            "category": "outdoors",
            "lat": 35.8399154336,
            "lon": 129.2388225694,
            "routeSnapMeters": 17,
            "locationText": "경주시 구황동 883-44 · 숲 대표점",
            "scheduleText": "경주시 숲길 안내에 시간 제한 없음. 공원 구간별 통제 확인.",
            "priceInfo": {
              "label": "숲 산책",
              "price": "무료",
              "checked": "2026-10-06",
              "source": "https://place.map.kakao.com/27572563",
              "note": "무료 주차·화장실 안내. 숲 1·2차 지점과 주차장 위치가 달라 대표점으로 표시."
            },
            "mealRole": null
          },
          {
            "sequence": 7,
            "placeId": "j43",
            "name": "보문뜰",
            "category": "food",
            "lat": 35.8426840673,
            "lon": 129.2517063368,
            "routeSnapMeters": 55,
            "locationText": "경주시 경감로 142-3",
            "scheduleText": "10:00~20:30, 15:00~17:00 브레이크. 요일별 휴무 미확인.",
            "priceInfo": {
              "label": "돼지갈비찜",
              "price": "20,000원",
              "checked": "2026-10-06",
              "source": "https://visitgyeongju.or.kr/kr/cuisine/view/535f40400604084d0b4202414551474349",
              "note": "매운 돼지갈비찜 22,000원·소갈비찜 29,000원·갈비탕 15,000원 관광 게시값."
            },
            "mealRole": "dinner"
          }
        ],
        "stopCount": 7,
        "walkStopCount": 7,
        "placePoolCount": 12,
        "placePool": [
          {
            "sequence": null,
            "placeId": "j7",
            "name": "국립경주박물관",
            "category": "culture",
            "lat": 35.8292338953534,
            "lon": 129.227950264925,
            "routeSnapMeters": null,
            "locationText": "경주시 일정로 186"
          },
          {
            "sequence": null,
            "placeId": "j2",
            "name": "동궁과 월지",
            "category": "culture",
            "lat": 35.8347762643542,
            "lon": 129.226975518857,
            "routeSnapMeters": null,
            "locationText": "경주시 원화로 102 · 시내 유적권"
          },
          {
            "sequence": null,
            "placeId": "j9",
            "name": "황룡사역사문화관",
            "category": "culture",
            "lat": 35.8385294185194,
            "lon": 129.230988890575,
            "routeSnapMeters": null,
            "locationText": "경주시 구황동 · 역사문화관"
          },
          {
            "sequence": null,
            "placeId": "j130",
            "name": "꼬푸GGOPU",
            "category": "cafe",
            "lat": 35.8412005,
            "lon": 129.2304905,
            "routeSnapMeters": null,
            "locationText": "경주시 원효로 270"
          },
          {
            "sequence": null,
            "placeId": "j8",
            "name": "분황사",
            "category": "culture",
            "lat": 35.8405669628174,
            "lon": 129.233639851398,
            "routeSnapMeters": null,
            "locationText": "경주시 구황동 · 모전석탑 부근 대표점"
          },
          {
            "sequence": null,
            "placeId": "j164",
            "name": "바넘커피",
            "category": "cafe",
            "lat": 35.83692785665329,
            "lon": 129.22016618147987,
            "routeSnapMeters": null,
            "locationText": "경주시 원화로 178-4"
          },
          {
            "sequence": null,
            "placeId": "j86",
            "name": "이상복경주빵 본가",
            "category": "market",
            "lat": 35.8358718652,
            "lon": 129.2193842976,
            "routeSnapMeters": null,
            "locationText": "경주시 첨성로 169"
          },
          {
            "sequence": null,
            "placeId": "j1",
            "name": "첨성대",
            "category": "culture",
            "lat": 35.834714812336,
            "lon": 129.219000182596,
            "routeSnapMeters": null,
            "locationText": "경주시 인왕동 839-1 · 시내 유적권"
          },
          {
            "sequence": null,
            "placeId": "j69",
            "name": "신라왕경숲공원",
            "category": "outdoors",
            "lat": 35.8399154336,
            "lon": 129.2388225694,
            "routeSnapMeters": null,
            "locationText": "경주시 구황동 883-44 · 숲 대표점"
          },
          {
            "sequence": null,
            "placeId": "j156",
            "name": "카페드립",
            "category": "cafe",
            "lat": 35.84462128975398,
            "lon": 129.23501517328046,
            "routeSnapMeters": null,
            "locationText": "경주시 초당길55번길 6 상가동 108호"
          },
          {
            "sequence": null,
            "placeId": "j165",
            "name": "벤자마스",
            "category": "cafe",
            "lat": 35.84360426167294,
            "lon": 129.2381472050298,
            "routeSnapMeters": null,
            "locationText": "경주시 알천북로 369 A동 (윗동천길 2)"
          },
          {
            "sequence": null,
            "placeId": "j5",
            "name": "월정교",
            "category": "culture",
            "lat": 35.8292995462011,
            "lon": 129.218121296919,
            "routeSnapMeters": null,
            "locationText": "경주시 교동 · 다리 대표점"
          }
        ],
        "distanceMeters": 6478,
        "walkingDistanceMeters": 6478,
        "walkingMinutes": 86,
        "legMetrics": [
          {
            "from": "경주원조콩국",
            "to": "국립경주박물관",
            "meters": 2029,
            "minutes": 27
          },
          {
            "from": "국립경주박물관",
            "to": "동궁과 월지",
            "meters": 882,
            "minutes": 12
          },
          {
            "from": "동궁과 월지",
            "to": "꼬푸GGOPU",
            "meters": 1415,
            "minutes": 19
          },
          {
            "from": "꼬푸GGOPU",
            "to": "분황사",
            "meters": 342,
            "minutes": 5
          },
          {
            "from": "분황사",
            "to": "신라왕경숲공원",
            "meters": 530,
            "minutes": 7
          },
          {
            "from": "신라왕경숲공원",
            "to": "보문뜰",
            "meters": 1281,
            "minutes": 17
          }
        ],
        "cafeCount": 1,
        "meals": [
          {
            "slot": "점심",
            "sequence": 1,
            "mapPin": false,
            "name": "경주원조콩국",
            "placeId": "j42",
            "lat": 35.8334528343,
            "lon": 129.2147315243,
            "locationText": "경주시 첨성로 113",
            "placement": "점심 · 보행 동선 중",
            "menu": "따뜻한 콩국 1",
            "price": "8,000원",
            "hours": "월~토 09:00~19:45, 일요일 휴무. 브레이크 10:30~11:30; 오후 브레이크는 시 16:30~17:00와 관광 사이트 16:00~17:30이 충돌.",
            "source": "https://visitgyeongju.or.kr/kr/cuisine/view/535f40400605094c0949044347514a414d",
            "checkedAt": "2026-10-06"
          },
          {
            "slot": "저녁",
            "sequence": 7,
            "mapPin": false,
            "name": "보문뜰",
            "placeId": "j43",
            "lat": 35.8426840673,
            "lon": 129.2517063368,
            "locationText": "경주시 경감로 142-3",
            "placement": "저녁 · 보행 동선 중",
            "menu": "돼지갈비찜",
            "price": "20,000원",
            "hours": "10:00~20:30, 15:00~17:00 브레이크. 요일별 휴무 미확인.",
            "source": "https://visitgyeongju.or.kr/kr/cuisine/view/535f40400604084d0b4202414551474349",
            "checkedAt": "2026-10-06"
          }
        ],
        "busLegs": [],
        "busRides": 0,
        "originArea": "경주 시내 숙소권",
        "checkedAt": "2026-10-07",
        "walkingProvider": "fossgis-osrm-foot",
        "walkingSource": "FOSSGIS OSRM foot · OpenStreetMap · 2026-10-07",
        "walkingRouteUrl": "https://www.openstreetmap.org/directions?engine=fossgis_osrm_foot&route=35.8334528343,129.2147315243;35.8292338953534,129.227950264925;35.8347762643542,129.226975518857;35.8412005,129.2304905;35.8405669628174,129.233639851398;35.8399154336,129.2388225694;35.8426840673,129.2517063368",
        "profile": "foot",
        "sourceUrl": "https://www.openstreetmap.org/directions?engine=fossgis_osrm_foot&route=35.8334528343,129.2147315243;35.8292338953534,129.227950264925;35.8347762643542,129.226975518857;35.8412005,129.2304905;35.8405669628174,129.233639851398;35.8399154336,129.2388225694;35.8426840673,129.2517063368",
        "maxPlaceSnapMeters": 55,
        "accessNotes": [],
        "unverifiedAccess": [],
        "returnTransitChecked": false,
        "hoursAreDaySpecific": false,
        "startTime": "11:30",
        "breakfastRule": "11:30 출발 기준. 09:00 이전 출발이면 시내에서 아침 식사 후 합류.",
        "note": "경주원조콩국에서 이른 점심을 먹고 박물관·유적을 북동쪽으로 걷습니다. 황룡사역사문화관은 2026년 전시실 개편 휴관 안내가 있어 관람 순서에서 제외했습니다. 09:00 이전 출발이면 시내 아침을 추가하세요. 보행망 거리 약 6.48km · 걷기 약 86분(방문·식사·대기 제외).",
        "routeRule": "관광·시장·책방 등 비식사 장소의 진행 방향을 먼저 정한 뒤, 그 보행선에서 크게 벗어나지 않는 식당·카페를 삽입. 카페 최대 2곳.",
        "routeFlowNote": null,
        "optionalVisitNotes": [],
        "busRidesNote": "시내권 도보 코스; 숙소별 접근은 별도.",
        "mapData": "© OpenStreetMap contributors"
      }
    },
    {
      "type": "Feature",
      "id": "gyeongju-bunhwang",
      "geometry": {
        "type": "MultiLineString",
        "coordinates": [
          [
            [
              129.214626,
              35.833479
            ],
            [
              129.214683,
              35.833633
            ],
            [
              129.21473,
              35.833814
            ],
            [
              129.214834,
              35.834205
            ],
            [
              129.214985,
              35.834197
            ],
            [
              129.215177,
              35.834186
            ],
            [
              129.215482,
              35.834171
            ],
            [
              129.215738,
              35.834669
            ],
            [
              129.215747,
              35.834687
            ],
            [
              129.215856,
              35.834794
            ],
            [
              129.215903,
              35.834831
            ],
            [
              129.216029,
              35.834931
            ],
            [
              129.216318,
              35.835125
            ],
            [
              129.216761,
              35.835368
            ],
            [
              129.217175,
              35.835522
            ],
            [
              129.217392,
              35.835582
            ],
            [
              129.217837,
              35.835675
            ],
            [
              129.218465,
              35.835724
            ],
            [
              129.21846,
              35.835665
            ],
            [
              129.221397,
              35.835775
            ],
            [
              129.221619,
              35.835734
            ],
            [
              129.22192,
              35.835663
            ],
            [
              129.22196,
              35.835654
            ],
            [
              129.222296,
              35.835478
            ],
            [
              129.223436,
              35.834804
            ],
            [
              129.224562,
              35.834204
            ],
            [
              129.225047,
              35.833926
            ],
            [
              129.225248,
              35.833804
            ],
            [
              129.225359,
              35.83374
            ],
            [
              129.225377,
              35.83376
            ],
            [
              129.225406,
              35.833795
            ],
            [
              129.225458,
              35.833857
            ],
            [
              129.225735,
              35.833702
            ],
            [
              129.226397,
              35.833328
            ],
            [
              129.226501,
              35.833273
            ],
            [
              129.226651,
              35.833295
            ],
            [
              129.226761,
              35.833305
            ],
            [
              129.227268,
              35.833336
            ],
            [
              129.227493,
              35.833339
            ],
            [
              129.227877,
              35.833343
            ],
            [
              129.229009,
              35.833325
            ],
            [
              129.229239,
              35.833321
            ],
            [
              129.229224,
              35.834312
            ],
            [
              129.229211,
              35.835139
            ],
            [
              129.229196,
              35.836082
            ],
            [
              129.23044,
              35.836034
            ],
            [
              129.230649,
              35.836026
            ],
            [
              129.230854,
              35.836018
            ],
            [
              129.23099,
              35.836013
            ],
            [
              129.231038,
              35.836013
            ],
            [
              129.231119,
              35.836013
            ],
            [
              129.231183,
              35.836022
            ],
            [
              129.231221,
              35.836052
            ],
            [
              129.231291,
              35.836126
            ],
            [
              129.231291,
              35.836204
            ],
            [
              129.231282,
              35.837252
            ],
            [
              129.233351,
              35.837287
            ],
            [
              129.233404,
              35.837317
            ],
            [
              129.233431,
              35.837383
            ],
            [
              129.233436,
              35.837615
            ],
            [
              129.233436,
              35.83783
            ],
            [
              129.233546,
              35.838926
            ],
            [
              129.233592,
              35.840125
            ],
            [
              129.233609,
              35.840267
            ],
            [
              129.233609,
              35.840313
            ],
            [
              129.233609,
              35.840399
            ],
            [
              129.233608,
              35.840478
            ],
            [
              129.233545,
              35.840477
            ],
            [
              129.233545,
              35.840567
            ]
          ],
          [
            [
              129.233545,
              35.840567
            ],
            [
              129.233545,
              35.840477
            ],
            [
              129.233608,
              35.840478
            ],
            [
              129.233609,
              35.840399
            ],
            [
              129.233609,
              35.840313
            ],
            [
              129.233609,
              35.840267
            ],
            [
              129.234875,
              35.840099
            ],
            [
              129.235763,
              35.839931
            ],
            [
              129.236472,
              35.839787
            ],
            [
              129.236569,
              35.839768
            ],
            [
              129.237875,
              35.839519
            ],
            [
              129.238088,
              35.839485
            ],
            [
              129.238193,
              35.839638
            ],
            [
              129.2384,
              35.83977
            ],
            [
              129.238622,
              35.839818
            ],
            [
              129.238749,
              35.839774
            ]
          ],
          [
            [
              129.238749,
              35.839774
            ],
            [
              129.238622,
              35.839818
            ],
            [
              129.2384,
              35.83977
            ],
            [
              129.238193,
              35.839638
            ],
            [
              129.238088,
              35.839485
            ],
            [
              129.237875,
              35.839519
            ],
            [
              129.236569,
              35.839768
            ],
            [
              129.236548,
              35.840658
            ],
            [
              129.236532,
              35.841377
            ],
            [
              129.236529,
              35.841542
            ],
            [
              129.236527,
              35.84168
            ],
            [
              129.236526,
              35.841764
            ],
            [
              129.236518,
              35.842347
            ],
            [
              129.236504,
              35.843359
            ],
            [
              129.236504,
              35.84339
            ],
            [
              129.236558,
              35.843426
            ],
            [
              129.236602,
              35.843442
            ],
            [
              129.236649,
              35.843441
            ],
            [
              129.236845,
              35.843429
            ],
            [
              129.236957,
              35.84337
            ],
            [
              129.237053,
              35.843336
            ],
            [
              129.237313,
              35.843254
            ],
            [
              129.237414,
              35.843221
            ],
            [
              129.237536,
              35.843176
            ],
            [
              129.237789,
              35.843083
            ],
            [
              129.237869,
              35.843201
            ],
            [
              129.238079,
              35.843507
            ]
          ],
          [
            [
              129.238079,
              35.843507
            ],
            [
              129.237869,
              35.843201
            ],
            [
              129.237789,
              35.843083
            ],
            [
              129.237536,
              35.843176
            ],
            [
              129.237414,
              35.843221
            ],
            [
              129.237313,
              35.843254
            ],
            [
              129.237053,
              35.843336
            ],
            [
              129.236957,
              35.84337
            ],
            [
              129.236845,
              35.843429
            ],
            [
              129.236649,
              35.843441
            ],
            [
              129.236602,
              35.843442
            ],
            [
              129.236558,
              35.843426
            ],
            [
              129.236504,
              35.84339
            ],
            [
              129.236504,
              35.843359
            ],
            [
              129.236518,
              35.842347
            ],
            [
              129.236526,
              35.841764
            ],
            [
              129.236527,
              35.84168
            ],
            [
              129.236529,
              35.841542
            ],
            [
              129.236532,
              35.841377
            ],
            [
              129.237256,
              35.841115
            ],
            [
              129.237622,
              35.840982
            ],
            [
              129.238262,
              35.840743
            ],
            [
              129.238271,
              35.840783
            ],
            [
              129.239463,
              35.840376
            ],
            [
              129.240525,
              35.839975
            ],
            [
              129.240892,
              35.839872
            ],
            [
              129.241634,
              35.839698
            ],
            [
              129.242167,
              35.839639
            ],
            [
              129.242807,
              35.83963
            ],
            [
              129.243251,
              35.839662
            ],
            [
              129.243771,
              35.839721
            ],
            [
              129.24399,
              35.839761
            ],
            [
              129.244074,
              35.839759
            ],
            [
              129.244414,
              35.839751
            ],
            [
              129.244913,
              35.839921
            ],
            [
              129.245406,
              35.840121
            ],
            [
              129.246374,
              35.840596
            ],
            [
              129.246573,
              35.840571
            ],
            [
              129.246712,
              35.840489
            ],
            [
              129.246778,
              35.840042
            ],
            [
              129.247321,
              35.840195
            ],
            [
              129.247496,
              35.840257
            ],
            [
              129.247675,
              35.84033
            ],
            [
              129.248748,
              35.840834
            ],
            [
              129.249186,
              35.841034
            ],
            [
              129.249301,
              35.841086
            ],
            [
              129.249631,
              35.841232
            ],
            [
              129.249932,
              35.841364
            ],
            [
              129.250275,
              35.841516
            ],
            [
              129.250498,
              35.841614
            ],
            [
              129.251274,
              35.841939
            ],
            [
              129.25199,
              35.842242
            ]
          ]
        ]
      },
      "properties": {
        "id": "gyeongju-bunhwang",
        "region": "gyeongju",
        "themeId": "bunhwang",
        "title": "분황사·황룡사·왕경숲",
        "description": "분황사와 왕경숲을 중심으로 북동쪽으로 이어가는 짧은 권역 코스",
        "stops": [
          {
            "sequence": 1,
            "placeId": "j42",
            "name": "경주원조콩국",
            "category": "food",
            "lat": 35.8334528343,
            "lon": 129.2147315243,
            "routeSnapMeters": 10,
            "locationText": "경주시 첨성로 113",
            "scheduleText": "월~토 09:00~19:45, 일요일 휴무. 브레이크 10:30~11:30; 오후 브레이크는 시 16:30~17:00와 관광 사이트 16:00~17:30이 충돌.",
            "priceInfo": {
              "label": "따뜻한 콩국 1",
              "price": "8,000원",
              "checked": "2026-10-06",
              "source": "https://visitgyeongju.or.kr/kr/cuisine/view/535f40400605094c0949044347514a414d",
              "note": "관광 사이트 가격. 다이닝코드 9,000원과 충돌. 콩국수 9,000원/10,000원도 출처별 차이."
            },
            "mealRole": "lunch"
          },
          {
            "sequence": 2,
            "placeId": "j8",
            "name": "분황사",
            "category": "culture",
            "lat": 35.8405669628174,
            "lon": 129.233639851398,
            "routeSnapMeters": 9,
            "locationText": "경주시 구황동 · 모전석탑 부근 대표점",
            "scheduleText": "08:00~18:00, 동절기 17:00까지. 동절기 정확한 시작·종료일은 미게시.",
            "priceInfo": {
              "label": "사찰 관람",
              "price": "무료",
              "checked": "2026-10-06",
              "source": "https://www.gyeongju.go.kr/tour/page.do?area_uid=54&cmd=2&code_uid=1012&mnu_uid=4716"
            },
            "mealRole": null
          },
          {
            "sequence": 3,
            "placeId": "j69",
            "name": "신라왕경숲공원",
            "category": "outdoors",
            "lat": 35.8399154336,
            "lon": 129.2388225694,
            "routeSnapMeters": 17,
            "locationText": "경주시 구황동 883-44 · 숲 대표점",
            "scheduleText": "경주시 숲길 안내에 시간 제한 없음. 공원 구간별 통제 확인.",
            "priceInfo": {
              "label": "숲 산책",
              "price": "무료",
              "checked": "2026-10-06",
              "source": "https://place.map.kakao.com/27572563",
              "note": "무료 주차·화장실 안내. 숲 1·2차 지점과 주차장 위치가 달라 대표점으로 표시."
            },
            "mealRole": null
          },
          {
            "sequence": 4,
            "placeId": "j165",
            "name": "벤자마스",
            "category": "cafe",
            "lat": 35.84360426167294,
            "lon": 129.2381472050298,
            "routeSnapMeters": 12,
            "locationText": "경주시 알천북로 369 A동 (윗동천길 2)",
            "scheduleText": "다이닝코드는 매일 10:00~24:00로 안내합니다. 지도의 상세 영업시간과 대조가 필요합니다.",
            "priceInfo": {
              "label": "아메리카노 HOT",
              "price": "5,000원",
              "source": "https://place.map.kakao.com/21655553",
              "checked": "2026-10-06",
              "note": "카카오맵 등록 메뉴. 디카페인 아메리카노 HOT 5,500원. 동명 건물별 메뉴·가격은 현장 확인."
            },
            "mealRole": "cafe"
          },
          {
            "sequence": 5,
            "placeId": "j43",
            "name": "보문뜰",
            "category": "food",
            "lat": 35.8426840673,
            "lon": 129.2517063368,
            "routeSnapMeters": 55,
            "locationText": "경주시 경감로 142-3",
            "scheduleText": "10:00~20:30, 15:00~17:00 브레이크. 요일별 휴무 미확인.",
            "priceInfo": {
              "label": "돼지갈비찜",
              "price": "20,000원",
              "checked": "2026-10-06",
              "source": "https://visitgyeongju.or.kr/kr/cuisine/view/535f40400604084d0b4202414551474349",
              "note": "매운 돼지갈비찜 22,000원·소갈비찜 29,000원·갈비탕 15,000원 관광 게시값."
            },
            "mealRole": "dinner"
          }
        ],
        "stopCount": 5,
        "walkStopCount": 5,
        "placePoolCount": 7,
        "placePool": [
          {
            "sequence": null,
            "placeId": "j8",
            "name": "분황사",
            "category": "culture",
            "lat": 35.8405669628174,
            "lon": 129.233639851398,
            "routeSnapMeters": null,
            "locationText": "경주시 구황동 · 모전석탑 부근 대표점"
          },
          {
            "sequence": null,
            "placeId": "j69",
            "name": "신라왕경숲공원",
            "category": "outdoors",
            "lat": 35.8399154336,
            "lon": 129.2388225694,
            "routeSnapMeters": null,
            "locationText": "경주시 구황동 883-44 · 숲 대표점"
          },
          {
            "sequence": null,
            "placeId": "j9",
            "name": "황룡사역사문화관",
            "category": "culture",
            "lat": 35.8385294185194,
            "lon": 129.230988890575,
            "routeSnapMeters": null,
            "locationText": "경주시 구황동 · 역사문화관"
          },
          {
            "sequence": null,
            "placeId": "j130",
            "name": "꼬푸GGOPU",
            "category": "cafe",
            "lat": 35.8412005,
            "lon": 129.2304905,
            "routeSnapMeters": null,
            "locationText": "경주시 원효로 270"
          },
          {
            "sequence": null,
            "placeId": "j165",
            "name": "벤자마스",
            "category": "cafe",
            "lat": 35.84360426167294,
            "lon": 129.2381472050298,
            "routeSnapMeters": null,
            "locationText": "경주시 알천북로 369 A동 (윗동천길 2)"
          },
          {
            "sequence": null,
            "placeId": "j156",
            "name": "카페드립",
            "category": "cafe",
            "lat": 35.84462128975398,
            "lon": 129.23501517328046,
            "routeSnapMeters": null,
            "locationText": "경주시 초당길55번길 6 상가동 108호"
          },
          {
            "sequence": null,
            "placeId": "j2",
            "name": "동궁과 월지",
            "category": "culture",
            "lat": 35.8347762643542,
            "lon": 129.226975518857,
            "routeSnapMeters": null,
            "locationText": "경주시 원화로 102 · 시내 유적권"
          }
        ],
        "distanceMeters": 6052,
        "walkingDistanceMeters": 6052,
        "walkingMinutes": 81,
        "legMetrics": [
          {
            "from": "경주원조콩국",
            "to": "분황사",
            "meters": 2746,
            "minutes": 37
          },
          {
            "from": "분황사",
            "to": "신라왕경숲공원",
            "meters": 530,
            "minutes": 7
          },
          {
            "from": "신라왕경숲공원",
            "to": "벤자마스",
            "meters": 800,
            "minutes": 11
          },
          {
            "from": "벤자마스",
            "to": "보문뜰",
            "meters": 1976,
            "minutes": 26
          }
        ],
        "cafeCount": 1,
        "meals": [
          {
            "slot": "점심",
            "sequence": 1,
            "mapPin": false,
            "name": "경주원조콩국",
            "placeId": "j42",
            "lat": 35.8334528343,
            "lon": 129.2147315243,
            "locationText": "경주시 첨성로 113",
            "placement": "점심 · 보행 동선 중",
            "menu": "따뜻한 콩국 1",
            "price": "8,000원",
            "hours": "월~토 09:00~19:45, 일요일 휴무. 브레이크 10:30~11:30; 오후 브레이크는 시 16:30~17:00와 관광 사이트 16:00~17:30이 충돌.",
            "source": "https://visitgyeongju.or.kr/kr/cuisine/view/535f40400605094c0949044347514a414d",
            "checkedAt": "2026-10-06"
          },
          {
            "slot": "저녁",
            "sequence": 5,
            "mapPin": false,
            "name": "보문뜰",
            "placeId": "j43",
            "lat": 35.8426840673,
            "lon": 129.2517063368,
            "locationText": "경주시 경감로 142-3",
            "placement": "저녁 · 보행 동선 중",
            "menu": "돼지갈비찜",
            "price": "20,000원",
            "hours": "10:00~20:30, 15:00~17:00 브레이크. 요일별 휴무 미확인.",
            "source": "https://visitgyeongju.or.kr/kr/cuisine/view/535f40400604084d0b4202414551474349",
            "checkedAt": "2026-10-06"
          }
        ],
        "busLegs": [],
        "busRides": 0,
        "originArea": "경주 시내 숙소권",
        "checkedAt": "2026-10-07",
        "walkingProvider": "fossgis-osrm-foot",
        "walkingSource": "FOSSGIS OSRM foot · OpenStreetMap · 2026-10-07",
        "walkingRouteUrl": "https://www.openstreetmap.org/directions?engine=fossgis_osrm_foot&route=35.8334528343,129.2147315243;35.8405669628174,129.233639851398;35.8399154336,129.2388225694;35.84360426167294,129.2381472050298;35.8426840673,129.2517063368",
        "profile": "foot",
        "sourceUrl": "https://www.openstreetmap.org/directions?engine=fossgis_osrm_foot&route=35.8334528343,129.2147315243;35.8405669628174,129.233639851398;35.8399154336,129.2388225694;35.84360426167294,129.2381472050298;35.8426840673,129.2517063368",
        "maxPlaceSnapMeters": 55,
        "accessNotes": [],
        "unverifiedAccess": [],
        "returnTransitChecked": false,
        "hoursAreDaySpecific": false,
        "startTime": "11:30",
        "breakfastRule": "11:30 출발 기준. 09:00 이전 출발이면 시내에서 아침 식사 후 합류.",
        "note": "경주원조콩국에서 점심을 먹고 분황사에서 왕경숲 쪽으로 진행합니다. 현재 후보 중 관람 가능한 장소가 적어 5곳으로 구성했습니다. 황룡사역사문화관은 전시실 개편 휴관 안내가 있어 제외했습니다. 09:00 이전 출발이면 시내 아침을 추가하세요. 보행망 거리 약 6.05km · 걷기 약 81분(방문·식사·대기 제외).",
        "routeRule": "관광·시장·책방 등 비식사 장소의 진행 방향을 먼저 정한 뒤, 그 보행선에서 크게 벗어나지 않는 식당·카페를 삽입. 카페 최대 2곳.",
        "routeFlowNote": null,
        "optionalVisitNotes": [],
        "busRidesNote": "시내권 도보 코스; 숙소별 접근은 별도.",
        "mapData": "© OpenStreetMap contributors"
      }
    },
    {
      "type": "Feature",
      "id": "gyeongju-market",
      "geometry": {
        "type": "MultiLineString",
        "coordinates": [
          [
            [
              129.206785,
              35.843962
            ],
            [
              129.206785,
              35.844025
            ],
            [
              129.206973,
              35.844019
            ],
            [
              129.206957,
              35.843498
            ],
            [
              129.207004,
              35.842273
            ],
            [
              129.207006,
              35.842207
            ],
            [
              129.207064,
              35.842206
            ],
            [
              129.207778,
              35.842182
            ],
            [
              129.208654,
              35.842147
            ],
            [
              129.208875,
              35.842139
            ],
            [
              129.209117,
              35.842129
            ],
            [
              129.210056,
              35.842092
            ],
            [
              129.210054,
              35.841738
            ],
            [
              129.210475,
              35.841725
            ],
            [
              129.210746,
              35.841718
            ],
            [
              129.210916,
              35.841685
            ],
            [
              129.210953,
              35.841678
            ],
            [
              129.211678,
              35.841664
            ],
            [
              129.21168,
              35.841435
            ]
          ],
          [
            [
              129.21168,
              35.841435
            ],
            [
              129.211678,
              35.841664
            ],
            [
              129.21168,
              35.842037
            ],
            [
              129.211668,
              35.842585
            ],
            [
              129.211662,
              35.842848
            ],
            [
              129.212564,
              35.842827
            ],
            [
              129.212592,
              35.843262
            ],
            [
              129.212599,
              35.843644
            ],
            [
              129.212604,
              35.843809
            ],
            [
              129.212615,
              35.844211
            ],
            [
              129.213547,
              35.844191
            ],
            [
              129.213548,
              35.844481
            ],
            [
              129.213878,
              35.844477
            ],
            [
              129.21388,
              35.844532
            ],
            [
              129.213914,
              35.844531
            ],
            [
              129.214003,
              35.844529
            ],
            [
              129.214774,
              35.844507
            ],
            [
              129.215349,
              35.844491
            ],
            [
              129.215366,
              35.845157
            ],
            [
              129.215868,
              35.845142
            ]
          ],
          [
            [
              129.215868,
              35.845142
            ],
            [
              129.215366,
              35.845157
            ],
            [
              129.215396,
              35.845809
            ],
            [
              129.21539,
              35.84587
            ],
            [
              129.214475,
              35.845888
            ],
            [
              129.213935,
              35.845877
            ],
            [
              129.213842,
              35.84581
            ],
            [
              129.213738,
              35.845806
            ],
            [
              129.213625,
              35.845831
            ],
            [
              129.213503,
              35.845865
            ],
            [
              129.213333,
              35.845888
            ],
            [
              129.212739,
              35.845899
            ],
            [
              129.211648,
              35.845922
            ],
            [
              129.21166,
              35.847085
            ]
          ],
          [
            [
              129.21166,
              35.847085
            ],
            [
              129.211662,
              35.847276
            ],
            [
              129.212015,
              35.847267
            ],
            [
              129.212304,
              35.84726
            ],
            [
              129.21247,
              35.847256
            ],
            [
              129.212913,
              35.847245
            ],
            [
              129.213012,
              35.847265
            ],
            [
              129.213028,
              35.847355
            ],
            [
              129.213221,
              35.847359
            ],
            [
              129.213234,
              35.847433
            ]
          ],
          [
            [
              129.213234,
              35.847433
            ],
            [
              129.213221,
              35.847359
            ],
            [
              129.213028,
              35.847355
            ],
            [
              129.213012,
              35.847265
            ],
            [
              129.212913,
              35.847245
            ],
            [
              129.213095,
              35.84724
            ],
            [
              129.213172,
              35.84723
            ],
            [
              129.213229,
              35.847201
            ],
            [
              129.213268,
              35.84716
            ],
            [
              129.213385,
              35.846962
            ],
            [
              129.213472,
              35.846907
            ],
            [
              129.213578,
              35.846887
            ],
            [
              129.213915,
              35.846879
            ],
            [
              129.213972,
              35.846877
            ],
            [
              129.213963,
              35.846621
            ]
          ],
          [
            [
              129.213963,
              35.846621
            ],
            [
              129.213961,
              35.846572
            ],
            [
              129.213935,
              35.845877
            ],
            [
              129.214475,
              35.845888
            ],
            [
              129.21539,
              35.84587
            ],
            [
              129.215396,
              35.845809
            ],
            [
              129.215928,
              35.845793
            ],
            [
              129.215908,
              35.845358
            ]
          ],
          [
            [
              129.215908,
              35.845358
            ],
            [
              129.215928,
              35.845793
            ],
            [
              129.215396,
              35.845809
            ],
            [
              129.21539,
              35.84587
            ],
            [
              129.214475,
              35.845888
            ],
            [
              129.213935,
              35.845877
            ],
            [
              129.213842,
              35.84581
            ],
            [
              129.213738,
              35.845806
            ],
            [
              129.213625,
              35.845831
            ],
            [
              129.213503,
              35.845865
            ],
            [
              129.213333,
              35.845888
            ],
            [
              129.212739,
              35.845899
            ],
            [
              129.211648,
              35.845922
            ],
            [
              129.210944,
              35.845937
            ],
            [
              129.210143,
              35.845944
            ],
            [
              129.210127,
              35.846559
            ],
            [
              129.210123,
              35.84661
            ]
          ]
        ]
      },
      "properties": {
        "id": "gyeongju-market",
        "region": "gyeongju",
        "themeId": "market",
        "title": "읍성·성동시장·중앙시장",
        "description": "중앙시장에서 책방·읍성을 지나 성동시장으로 북동쪽 진행하는 구도심 코스",
        "stops": [
          {
            "sequence": 1,
            "placeId": "j12",
            "name": "경주중앙시장",
            "category": "market",
            "lat": 35.8439618671375,
            "lon": 129.20674378595,
            "routeSnapMeters": 4,
            "locationText": "경주시 금성로 295 · 시장 대표점",
            "scheduleText": "건물 점포는 상설 운영, 오일장은 날짜 끝자리 2·7일. 야시장 관광 안내는 3월~12월 중순 18:00~23:00(매월 1·15일 휴무), 12월 하순~2월 말 금·토 18:00~23:00. 운영 변경 가능.",
            "priceInfo": {
              "label": "시장 입장",
              "price": "무료",
              "checked": "2026-10-06",
              "source": "https://www.gyeongju.go.kr/tour/page.do?mnu_uid=4826",
              "note": "음식·상품은 점포별 비용. 과거 BIG4 10,000원 상품권의 현행 판매 여부 미확인."
            },
            "mealRole": null
          },
          {
            "sequence": 2,
            "placeId": "j153",
            "name": "커피플레이스 노동점",
            "category": "cafe",
            "lat": 35.841436092258704,
            "lon": 129.21179744929205,
            "routeSnapMeters": 11,
            "locationText": "경주시 중앙로 18 1층",
            "scheduleText": "카카오맵 조회 주간에는 수~월 08:00~18:00, 화요일 휴무로 표시되어 있습니다. 2025-08 방문 블로그의 매일 운영 안내와 달라 지도 표시를 우선합니다.",
            "priceInfo": {
              "label": "블렌드 아메리카노",
              "price": "3,500원",
              "source": "https://place.map.kakao.com/13101482",
              "checked": "2026-10-06",
              "note": "카페라떼 4,000원이며, 오늘의 커피 가격은 달라질 수 있습니다. 직원용 라떼는 방문 후기에 나온 추천 메뉴로, 현재 가격은 별도 확인이 필요합니다."
            },
            "mealRole": "cafe"
          },
          {
            "sequence": 3,
            "placeId": "j91",
            "name": "명동김밥 성동시장점",
            "category": "market",
            "lat": 35.8448321538,
            "lon": 129.2158536533,
            "routeSnapMeters": 34,
            "locationText": "경주시 화랑로 137-19 · 성동시장 내부",
            "scheduleText": "방문 기록 매일 06:00~18:00. 카카오 원본 검색 노출이 일정치 않아 상세 주소·현재 운영 재확인.",
            "priceInfo": {
              "label": "우엉김밥 1줄",
              "price": "2,000원",
              "checked": "2026-10-06",
              "source": "https://www.gajagoapp.kr/%EA%B2%BD%EC%A3%BC-%EC%9A%B0%EC%97%89%EA%B9%80%EB%B0%A5",
              "note": "우엉조림 300g 10,000원 연동 메뉴판. 방문기 원화로 273과 카카오 화랑로 137-19가 충돌."
            },
            "mealRole": "lunch"
          },
          {
            "sequence": 4,
            "placeId": "j102",
            "name": "북샵라벤더",
            "category": "books",
            "lat": 35.8470835587,
            "lon": 129.2118126715,
            "routeSnapMeters": 14,
            "locationText": "경주시 중앙로 80",
            "scheduleText": "카카오맵 12:00~18:00 표시. 방문일 재확인.",
            "priceInfo": {
              "label": "도서",
              "price": "품목별 가격 미확인",
              "checked": "2026-10-06",
              "source": "https://place.map.kakao.com/2044160811",
              "note": "평가 2건으로 표본이 작습니다."
            },
            "mealRole": null
          },
          {
            "sequence": 5,
            "placeId": "j97",
            "name": "서점 북미",
            "category": "books",
            "lat": 35.8474375,
            "lon": 129.2131875,
            "routeSnapMeters": 4,
            "locationText": "경주시 북성로 103-1 2층",
            "scheduleText": "카카오맵 12:00~19:00 표시. Google 화~금 12:00~19:00, 토 12:00~20:00이며 월·일 시작시각 입력 오류가 있어 당일 확인.",
            "priceInfo": {
              "label": "영화 도서·커피·주류",
              "price": "품목별 가격 미확인",
              "checked": "2026-10-06",
              "source": "https://www.gyeongju.go.kr/webzine/GJstory/vol163/html/post/4332.html",
              "note": "Google 이용자 가격대 1인 1,000~10,000원은 개별 상품가가 아님."
            },
            "mealRole": null
          },
          {
            "sequence": 6,
            "placeId": "j10",
            "name": "경주읍성",
            "category": "culture",
            "lat": 35.8466262196792,
            "lon": 129.213747746092,
            "routeSnapMeters": 19,
            "locationText": "경주시 동부동 · 읍성 구간 대표점",
            "scheduleText": "복원 성벽·향일문 주변은 정해진 관람시간 없음. 조명은 일몰 후~다음날 일출 전 안내.",
            "priceInfo": {
              "label": "복원 성벽 주변 산책",
              "price": "무료",
              "checked": "2026-10-06",
              "source": "https://www.gyeongju.go.kr/tour/page.do?area_uid=57&cmd=2&code_uid=1012&mnu_uid=4716"
            },
            "mealRole": null
          },
          {
            "sequence": 7,
            "placeId": "j11",
            "name": "성동시장",
            "category": "market",
            "lat": 35.8453437100019,
            "lon": 129.216354826459,
            "routeSnapMeters": 40,
            "locationText": "경주시 원화로281번길 11 · 시장 대표점",
            "scheduleText": "시장 안내 07:00~20:00. 분식골목·한식뷔페촌 등 개별 점포 시간은 다릅니다.",
            "priceInfo": {
              "label": "시장 입장",
              "price": "무료",
              "checked": "2026-10-06",
              "source": "https://www.gyeongju.go.kr/tour/page.do?mnu_uid=4826",
              "note": "음식·상품 구매비와 공영주차장 요금은 별도."
            },
            "mealRole": null
          },
          {
            "sequence": 8,
            "placeId": "j41",
            "name": "영양숯불갈비",
            "category": "food",
            "lat": 35.8466019799,
            "lon": 129.2099754626,
            "routeSnapMeters": 13,
            "locationText": "경주시 봉황로 79",
            "scheduleText": "월~금 10:30~21:00, 토·일·공휴일 10:30~21:30. 평일 15:00~17:00 브레이크, 주말·공휴일 브레이크 없음.",
            "priceInfo": {
              "label": "한우 갈비살 110g",
              "price": "27,000원",
              "checked": "2026-10-06",
              "source": "https://visitgyeongju.or.kr/kr/cuisine/view/535f40400605094c0a40054747514b464d",
              "note": "최근 방문 메뉴에는 28,000원도 있어 현행 가격 확인. 치마살 30,000원·육회 19,000원 관광 게시값."
            },
            "mealRole": "dinner"
          }
        ],
        "stopCount": 8,
        "walkStopCount": 8,
        "placePoolCount": 28,
        "placePool": [
          {
            "sequence": null,
            "placeId": "j10",
            "name": "경주읍성",
            "category": "culture",
            "lat": 35.8466262196792,
            "lon": 129.213747746092,
            "routeSnapMeters": null,
            "locationText": "경주시 동부동 · 읍성 구간 대표점"
          },
          {
            "sequence": null,
            "placeId": "j12",
            "name": "경주중앙시장",
            "category": "market",
            "lat": 35.8439618671375,
            "lon": 129.20674378595,
            "routeSnapMeters": null,
            "locationText": "경주시 금성로 295 · 시장 대표점"
          },
          {
            "sequence": null,
            "placeId": "j11",
            "name": "성동시장",
            "category": "market",
            "lat": 35.8453437100019,
            "lon": 129.216354826459,
            "routeSnapMeters": null,
            "locationText": "경주시 원화로281번길 11 · 시장 대표점"
          },
          {
            "sequence": null,
            "placeId": "j90",
            "name": "혜진분식",
            "category": "market",
            "lat": 35.8450735096,
            "lon": 129.2158603701,
            "routeSnapMeters": null,
            "locationText": "경주시 화랑로 137-35 · 성동시장권"
          },
          {
            "sequence": null,
            "placeId": "j91",
            "name": "명동김밥 성동시장점",
            "category": "market",
            "lat": 35.8448321538,
            "lon": 129.2158536533,
            "routeSnapMeters": null,
            "locationText": "경주시 화랑로 137-19 · 성동시장 내부"
          },
          {
            "sequence": null,
            "placeId": "j97",
            "name": "서점 북미",
            "category": "books",
            "lat": 35.8474375,
            "lon": 129.2131875,
            "routeSnapMeters": null,
            "locationText": "경주시 북성로 103-1 2층"
          },
          {
            "sequence": null,
            "placeId": "j102",
            "name": "북샵라벤더",
            "category": "books",
            "lat": 35.8470835587,
            "lon": 129.2118126715,
            "routeSnapMeters": null,
            "locationText": "경주시 중앙로 80"
          },
          {
            "sequence": null,
            "placeId": "j100",
            "name": "너른벽",
            "category": "books",
            "lat": 35.842646323,
            "lon": 129.2151642564,
            "routeSnapMeters": null,
            "locationText": "경주시 북정로 19 1층"
          },
          {
            "sequence": null,
            "placeId": "j41",
            "name": "영양숯불갈비",
            "category": "food",
            "lat": 35.8466019799,
            "lon": 129.2099754626,
            "routeSnapMeters": null,
            "locationText": "경주시 봉황로 79"
          },
          {
            "sequence": null,
            "placeId": "j83",
            "name": "최영화빵 본점",
            "category": "market",
            "lat": 35.8415724334,
            "lon": 129.2153512812,
            "routeSnapMeters": null,
            "locationText": "경주시 북정로 6-1"
          },
          {
            "sequence": null,
            "placeId": "j39",
            "name": "카페 오버랩",
            "category": "cafe",
            "lat": 35.8398432115293,
            "lon": 129.206300993078,
            "routeSnapMeters": null,
            "locationText": "경주시 금성로247번길 8"
          },
          {
            "sequence": null,
            "placeId": "j108",
            "name": "라이팅룸",
            "category": "books",
            "lat": 35.8420524368,
            "lon": 129.2129698896,
            "routeSnapMeters": null,
            "locationText": "경주시 원효로 109-1 1층"
          },
          {
            "sequence": null,
            "placeId": "j162",
            "name": "조르바",
            "category": "cafe",
            "lat": 35.83949542804954,
            "lon": 129.2087513188813,
            "routeSnapMeters": null,
            "locationText": "경주시 태종로 735 2층"
          },
          {
            "sequence": null,
            "placeId": "j153",
            "name": "커피플레이스 노동점",
            "category": "cafe",
            "lat": 35.841436092258704,
            "lon": 129.21179744929205,
            "routeSnapMeters": null,
            "locationText": "경주시 중앙로 18 1층"
          },
          {
            "sequence": null,
            "placeId": "j40",
            "name": "황남빵",
            "category": "market",
            "lat": 35.8408398161359,
            "lon": 129.21364442351,
            "routeSnapMeters": null,
            "locationText": "경주시 태종로 783 · 본점 대표점"
          },
          {
            "sequence": null,
            "placeId": "j152",
            "name": "향미사",
            "category": "cafe",
            "lat": 35.83905876569267,
            "lon": 129.20838952631127,
            "routeSnapMeters": null,
            "locationText": "경주시 태종로 734 1층"
          },
          {
            "sequence": null,
            "placeId": "j110",
            "name": "도미",
            "category": "food",
            "lat": 35.8407627,
            "lon": 129.2117655,
            "routeSnapMeters": null,
            "locationText": "경주시 중앙로 10"
          },
          {
            "sequence": null,
            "placeId": "j170",
            "name": "커피업",
            "category": "cafe",
            "lat": 35.842812499999994,
            "lon": 129.22206250000002,
            "routeSnapMeters": null,
            "locationText": "경주시 원효로163번길 46"
          },
          {
            "sequence": null,
            "placeId": "j81",
            "name": "신라대종",
            "category": "experience",
            "lat": 35.8404375,
            "lon": 129.2119375,
            "routeSnapMeters": null,
            "locationText": "경주시 태종로 767 · 신라대종 광장"
          },
          {
            "sequence": null,
            "placeId": "j84",
            "name": "최영화빵 황리단점",
            "category": "market",
            "lat": 35.838964936,
            "lon": 129.2097679454,
            "routeSnapMeters": null,
            "locationText": "경주시 포석로1095번길 2"
          },
          {
            "sequence": null,
            "placeId": "j167",
            "name": "예스터데이",
            "category": "cafe",
            "lat": 35.843687499999994,
            "lon": 129.2229375,
            "routeSnapMeters": null,
            "locationText": "경주시 양정로 90 1층"
          },
          {
            "sequence": null,
            "placeId": "j105",
            "name": "사가소",
            "category": "books",
            "lat": 35.8388356586,
            "lon": 129.2097422267,
            "routeSnapMeters": null,
            "locationText": "경주시 포석로 1095 1층 2호"
          },
          {
            "sequence": null,
            "placeId": "j139",
            "name": "향화정",
            "category": "food",
            "lat": 35.83800982,
            "lon": 129.20919354,
            "routeSnapMeters": null,
            "locationText": "경주시 사정로57번길 17"
          },
          {
            "sequence": null,
            "placeId": "j142",
            "name": "소향몽",
            "category": "food",
            "lat": 35.83784822,
            "lon": 129.20933685,
            "routeSnapMeters": null,
            "locationText": "경주시 사정로57번길 16 1층"
          },
          {
            "sequence": null,
            "placeId": "j140",
            "name": "청온채",
            "category": "food",
            "lat": 35.83761282,
            "lon": 129.20880536,
            "routeSnapMeters": null,
            "locationText": "경주시 포석로1079번길 8-5"
          },
          {
            "sequence": null,
            "placeId": "j93",
            "name": "어서어서책방",
            "category": "books",
            "lat": 35.837673485,
            "lon": 129.2096347347,
            "routeSnapMeters": null,
            "locationText": "경주시 포석로 1083"
          },
          {
            "sequence": null,
            "placeId": "j95",
            "name": "제로스페이스 경주",
            "category": "books",
            "lat": 35.8375625,
            "lon": 129.2103125,
            "routeSnapMeters": null,
            "locationText": "경주시 손효자길 17-2"
          },
          {
            "sequence": null,
            "placeId": "j3",
            "name": "황리단길",
            "category": "market",
            "lat": 35.8374081139238,
            "lon": 129.209953809161,
            "routeSnapMeters": null,
            "locationText": "경주시 포석로 1080 일대 · 거리 대표점"
          }
        ],
        "distanceMeters": 3446,
        "walkingDistanceMeters": 3446,
        "walkingMinutes": 46,
        "legMetrics": [
          {
            "from": "경주중앙시장",
            "to": "커피플레이스 노동점",
            "meters": 713,
            "minutes": 10
          },
          {
            "from": "커피플레이스 노동점",
            "to": "명동김밥 성동시장점",
            "meters": 797,
            "minutes": 11
          },
          {
            "from": "명동김밥 성동시장점",
            "to": "북샵라벤더",
            "meters": 596,
            "minutes": 8
          },
          {
            "from": "북샵라벤더",
            "to": "서점 북미",
            "meters": 179,
            "minutes": 2
          },
          {
            "from": "서점 북미",
            "to": "경주읍성",
            "meters": 189,
            "minutes": 3
          },
          {
            "from": "경주읍성",
            "to": "성동시장",
            "meters": 317,
            "minutes": 4
          },
          {
            "from": "성동시장",
            "to": "영양숯불갈비",
            "meters": 655,
            "minutes": 9
          }
        ],
        "cafeCount": 1,
        "meals": [
          {
            "slot": "점심",
            "sequence": 3,
            "mapPin": false,
            "name": "명동김밥 성동시장점",
            "placeId": "j91",
            "lat": 35.8448321538,
            "lon": 129.2158536533,
            "locationText": "경주시 화랑로 137-19 · 성동시장 내부",
            "placement": "점심 · 보행 동선 중",
            "menu": "우엉김밥 1줄",
            "price": "2,000원",
            "hours": "방문 기록 매일 06:00~18:00. 카카오 원본 검색 노출이 일정치 않아 상세 주소·현재 운영 재확인.",
            "source": "https://www.gajagoapp.kr/%EA%B2%BD%EC%A3%BC-%EC%9A%B0%EC%97%89%EA%B9%80%EB%B0%A5",
            "checkedAt": "2026-10-06"
          },
          {
            "slot": "저녁",
            "sequence": 8,
            "mapPin": false,
            "name": "영양숯불갈비",
            "placeId": "j41",
            "lat": 35.8466019799,
            "lon": 129.2099754626,
            "locationText": "경주시 봉황로 79",
            "placement": "저녁 · 보행 동선 중",
            "menu": "한우 갈비살 110g",
            "price": "27,000원",
            "hours": "월~금 10:30~21:00, 토·일·공휴일 10:30~21:30. 평일 15:00~17:00 브레이크, 주말·공휴일 브레이크 없음.",
            "source": "https://visitgyeongju.or.kr/kr/cuisine/view/535f40400605094c0a40054747514b464d",
            "checkedAt": "2026-10-06"
          }
        ],
        "busLegs": [],
        "busRides": 0,
        "originArea": "경주 시내 숙소권",
        "checkedAt": "2026-10-07",
        "walkingProvider": "fossgis-osrm-foot",
        "walkingSource": "FOSSGIS OSRM foot · OpenStreetMap · 2026-10-07",
        "walkingRouteUrl": "https://www.openstreetmap.org/directions?engine=fossgis_osrm_foot&route=35.8439618671375,129.20674378595;35.841436092258704,129.21179744929205;35.8448321538,129.2158536533;35.8470835587,129.2118126715;35.8474375,129.2131875;35.8466262196792,129.213747746092;35.8453437100019,129.216354826459;35.8466019799,129.2099754626",
        "profile": "foot",
        "sourceUrl": "https://www.openstreetmap.org/directions?engine=fossgis_osrm_foot&route=35.8439618671375,129.20674378595;35.841436092258704,129.21179744929205;35.8448321538,129.2158536533;35.8470835587,129.2118126715;35.8474375,129.2131875;35.8466262196792,129.213747746092;35.8453437100019,129.216354826459;35.8466019799,129.2099754626",
        "maxPlaceSnapMeters": 40,
        "accessNotes": [],
        "unverifiedAccess": [],
        "returnTransitChecked": false,
        "hoursAreDaySpecific": false,
        "startTime": "10:00",
        "breakfastRule": "10:00 출발 기준. 09:00 이전 출발이면 시내에서 아침 식사 후 합류.",
        "note": "중앙시장에서 성동시장 쪽으로 진행하며, 저녁 식사 뒤 시내 숙소권으로 돌아오는 동선입니다. 09:00 이전 출발이면 시내 아침을 추가하세요. 보행망 거리 약 3.45km · 걷기 약 46분(방문·식사·대기 제외).",
        "routeRule": "관광·시장·책방 등 비식사 장소의 진행 방향을 먼저 정한 뒤, 그 보행선에서 크게 벗어나지 않는 식당·카페를 삽입. 카페 최대 2곳.",
        "routeFlowNote": null,
        "optionalVisitNotes": [],
        "busRidesNote": "시내권 도보 코스; 숙소별 접근은 별도.",
        "mapData": "© OpenStreetMap contributors"
      }
    },
    {
      "type": "Feature",
      "id": "gyeongju-bulguksa",
      "geometry": {
        "type": "MultiLineString",
        "coordinates": [
          [
            [
              129.331942,
              35.789892
            ],
            [
              129.332121,
              35.789915
            ],
            [
              129.3323,
              35.78994
            ],
            [
              129.332289,
              35.789991
            ],
            [
              129.33232,
              35.789994
            ],
            [
              129.332421,
              35.79001
            ],
            [
              129.33257,
              35.789948
            ],
            [
              129.332618,
              35.789844
            ],
            [
              129.332597,
              35.789774
            ],
            [
              129.332176,
              35.789641
            ],
            [
              129.332287,
              35.789077
            ],
            [
              129.332291,
              35.789066
            ],
            [
              129.332301,
              35.789023
            ],
            [
              129.332399,
              35.78857
            ],
            [
              129.332466,
              35.788567
            ],
            [
              129.332582,
              35.788531
            ],
            [
              129.332697,
              35.788452
            ],
            [
              129.332798,
              35.788385
            ],
            [
              129.332874,
              35.788373
            ],
            [
              129.33293,
              35.788392
            ]
          ],
          [
            [
              129.33293,
              35.788392
            ],
            [
              129.332874,
              35.788373
            ],
            [
              129.332798,
              35.788385
            ],
            [
              129.332697,
              35.788452
            ],
            [
              129.332582,
              35.788531
            ],
            [
              129.332466,
              35.788567
            ],
            [
              129.332399,
              35.78857
            ],
            [
              129.332489,
              35.788152
            ],
            [
              129.332504,
              35.788037
            ],
            [
              129.332529,
              35.787848
            ],
            [
              129.332537,
              35.787786
            ],
            [
              129.332374,
              35.787496
            ],
            [
              129.332382,
              35.787316
            ],
            [
              129.332416,
              35.787214
            ],
            [
              129.332423,
              35.787193
            ],
            [
              129.332431,
              35.78717
            ],
            [
              129.332521,
              35.786896
            ],
            [
              129.332438,
              35.786844
            ],
            [
              129.332728,
              35.786352
            ],
            [
              129.333565,
              35.786789
            ],
            [
              129.333699,
              35.78681
            ],
            [
              129.333828,
              35.78681
            ],
            [
              129.333927,
              35.786781
            ],
            [
              129.333997,
              35.786727
            ],
            [
              129.334025,
              35.786648
            ],
            [
              129.333982,
              35.786538
            ],
            [
              129.333843,
              35.786368
            ],
            [
              129.333852,
              35.786194
            ],
            [
              129.333871,
              35.786033
            ],
            [
              129.333715,
              35.785715
            ],
            [
              129.333736,
              35.785634
            ],
            [
              129.333813,
              35.785545
            ],
            [
              129.333889,
              35.785525
            ],
            [
              129.333992,
              35.785529
            ]
          ]
        ]
      },
      "properties": {
        "id": "gyeongju-bulguksa",
        "region": "gyeongju",
        "themeId": "bulguksa",
        "title": "불국사 마을",
        "description": "시내에서 점심을 먹고 불국사 권역을 걸은 뒤 시내로 돌아와 저녁을 먹는 코스",
        "stops": [
          {
            "sequence": 2,
            "placeId": "j17",
            "name": "불국사",
            "category": "culture",
            "lat": 35.7899146617238,
            "lon": 129.331842609049,
            "routeSnapMeters": 9,
            "locationText": "경주시 불국로 385 · 사찰 영역 대표점",
            "scheduleText": "사찰 09:00~18:00, 입장 17:00까지라는 경주시 게시값. 계절·종교행사 변동 확인.",
            "priceInfo": {
              "label": "불국사 사찰 관람",
              "price": "무료",
              "checked": "2026-10-06",
              "source": "https://www.gyeongju.go.kr/tour_bak/page.do?mnu_uid=2533",
              "note": "경내 불국사박물관은 별도 유료: 성인 2,000원, 청소년·어린이 1,000원."
            },
            "mealRole": null
          },
          {
            "sequence": 3,
            "placeId": "j74",
            "name": "불국사박물관",
            "category": "culture",
            "lat": 35.7885625,
            "lon": 129.3331875,
            "routeSnapMeters": 30,
            "locationText": "경주시 진현동 15 · 불국사 경내 별도 전시관",
            "scheduleText": "09:00~18:00, 동절기 17:00까지. 월요일·1월1일·설·추석 휴관.",
            "priceInfo": {
              "label": "성인 입장",
              "price": "2,000원",
              "checked": "2026-10-06",
              "source": "https://www.gyeongju.go.kr/tour/page.do?area_uid=252&cmd=2&code_uid=1015&mnu_uid=4717",
              "note": "청소년·어린이 1,000원. 불국사 사찰 입장과 별도 전시 공간."
            },
            "mealRole": null
          },
          {
            "sequence": 4,
            "placeId": "j77",
            "name": "동리목월문학관",
            "category": "culture",
            "lat": 35.7850625,
            "lon": 129.3340625,
            "routeSnapMeters": 52,
            "locationText": "경주시 불국로 406-3",
            "scheduleText": "09:00~18:00, 겨울 17:00까지. 월·화요일, 1월1일·설·추석 휴관.",
            "priceInfo": {
              "label": "문학관 관람",
              "price": "무료",
              "checked": "2026-10-06",
              "source": "https://www.gyeongju.go.kr/tour/page.do?area_uid=85&cmd=2&code_uid=1015&mnu_uid=4717",
              "note": "Google 지도는 3.9/194건, 카카오맵은 5.0/4건으로 사용자 기준 중 카카오를 충족."
            },
            "mealRole": null
          }
        ],
        "stopCount": 5,
        "walkStopCount": 3,
        "placePoolCount": 7,
        "placePool": [
          {
            "sequence": null,
            "placeId": "j77",
            "name": "동리목월문학관",
            "category": "culture",
            "lat": 35.7850625,
            "lon": 129.3340625,
            "routeSnapMeters": null,
            "locationText": "경주시 불국로 406-3"
          },
          {
            "sequence": null,
            "placeId": "j17",
            "name": "불국사",
            "category": "culture",
            "lat": 35.7899146617238,
            "lon": 129.331842609049,
            "routeSnapMeters": null,
            "locationText": "경주시 불국로 385 · 사찰 영역 대표점"
          },
          {
            "sequence": null,
            "placeId": "j74",
            "name": "불국사박물관",
            "category": "culture",
            "lat": 35.7885625,
            "lon": 129.3331875,
            "routeSnapMeters": null,
            "locationText": "경주시 진현동 15 · 불국사 경내 별도 전시관"
          },
          {
            "sequence": null,
            "placeId": "j125",
            "name": "울산식당",
            "category": "food",
            "lat": 35.7848627,
            "lon": 129.3284937,
            "routeSnapMeters": null,
            "locationText": "경주시 불국신택지7길 6 라동 11호"
          },
          {
            "sequence": null,
            "placeId": "j124",
            "name": "전주시골밥상",
            "category": "food",
            "lat": 35.7851557,
            "lon": 129.3282501,
            "routeSnapMeters": null,
            "locationText": "경주시 불국신택지7길 10"
          },
          {
            "sequence": null,
            "placeId": "j174",
            "name": "로머스커피",
            "category": "cafe",
            "lat": 35.78504916908312,
            "lon": 129.32779580518095,
            "routeSnapMeters": null,
            "locationText": "경주시 불국신택지7길 11"
          },
          {
            "sequence": null,
            "placeId": "j119",
            "name": "경춘재",
            "category": "food",
            "lat": 35.7868958,
            "lon": 129.3267969,
            "routeSnapMeters": null,
            "locationText": "경주시 진현로2길 61-7"
          }
        ],
        "distanceMeters": 909,
        "walkingDistanceMeters": 909,
        "walkingMinutes": 12,
        "legMetrics": [
          {
            "from": "불국사",
            "to": "불국사박물관",
            "meters": 303,
            "minutes": 4
          },
          {
            "from": "불국사박물관",
            "to": "동리목월문학관",
            "meters": 607,
            "minutes": 8
          }
        ],
        "cafeCount": 0,
        "meals": [
          {
            "slot": "점심",
            "sequence": 1,
            "mapPin": true,
            "name": "경주원조콩국",
            "placeId": "j42",
            "lat": 35.8334528343,
            "lon": 129.2147315243,
            "locationText": "경주시 첨성로 113",
            "placement": "시내 점심 · 불국사행 버스를 타기 전",
            "menu": "따뜻한 콩국 1",
            "price": "8,000원",
            "hours": "월~토 09:00~19:45, 일요일 휴무. 브레이크 10:30~11:30; 오후 브레이크는 시 16:30~17:00와 관광 사이트 16:00~17:30이 충돌.",
            "source": "https://visitgyeongju.or.kr/kr/cuisine/view/535f40400605094c0949044347514a414d",
            "checkedAt": "2026-10-06"
          },
          {
            "slot": "저녁",
            "sequence": 5,
            "mapPin": true,
            "name": "복길",
            "placeId": "j114",
            "lat": 35.8331762,
            "lon": 129.209988,
            "locationText": "경주시 첨성로 71",
            "placement": "불국사 관람 후 시내로 돌아와 저녁",
            "menu": "전복솥밥",
            "price": "17,000원",
            "hours": "조회 주간 매일 10:30~21:00, 16:00~17:00 브레이크.",
            "source": "https://place.map.kakao.com/1055466429",
            "checkedAt": "2026-10-06"
          }
        ],
        "busLegs": [
          {
            "from": "경주 시내",
            "to": "불국사",
            "route": "10·11번 후보",
            "boardings": 1,
            "stopCandidate": "불국사 정류장",
            "sourceUrl": "https://www.gyeongju.go.kr/tour/page.do?mnu_uid=4748",
            "sourceTitle": "경주시 관광 시내버스 안내",
            "scheduleStatus": "방문일 배차·승차 정류장·귀환편 확인 필요"
          },
          {
            "from": "불국사",
            "to": "경주 시내",
            "route": "10·11번 후보",
            "boardings": 1,
            "stopCandidate": "불국사 정류장",
            "sourceUrl": "https://www.gyeongju.go.kr/tour/page.do?mnu_uid=4748",
            "sourceTitle": "경주시 관광 시내버스 안내",
            "scheduleStatus": "방문일 배차·승차 정류장·귀환편 확인 필요"
          }
        ],
        "busRides": 2,
        "originArea": "경주 시내 숙소권 · 불국사까지 버스",
        "checkedAt": "2026-10-07",
        "walkingProvider": "fossgis-osrm-foot",
        "walkingSource": "FOSSGIS OSRM foot · OpenStreetMap · 2026-10-07",
        "walkingRouteUrl": "https://www.openstreetmap.org/directions?engine=fossgis_osrm_foot&route=35.7899146617238,129.331842609049;35.7885625,129.3331875;35.7850625,129.3340625",
        "profile": "foot",
        "sourceUrl": "https://www.openstreetmap.org/directions?engine=fossgis_osrm_foot&route=35.7899146617238,129.331842609049;35.7885625,129.3331875;35.7850625,129.3340625",
        "maxPlaceSnapMeters": 52,
        "accessNotes": [],
        "unverifiedAccess": [],
        "returnTransitChecked": false,
        "hoursAreDaySpecific": false,
        "startTime": "11:00",
        "breakfastRule": "11:00 출발 기준. 09:00 이전 출발이면 시내에서 아침 식사 후 합류.",
        "note": "시내에서 점심을 먹고 10·11번 버스 후보로 불국사에 올라갑니다. 불국사·박물관·동리목월문학관은 권역 내 도보 방문 후 버스로 시내에 내려와 저녁을 먹습니다. 식사 장소까지의 시내 도보와 실제 버스 시각·정류장·귀환편은 미확인입니다. 석굴암은 이번 코스에 포함하지 않았습니다. 보행망 거리 약 0.91km · 걷기 약 12분(방문·식사·대기 제외).",
        "routeRule": "관광·시장·책방 등 비식사 장소의 진행 방향을 먼저 정한 뒤, 그 보행선에서 크게 벗어나지 않는 식당·카페를 삽입. 카페 최대 2곳.",
        "routeFlowNote": "시내 점심 → 버스로 불국사 이동 → 불국사·박물관·문학관 도보 → 버스로 시내 복귀 → 시내 저녁. 식사와 버스는 보행선·GPX에서 분리했습니다.",
        "optionalVisitNotes": [
          "표시된 0.91km·12분은 세 대표 좌표 사이의 보행망 이동만 계산합니다. 불국사 경내 관람 동선과 실제 출입구·정류장까지 걷는 거리는 포함되지 않았습니다."
        ],
        "busRidesNote": "버스는 시내↔불국사 왕복 후보 2회. 버스 경로는 도보 선에 포함하지 않으며 날짜별 운행은 미확인.",
        "mapData": "© OpenStreetMap contributors"
      }
    }
  ]
}
